name,email,role,status,written_test,technical_assessment,pm_assessment,hr_evaluation
Robin_Gray,robin.gray@example.com,ML Engineer,Pending,10,17,19,0
Christian_Sanchez,christian.sanchez@example.com,Product Manager,Pending,25,12,11,2
Stephanie_Powell,stephanie.powell@example.com,Data Analyst,Failed,0,6,15,5
John_Lucas,john.lucas@example.com,ML Engineer,Pending,9,16,18,11
Timothy_Alvarez,timothy.alvarez@example.com,ML Engineer,Failed,2,19,9,3
Christopher_Benjamin,christopher.benjamin@example.com,ML Engineer,Pending,2,19,24,11
Raymond_Moore,raymond.moore@example.com,Backend Developer,Passed,25,21,0,23
Eric_Wu,eric.wu@example.com,Data Analyst,Failed,13,4,1,2
Brandon_Robinson,brandon.robinson@example.com,Product Manager,Failed,2,18,0,9
Melanie_Jones,melanie.jones@example.com,Product Manager,Pending,6,18,3,21
Kirk_Drake,kirk.drake@example.com,Data Analyst,Passed,11,22,17,20
Jody_Sanchez,jody.sanchez@example.com,ML Engineer,Pending,4,23,11,6
Cheryl_Gonzalez,cheryl.gonzalez@example.com,ML Engineer,Passed,24,15,19,16
Kent_Douglas,kent.douglas@example.com,Product Manager,Failed,0,5,8,24
Karen_Ford,karen.ford@example.com,Product Manager,Passed,25,16,22,8
Michael_Thompson,michael.thompson@example.com,ML Engineer,Pending,14,15,10,10
Samantha_Johnson,samantha.johnson@example.com,Product Manager,Pending,0,1,24,23
Regina_Ray,regina.ray@example.com,Backend Developer,Pending,18,15,21,5
Betty_Allen,betty.allen@example.com,ML Engineer,Passed,14,24,25,6
John_Parker,john.parker@example.com,ML Engineer,Pending,13,5,24,10
Heather_Smith,heather.smith@example.com,Backend Developer,Passed,22,22,12,12
Jared_Ferrell,jared.ferrell@example.com,Data Analyst,Passed,18,1,20,24
Vincent_Sanchez,vincent.sanchez@example.com,Product Manager,Pending,17,17,18,0
Kevin_Williams,kevin.williams@example.com,ML Engineer,Passed,22,20,25,19
Jonathan_Taylor,jonathan.taylor@example.com,ML Engineer,Pending,13,16,24,5
Billy_Lewis,billy.lewis@example.com,ML Engineer,Pending,2,15,16,23
Joshua_Burnett,joshua.burnett@example.com,Backend Developer,Passed,16,25,9,12
James_Carter,james.carter@example.com,Product Manager,Failed,12,5,0,11
John_Miller,john.miller@example.com,Data Analyst,Pending,2,23,19,5
Brian_Molina,brian.molina@example.com,Backend Developer,Passed,24,20,19,2
Matthew_Davis,matthew.davis@example.com,Data Analyst,Pending,19,12,6,19
Amanda_Gates,amanda.gates@example.com,Product Manager,Failed,8,5,0,6
Diane_Ortiz,diane.ortiz@example.com,Backend Developer,Passed,16,25,15,4
Katherine_Bernard,katherine.bernard@example.com,Data Analyst,Pending,12,12,23,6
Bryce_West,bryce.west@example.com,ML Engineer,Passed,25,23,12,17
Dana_Graham,dana.graham@example.com,Product Manager,Pending,20,9,5,17
Barry_Phillips,barry.phillips@example.com,Product Manager,Pending,14,22,6,10
Robert_Copeland,robert.copeland@example.com,Backend Developer,Pending,5,1,24,17
Lindsey_Bowen,lindsey.bowen@example.com,Data Analyst,Failed,3,6,18,10
Abigail_Jones,abigail.jones@example.com,ML Engineer,Pending,6,6,3,25
Sue_Ortiz,sue.ortiz@example.com,ML Engineer,Pending,5,17,24,7
Patrick_Ryan,patrick.ryan@example.com,Backend Developer,Pending,7,22,12,4
Tyler_Smith,tyler.smith@example.com,Product Manager,Failed,24,0,0,12
Kevin_Jones,kevin.jones@example.com,ML Engineer,Failed,9,14,4,8
Craig_Hall,craig.hall@example.com,ML Engineer,Pending,5,25,13,14
Christina_Velez,christina.velez@example.com,Data Analyst,Pending,6,23,2,21
Brittany_King,brittany.king@example.com,ML Engineer,Failed,13,14,7,3
Russell_Davis,russell.davis@example.com,Backend Developer,Pending,3,5,11,21
Christopher_Glover,christopher.glover@example.com,ML Engineer,Passed,15,22,18,17
Benjamin_Conner,benjamin.conner@example.com,Product Manager,Pending,3,19,20,6
Alexander_Wilson,alexander.wilson@example.com,Data Analyst,Passed,5,15,16,25
Christopher_Pena,christopher.pena@example.com,Backend Developer,Pending,13,21,11,14
Billy_Rodriguez,billy.rodriguez@example.com,ML Engineer,Passed,25,11,10,23
Patrick_Anderson,patrick.anderson@example.com,ML Engineer,Pending,13,18,6,17
Angie_Clark,angie.clark@example.com,Product Manager,Pending,12,11,22,10
Chase_Oneill,chase.oneill@example.com,ML Engineer,Pending,0,25,16,18
Gregory_Murray,gregory.murray@example.com,ML Engineer,Passed,24,22,20,15
Sean_Petersen,sean.petersen@example.com,Product Manager,Passed,23,24,18,20
Michael_Cole,michael.cole@example.com,Product Manager,Failed,25,2,8,1
Nina_Cline,nina.cline@example.com,Data Analyst,Failed,0,12,12,10
Anne_Leonard,anne.leonard@example.com,Backend Developer,Pending,1,23,8,15
Jody_Perkins,jody.perkins@example.com,Product Manager,Failed,8,7,9,9
Brittany_Rowland,brittany.rowland@example.com,ML Engineer,Pending,12,2,24,15
Sara_Maxwell,sara.maxwell@example.com,ML Engineer,Passed,10,12,24,22
Anthony_Mercado,anthony.mercado@example.com,Backend Developer,Passed,15,21,23,4
Bethany_Peterson,bethany.peterson@example.com,ML Engineer,Passed,25,22,23,4
Kelly_Smith,kelly.smith@example.com,Backend Developer,Failed,1,8,4,23
Daniel_Edwards,daniel.edwards@example.com,Product Manager,Pending,14,13,1,16
Caitlyn_Bowers,caitlyn.bowers@example.com,ML Engineer,Failed,15,13,1,6
Darius_Murphy,darius.murphy@example.com,Data Analyst,Pending,2,18,24,5
Emily_Eaton,emily.eaton@example.com,Product Manager,Failed,0,16,4,9
Randy_Leach,randy.leach@example.com,Data Analyst,Passed,10,16,23,24
Diane_Garza,diane.garza@example.com,Product Manager,Pending,20,12,16,7
Christian_Stafford,christian.stafford@example.com,Data Analyst,Passed,14,21,22,3
Francisco_Crosby,francisco.crosby@example.com,Backend Developer,Pending,2,9,4,25
Jonathan_Maxwell,jonathan.maxwell@example.com,Data Analyst,Failed,11,9,1,7
Kayla_Fisher,kayla.fisher@example.com,Backend Developer,Pending,5,16,21,8
Christina_Whitaker,christina.whitaker@example.com,Backend Developer,Pending,2,20,5,19
Eric_Garcia,eric.garcia@example.com,Product Manager,Passed,24,13,19,12
Taylor_Thompson,taylor.thompson@example.com,Data Analyst,Failed,0,24,0,13
Katherine_Henderson,katherine.henderson@example.com,Data Analyst,Passed,18,20,16,15
Tasha_Todd,tasha.todd@example.com,Product Manager,Pending,6,22,22,0
Chelsea_Jackson,chelsea.jackson@example.com,ML Engineer,Failed,8,6,4,16
Robin_Mason,robin.mason@example.com,ML Engineer,Pending,17,4,11,23
Russell_Howard,russell.howard@example.com,ML Engineer,Failed,19,4,0,13
David_Kemp,david.kemp@example.com,Backend Developer,Passed,24,23,10,19
Scott_Esparza,scott.esparza@example.com,Backend Developer,Pending,0,18,11,20
Jennifer_Miller,jennifer.miller@example.com,Backend Developer,Pending,9,3,25,22
Joseph_Little,joseph.little@example.com,ML Engineer,Pending,19,24,6,7
Justin_Arroyo,justin.arroyo@example.com,Data Analyst,Passed,25,1,23,21
Matthew_Sherman,matthew.sherman@example.com,Backend Developer,Failed,2,5,6,10
Melissa_Clark,melissa.clark@example.com,Product Manager,Passed,17,21,15,8
Emily_Garza,emily.garza@example.com,ML Engineer,Failed,9,6,9,15
Dennis_Montgomery,dennis.montgomery@example.com,Product Manager,Failed,0,12,6,7
Pamela_Mckinney,pamela.mckinney@example.com,ML Engineer,Pending,19,8,20,10
Steven_Gaines,steven.gaines@example.com,ML Engineer,Pending,17,13,3,9
Karen_Russo,karen.russo@example.com,Product Manager,Passed,9,16,22,21
Christine_Hill,christine.hill@example.com,Product Manager,Passed,16,24,7,25
Erin_Stewart,erin.stewart@example.com,ML Engineer,Pending,6,24,23,0
Cynthia_Brown,cynthia.brown@example.com,ML Engineer,Passed,16,23,24,22
Michele_Mcdaniel,michele.mcdaniel@example.com,ML Engineer,Pending,13,11,21,9
Michelle_Chavez,michelle.chavez@example.com,ML Engineer,Passed,20,20,12,15
Ian_Conner,ian.conner@example.com,Product Manager,Failed,5,14,6,14
William_Duran,william.duran@example.com,Data Analyst,Pending,9,6,23,5
Dylan_Davidson,dylan.davidson@example.com,Data Analyst,Failed,3,12,11,13
Brian_Hines,brian.hines@example.com,Backend Developer,Passed,22,15,16,21
Julie_Adams,julie.adams@example.com,ML Engineer,Passed,16,17,22,25
Patrick_Johnson,patrick.johnson@example.com,Backend Developer,Pending,19,10,2,20
Joel_Clayton,joel.clayton@example.com,Backend Developer,Failed,11,3,11,6
Amy_Richardson,amy.richardson@example.com,Data Analyst,Pending,20,13,16,3
Joseph_Mendoza,joseph.mendoza@example.com,ML Engineer,Pending,5,25,9,17
Candace_Reyes,candace.reyes@example.com,Product Manager,Failed,9,18,3,3
Rebecca_Weeks,rebecca.weeks@example.com,Data Analyst,Failed,7,5,0,24
Bryce_Sanchez,bryce.sanchez@example.com,Backend Developer,Failed,12,7,2,15
George_Mccarthy,george.mccarthy@example.com,Backend Developer,Pending,7,12,14,13
John_Burnett,john.burnett@example.com,ML Engineer,Passed,11,17,22,20
Leslie_Reynolds,leslie.reynolds@example.com,Backend Developer,Failed,4,6,13,1
Edward_Smith,edward.smith@example.com,Product Manager,Failed,9,5,3,7
Kim_Estrada,kim.estrada@example.com,Data Analyst,Pending,16,8,16,4
Thomas_Lucas,thomas.lucas@example.com,Product Manager,Pending,18,4,2,19
Tara_Howard,tara.howard@example.com,Product Manager,Passed,12,21,24,5
Margaret_Schultz,margaret.schultz@example.com,Data Analyst,Failed,14,0,19,3
Gary_Butler,gary.butler@example.com,ML Engineer,Pending,14,6,15,10
Kara_Robinson,kara.robinson@example.com,ML Engineer,Passed,23,4,25,24
Amy_Kim,amy.kim@example.com,ML Engineer,Pending,17,14,1,19
Kimberly_Harrison,kimberly.harrison@example.com,Backend Developer,Pending,18,8,8,9
Ashley_Conway,ashley.conway@example.com,Product Manager,Pending,19,16,3,21
Jeffrey_Gonzales,jeffrey.gonzales@example.com,ML Engineer,Pending,12,9,14,10
Steven_Jones,steven.jones@example.com,Data Analyst,Passed,18,16,17,22
Tony_Bullock,tony.bullock@example.com,Data Analyst,Failed,0,2,21,6
Dana_Cooke,dana.cooke@example.com,ML Engineer,Passed,18,16,3,23
Kristen_Mcgee,kristen.mcgee@example.com,Product Manager,Passed,4,25,25,21
Jennifer_Moreno,jennifer.moreno@example.com,Data Analyst,Pending,13,11,0,22
Monique_Hall,monique.hall@example.com,ML Engineer,Pending,15,9,5,20
Dean_Baker,dean.baker@example.com,Data Analyst,Pending,13,18,9,17
Connie_Pittman,connie.pittman@example.com,Data Analyst,Pending,21,2,9,14
Samantha_Peterson,samantha.peterson@example.com,Product Manager,Failed,7,8,0,4
Beth_Whitney,beth.whitney@example.com,Backend Developer,Pending,6,24,9,1
Brian_Oliver,brian.oliver@example.com,Product Manager,Failed,9,15,8,7
Mary_Diaz,mary.diaz@example.com,ML Engineer,Passed,17,1,21,21
Michael_Watts,michael.watts@example.com,Backend Developer,Pending,19,3,20,16
Kimberly_Herrera,kimberly.herrera@example.com,Data Analyst,Pending,22,17,14,0
Kevin_Garcia,kevin.garcia@example.com,Product Manager,Pending,8,16,5,23
Kara_Brock,kara.brock@example.com,ML Engineer,Pending,13,10,22,2
Stephen_Benjamin,stephen.benjamin@example.com,Product Manager,Pending,13,11,7,22
Dean_Silva,dean.silva@example.com,ML Engineer,Passed,14,24,22,2
Janice_Walsh,janice.walsh@example.com,Backend Developer,Pending,23,6,16,8
Melissa_Hernandez,melissa.hernandez@example.com,Product Manager,Pending,17,16,16,10
Robert_Sanchez,robert.sanchez@example.com,Product Manager,Pending,23,3,2,18
Adam_Perez,adam.perez@example.com,ML Engineer,Failed,6,11,3,17
Aaron_Cain,aaron.cain@example.com,Data Analyst,Failed,8,13,14,3
Kristen_Stevens,kristen.stevens@example.com,Backend Developer,Pending,8,15,7,18
Jerry_Hendricks,jerry.hendricks@example.com,ML Engineer,Pending,14,6,3,22
Daniel_Anderson,daniel.anderson@example.com,Backend Developer,Passed,22,18,9,14
Jose_Poole,jose.poole@example.com,ML Engineer,Pending,24,7,1,23
Joann_Smith,joann.smith@example.com,Backend Developer,Pending,5,22,24,0
Mitchell_Kim,mitchell.kim@example.com,Backend Developer,Failed,2,19,8,1
Micheal_Carter,micheal.carter@example.com,Backend Developer,Passed,7,14,24,24
Charles_Moore,charles.moore@example.com,ML Engineer,Pending,15,19,18,5
David_Williams,david.williams@example.com,Backend Developer,Failed,10,6,11,8
Ronald_Villarreal,ronald.villarreal@example.com,Data Analyst,Failed,7,9,10,5
Candace_Kennedy,candace.kennedy@example.com,Product Manager,Pending,3,11,20,13
Michael_Michael,michael.michael@example.com,Product Manager,Passed,25,24,19,13
Sandra_Diaz,sandra.diaz@example.com,ML Engineer,Pending,20,12,3,22
David_Wilson,david.wilson@example.com,Product Manager,Passed,22,17,21,11
Michael_Waller,michael.waller@example.com,Product Manager,Passed,20,13,10,25
Susan_Bender,susan.bender@example.com,Product Manager,Failed,6,8,1,9
David_Scott,david.scott@example.com,Product Manager,Failed,7,3,2,20
Margaret_Williams,margaret.williams@example.com,Data Analyst,Pending,4,13,14,11
Nicole_Lopez,nicole.lopez@example.com,Data Analyst,Pending,7,0,15,24
Dana_Brown,dana.brown@example.com,Data Analyst,Failed,21,9,0,6
Joann_Faulkner,joann.faulkner@example.com,Backend Developer,Passed,21,16,24,14
Daniel_Hicks,daniel.hicks@example.com,Data Analyst,Passed,23,13,14,24
Kevin_Stewart,kevin.stewart@example.com,Backend Developer,Failed,0,0,6,25
Stephen_Krause,stephen.krause@example.com,Backend Developer,Passed,21,25,23,11
Oscar_Pennington,oscar.pennington@example.com,Backend Developer,Passed,25,19,10,22
Evan_Coleman,evan.coleman@example.com,ML Engineer,Passed,16,24,16,9
Christopher_Carter,christopher.carter@example.com,Data Analyst,Failed,1,14,1,13
Erica_Frank,erica.frank@example.com,Data Analyst,Pending,5,10,1,25
Connie_Jones,connie.jones@example.com,Data Analyst,Failed,1,3,19,16
Katherine_Mcdonald,katherine.mcdonald@example.com,Product Manager,Pending,5,7,16,14
Bianca_Carter,bianca.carter@example.com,Backend Developer,Failed,17,19,2,0
Jason_Ramirez,jason.ramirez@example.com,Product Manager,Passed,23,16,10,21
Shelby_Wilkinson,shelby.wilkinson@example.com,Backend Developer,Failed,3,5,2,18
Javier_Collins,javier.collins@example.com,ML Engineer,Passed,16,8,22,16
Angela_Sanchez,angela.sanchez@example.com,Product Manager,Pending,2,19,0,19
Mark_Forbes,mark.forbes@example.com,Product Manager,Pending,4,24,11,3
Jacob_Juarez,jacob.juarez@example.com,Backend Developer,Passed,19,25,25,24
Derek_Hunt,derek.hunt@example.com,Data Analyst,Pending,16,16,14,3
Nathan_Garcia,nathan.garcia@example.com,Backend Developer,Pending,12,11,18,1
Maria_Gibbs,maria.gibbs@example.com,Backend Developer,Pending,11,15,20,10
Kenneth_Rose,kenneth.rose@example.com,Product Manager,Failed,4,7,1,16
Destiny_Garner,destiny.garner@example.com,ML Engineer,Pending,16,10,13,4
Larry_Kelly,larry.kelly@example.com,Product Manager,Pending,14,16,10,1
Seth_Lindsey,seth.lindsey@example.com,Data Analyst,Pending,18,23,4,10
Diana_Levy,diana.levy@example.com,ML Engineer,Pending,23,15,14,3
Kristen_Richardson,kristen.richardson@example.com,Backend Developer,Failed,1,18,14,5
Jonathan_Adams,jonathan.adams@example.com,Backend Developer,Passed,22,21,25,18
Steve_Gallegos,steve.gallegos@example.com,Data Analyst,Pending,3,13,18,23
Courtney_Robertson,courtney.robertson@example.com,ML Engineer,Failed,22,3,6,8
Alyssa_Gonzales,alyssa.gonzales@example.com,Product Manager,Pending,24,0,20,11
Mark_Pitts,mark.pitts@example.com,Backend Developer,Pending,4,12,24,9
Brian_Dominguez,brian.dominguez@example.com,Backend Developer,Failed,2,2,20,1
Justin_Booker,justin.booker@example.com,Data Analyst,Pending,10,19,16,2
Hannah_Thompson,hannah.thompson@example.com,Data Analyst,Pending,9,19,11,7
Yolanda_Evans,yolanda.evans@example.com,ML Engineer,Pending,8,25,11,6
Steven_Green,steven.green@example.com,ML Engineer,Pending,19,14,17,6
Bethany_Reyes,bethany.reyes@example.com,Product Manager,Pending,23,0,11,22
Michele_Blanchard,michele.blanchard@example.com,ML Engineer,Failed,1,10,7,17
Daniel_King,daniel.king@example.com,ML Engineer,Failed,2,3,12,10
Amy_Cook,amy.cook@example.com,Data Analyst,Failed,3,11,19,3
Matthew_Love,matthew.love@example.com,Product Manager,Pending,0,7,24,22
Amber_Nash,amber.nash@example.com,Product Manager,Failed,23,9,4,3
Jesse_Burns,jesse.burns@example.com,Backend Developer,Failed,20,8,4,7
Brian_Valenzuela,brian.valenzuela@example.com,Product Manager,Pending,17,2,13,21
Sarah_May,sarah.may@example.com,Backend Developer,Passed,18,14,22,22
Tracy_Atkins,tracy.atkins@example.com,Backend Developer,Passed,9,23,9,25
Jean_Hansen,jean.hansen@example.com,Data Analyst,Passed,11,15,21,24
Dawn_Wilson,dawn.wilson@example.com,Backend Developer,Pending,1,12,18,17
Sandy_Lucas,sandy.lucas@example.com,ML Engineer,Pending,2,1,22,25
Charles_Smith,charles.smith@example.com,Product Manager,Passed,14,9,21,24
David_Strickland,david.strickland@example.com,ML Engineer,Passed,22,13,24,5
Wendy_Durham,wendy.durham@example.com,ML Engineer,Pending,10,2,21,17
Michelle_Dillon,michelle.dillon@example.com,Backend Developer,Failed,17,13,5,3
Heidi_Keller,heidi.keller@example.com,Product Manager,Pending,11,11,11,13
Chad_Zhang,chad.zhang@example.com,Backend Developer,Passed,19,12,20,19
Brandon_Jenkins,brandon.jenkins@example.com,Data Analyst,Pending,5,23,13,15
Melissa_Wiley,melissa.wiley@example.com,Data Analyst,Pending,12,16,9,4
Jay_Fuller,jay.fuller@example.com,Data Analyst,Pending,6,25,4,22
Joseph_Hess,joseph.hess@example.com,Product Manager,Pending,5,15,23,14
Ann_Williamson,ann.williamson@example.com,Backend Developer,Failed,6,1,15,0
Christy_Downs,christy.downs@example.com,Backend Developer,Passed,1,19,21,22
Andrew_Frey,andrew.frey@example.com,Product Manager,Pending,2,17,25,10
Sarah_Bright,sarah.bright@example.com,Data Analyst,Passed,6,16,20,24
Brandon_Mason,brandon.mason@example.com,Data Analyst,Passed,19,13,6,25
Carl_Benson,carl.benson@example.com,Backend Developer,Pending,3,4,21,13
Eric_Hobbs,eric.hobbs@example.com,Data Analyst,Failed,6,11,4,5
Raymond_Baker,raymond.baker@example.com,Data Analyst,Passed,23,18,15,18
Margaret_Greene,margaret.greene@example.com,Product Manager,Pending,14,0,21,12
Brian_Nelson,brian.nelson@example.com,Product Manager,Pending,11,19,1,12
Matthew_Zuniga,matthew.zuniga@example.com,Data Analyst,Pending,7,0,14,23
Haley_Foster,haley.foster@example.com,Backend Developer,Passed,10,18,16,18
Emily_Castillo,emily.castillo@example.com,Data Analyst,Pending,0,6,23,19
Madison_Brooks,madison.brooks@example.com,Product Manager,Failed,12,0,10,15
Ryan_Patel,ryan.patel@example.com,Data Analyst,Pending,4,9,23,15
Dawn_Foley,dawn.foley@example.com,ML Engineer,Pending,6,20,21,5
Elizabeth_Conrad,elizabeth.conrad@example.com,Data Analyst,Pending,0,20,10,20
Debra_Clark,debra.clark@example.com,ML Engineer,Pending,20,12,23,2
William_Singh,william.singh@example.com,Data Analyst,Pending,13,10,4,15
Anthony_Barber,anthony.barber@example.com,Product Manager,Pending,3,15,22,16
James_Ward,james.ward@example.com,Backend Developer,Pending,5,22,9,21
Michael_Booth,michael.booth@example.com,Data Analyst,Pending,16,20,2,17
George_Taylor,george.taylor@example.com,Product Manager,Pending,1,22,16,7
Kara_Armstrong,kara.armstrong@example.com,ML Engineer,Pending,18,7,9,25
Rebecca_Nguyen,rebecca.nguyen@example.com,Backend Developer,Passed,16,24,22,9
Robert_Murphy,robert.murphy@example.com,ML Engineer,Pending,10,21,21,4
Michael_Gilbert,michael.gilbert@example.com,Backend Developer,Failed,3,18,5,5
Joseph_Schneider,joseph.schneider@example.com,Product Manager,Pending,11,2,23,6
Elizabeth_Strickland,elizabeth.strickland@example.com,Product Manager,Pending,0,15,16,13
Eric_Diaz,eric.diaz@example.com,Product Manager,Pending,9,23,2,19
Jeffery_Shelton,jeffery.shelton@example.com,Data Analyst,Pending,1,18,11,25
Sierra_Caldwell,sierra.caldwell@example.com,ML Engineer,Failed,17,1,8,5
Melissa_Vargas,melissa.vargas@example.com,Data Analyst,Failed,13,11,6,4
Denise_Fleming,denise.fleming@example.com,Data Analyst,Failed,6,12,6,0
Anne_Mcfarland,anne.mcfarland@example.com,Product Manager,Pending,14,6,12,25
Charles_Gallagher,charles.gallagher@example.com,ML Engineer,Pending,23,19,4,10
Nicole_Baker,nicole.baker@example.com,Product Manager,Pending,17,15,14,13
Michael_George,michael.george@example.com,Product Manager,Failed,8,1,2,4
Kristin_Lynn,kristin.lynn@example.com,ML Engineer,Failed,4,0,20,13
Melissa_Gutierrez,melissa.gutierrez@example.com,Data Analyst,Failed,24,7,2,6
Miranda_Parker,miranda.parker@example.com,Data Analyst,Pending,10,16,19,13
Johnathan_Love,johnathan.love@example.com,Data Analyst,Passed,20,24,10,19
William_Soto,william.soto@example.com,ML Engineer,Pending,3,2,11,25
Michael_Erickson,michael.erickson@example.com,ML Engineer,Pending,15,18,14,5
Jonathan_Sandoval,jonathan.sandoval@example.com,Data Analyst,Pending,15,13,5,17
Joseph_Lara,joseph.lara@example.com,Data Analyst,Failed,12,0,8,4
Jennifer_Chapman,jennifer.chapman@example.com,Data Analyst,Passed,25,20,10,21
Aaron_Harmon,aaron.harmon@example.com,Backend Developer,Failed,9,12,10,1
Steven_Wilson,steven.wilson@example.com,Product Manager,Failed,2,15,1,3
Larry_Johnson,larry.johnson@example.com,Backend Developer,Passed,13,20,7,24
Alisha_Roberts,alisha.roberts@example.com,Data Analyst,Pending,2,18,19,10
Caleb_Armstrong,caleb.armstrong@example.com,Backend Developer,Passed,23,11,13,25
Alexis_Davis,alexis.davis@example.com,Backend Developer,Passed,22,13,22,7
Karen_Jones,karen.jones@example.com,Backend Developer,Failed,9,7,3,7
David_Perkins,david.perkins@example.com,Backend Developer,Pending,13,13,19,7
Mary_Gibson,mary.gibson@example.com,ML Engineer,Passed,16,21,7,25
Rachel_Davis,rachel.davis@example.com,Data Analyst,Pending,23,13,7,12
Alyssa_Osborn,alyssa.osborn@example.com,Backend Developer,Pending,23,1,15,11
Dana_Lamb,dana.lamb@example.com,ML Engineer,Pending,14,4,19,4
Jeffrey_Golden,jeffrey.golden@example.com,Backend Developer,Passed,20,24,5,21
Rebecca_Jones,rebecca.jones@example.com,Product Manager,Failed,6,12,4,0
Jennifer_Barker,jennifer.barker@example.com,ML Engineer,Passed,16,24,21,19
Justin_Moody,justin.moody@example.com,Backend Developer,Passed,20,24,6,24
William_Madden,william.madden@example.com,Data Analyst,Failed,14,3,6,9
Adrian_Fischer,adrian.fischer@example.com,Backend Developer,Pending,24,13,6,14
Edward_Bishop,edward.bishop@example.com,Backend Developer,Passed,18,23,24,17
Jerry_Collins,jerry.collins@example.com,Product Manager,Pending,1,24,17,6
Christina_Cobb,christina.cobb@example.com,Backend Developer,Passed,9,23,19,10
Leah_Anderson,leah.anderson@example.com,Data Analyst,Failed,4,3,1,1
Brenda_Briggs,brenda.briggs@example.com,ML Engineer,Pending,12,7,16,10
Toni_Ward,toni.ward@example.com,ML Engineer,Pending,0,8,25,24
Brandi_Beck,brandi.beck@example.com,Backend Developer,Failed,3,22,6,3
Melanie_Gutierrez,melanie.gutierrez@example.com,Product Manager,Failed,4,5,1,16
Oscar_Cox,oscar.cox@example.com,ML Engineer,Failed,8,1,24,1
Michael_Collins,michael.collins@example.com,Product Manager,Pending,7,23,5,12
Joanne_Woodard,joanne.woodard@example.com,Data Analyst,Failed,4,22,5,7
Christine_Boyer,christine.boyer@example.com,Data Analyst,Passed,8,15,15,22
Ethan_Harrell,ethan.harrell@example.com,Data Analyst,Pending,14,13,23,2
Thomas_Fox,thomas.fox@example.com,ML Engineer,Pending,2,4,17,17
Shelly_Sanchez,shelly.sanchez@example.com,Data Analyst,Pending,20,1,7,17
Thomas_Williams,thomas.williams@example.com,Data Analyst,Pending,7,24,1,8
Michael_Mcdonald,michael.mcdonald@example.com,ML Engineer,Passed,20,22,25,13
Cynthia_Mercado,cynthia.mercado@example.com,Data Analyst,Pending,6,14,16,8
Natalie_Kim,natalie.kim@example.com,Data Analyst,Pending,6,20,13,20
Joyce_Bruce,joyce.bruce@example.com,Backend Developer,Failed,2,22,2,9
Dawn_Morgan,dawn.morgan@example.com,ML Engineer,Failed,7,1,7,11
Joseph_Green,joseph.green@example.com,Data Analyst,Failed,1,6,15,8
Andrew_Morales,andrew.morales@example.com,ML Engineer,Passed,24,6,19,17
Sarah_Cowan,sarah.cowan@example.com,Data Analyst,Failed,23,1,3,5
Brenda_Roberts,brenda.roberts@example.com,Product Manager,Pending,14,23,19,3
Thomas_Davis,thomas.davis@example.com,Data Analyst,Passed,17,18,9,17
Warren_Willis,warren.willis@example.com,ML Engineer,Passed,16,9,25,22
Denise_Barrera,denise.barrera@example.com,Backend Developer,Pending,7,20,6,10
Vincent_Park,vincent.park@example.com,Backend Developer,Pending,1,19,24,5
Chase_Jimenez,chase.jimenez@example.com,ML Engineer,Pending,7,8,19,20
Regina_Parrish,regina.parrish@example.com,ML Engineer,Failed,4,2,11,18
Monica_Hudson,monica.hudson@example.com,ML Engineer,Failed,3,4,9,5
Tanner_Roth,tanner.roth@example.com,Product Manager,Passed,25,21,22,25
Mitchell_Coleman,mitchell.coleman@example.com,Data Analyst,Failed,4,9,12,5
Richard_Barrera,richard.barrera@example.com,Product Manager,Passed,16,25,21,23
Nancy_Robles,nancy.robles@example.com,Data Analyst,Passed,13,12,12,25
Nathaniel_Parker,nathaniel.parker@example.com,ML Engineer,Pending,14,0,19,14
Gina_Norton,gina.norton@example.com,Data Analyst,Failed,4,11,2,7
Cassandra_Patel,cassandra.patel@example.com,Data Analyst,Pending,13,11,14,19
Joel_Hernandez,joel.hernandez@example.com,Product Manager,Pending,15,21,10,9
Diana_Martinez,diana.martinez@example.com,Product Manager,Pending,11,11,24,2
Marc_Zuniga,marc.zuniga@example.com,ML Engineer,Failed,3,2,8,17
Amber_Beck,amber.beck@example.com,Data Analyst,Failed,6,0,6,20
Renee_Vazquez,renee.vazquez@example.com,ML Engineer,Pending,10,20,6,22
Samantha_Gonzales,samantha.gonzales@example.com,ML Engineer,Pending,13,20,6,12
Lacey_Lang,lacey.lang@example.com,Data Analyst,Failed,18,3,13,1
James_Johnston,james.johnston@example.com,ML Engineer,Passed,16,21,8,25
Jacob_Mullins,jacob.mullins@example.com,Data Analyst,Pending,7,3,14,16
Philip_Walker,philip.walker@example.com,Backend Developer,Failed,2,10,21,4
Martha_Young,martha.young@example.com,Data Analyst,Pending,8,6,21,5
Jason_Newton,jason.newton@example.com,Data Analyst,Failed,17,1,3,1
Kristin_Mendoza,kristin.mendoza@example.com,Product Manager,Pending,22,7,8,19
Nancy_Ingram,nancy.ingram@example.com,Product Manager,Passed,21,21,17,23
Timothy_Moses,timothy.moses@example.com,ML Engineer,Pending,22,8,9,10
Kayla_Travis,kayla.travis@example.com,Data Analyst,Failed,5,23,2,5
Anne_Martin,anne.martin@example.com,Data Analyst,Passed,7,24,14,20
Lee_White,lee.white@example.com,ML Engineer,Pending,12,17,18,4
Laura_Holt,laura.holt@example.com,Backend Developer,Failed,4,21,2,12
Taylor_Rivas,taylor.rivas@example.com,ML Engineer,Passed,2,23,17,19
Monique_Evans,monique.evans@example.com,Product Manager,Failed,4,0,9,6
Robert_Short,robert.short@example.com,Backend Developer,Pending,1,6,21,17
Jasmin_Dunn,jasmin.dunn@example.com,Data Analyst,Pending,12,15,24,1
Anthony_Rubio,anthony.rubio@example.com,ML Engineer,Failed,4,0,1,9
Cassandra_Lee,cassandra.lee@example.com,Product Manager,Pending,7,14,19,3
Dominique_Lopez,dominique.lopez@example.com,Data Analyst,Pending,12,22,0,8
Sheila_Cervantes,sheila.cervantes@example.com,ML Engineer,Passed,24,14,25,24
Steven_Nichols,steven.nichols@example.com,ML Engineer,Passed,16,18,23,6
Patricia_Massey,patricia.massey@example.com,Data Analyst,Pending,24,13,7,5
Tamara_Stevenson,tamara.stevenson@example.com,Backend Developer,Passed,5,25,20,20
Christina_Knapp,christina.knapp@example.com,Backend Developer,Pending,5,18,9,9
Eric_Perez,eric.perez@example.com,Data Analyst,Pending,16,20,9,5
Eileen_Stein,eileen.stein@example.com,Data Analyst,Pending,8,19,11,11
Alexandra_Bradshaw,alexandra.bradshaw@example.com,ML Engineer,Pending,12,14,11,20
Sean_Cruz,sean.cruz@example.com,Backend Developer,Pending,15,12,11,10
Lisa_Johnson,lisa.johnson@example.com,Data Analyst,Pending,12,14,18,2
Eduardo_Page,eduardo.page@example.com,Backend Developer,Pending,15,2,21,16
Andrew_Harper,andrew.harper@example.com,Data Analyst,Pending,10,1,24,16
Ashley_Edwards,ashley.edwards@example.com,Data Analyst,Pending,9,20,8,12
Joel_Thompson,joel.thompson@example.com,Product Manager,Pending,13,11,6,10
Brenda_Holt,brenda.holt@example.com,Product Manager,Pending,7,22,13,10
Matthew_Jenkins,matthew.jenkins@example.com,Backend Developer,Pending,9,10,25,5
Michele_Clark,michele.clark@example.com,Backend Developer,Pending,17,8,7,21
Brett_Simmons,brett.simmons@example.com,ML Engineer,Passed,20,20,23,10
Elizabeth_Baker,elizabeth.baker@example.com,Product Manager,Pending,6,21,13,13
Deanna_Brown,deanna.brown@example.com,Data Analyst,Passed,15,11,23,12
Matthew_Smith,matthew.smith@example.com,Backend Developer,Pending,11,15,12,15
Deborah_Hoffman,deborah.hoffman@example.com,ML Engineer,Passed,24,23,19,12
Sonya_Freeman,sonya.freeman@example.com,Data Analyst,Failed,16,6,6,6
Reginald_Curtis,reginald.curtis@example.com,Product Manager,Pending,9,2,22,20
Anna_Gilbert,anna.gilbert@example.com,Backend Developer,Failed,17,4,0,9
Curtis_Williams,curtis.williams@example.com,Product Manager,Failed,0,16,4,18
Lisa_Henry,lisa.henry@example.com,Backend Developer,Pending,17,16,4,22
David_Austin,david.austin@example.com,ML Engineer,Pending,15,2,13,25
Grant_Douglas,grant.douglas@example.com,Backend Developer,Pending,10,1,10,24
Gina_Cooper,gina.cooper@example.com,Backend Developer,Pending,4,25,11,17
James_Schroeder,james.schroeder@example.com,Backend Developer,Failed,7,3,0,11
Leslie_Mills,leslie.mills@example.com,Backend Developer,Failed,8,5,9,3
Joseph_Fischer,joseph.fischer@example.com,ML Engineer,Passed,25,25,22,21
Meghan_Johnson,meghan.johnson@example.com,Product Manager,Failed,4,1,13,13
Victor_Fox,victor.fox@example.com,Backend Developer,Failed,12,0,2,7
Michelle_Smith,michelle.smith@example.com,Product Manager,Pending,25,8,7,2
Carrie_Green,carrie.green@example.com,Data Analyst,Failed,1,23,13,1
Jose_Davis,jose.davis@example.com,ML Engineer,Passed,22,25,24,9
Michael_Adkins,michael.adkins@example.com,Product Manager,Passed,11,7,25,20
Andrew_Briggs,andrew.briggs@example.com,ML Engineer,Passed,16,24,21,9
Edward_Johnson,edward.johnson@example.com,Product Manager,Pending,21,1,5,16
Ashley_Smith,ashley.smith@example.com,ML Engineer,Pending,15,7,13,17
Shannon_Simpson,shannon.simpson@example.com,ML Engineer,Passed,9,24,21,15
John_Johnson,john.johnson@example.com,Product Manager,Failed,0,23,12,2
William_Phelps,william.phelps@example.com,Backend Developer,Pending,23,21,5,1
Rebecca_Mckenzie,rebecca.mckenzie@example.com,ML Engineer,Pending,9,19,4,10
Katie_Hardy,katie.hardy@example.com,Data Analyst,Pending,19,12,0,14
Joseph_Woods,joseph.woods@example.com,Product Manager,Pending,2,19,12,24
Ronald_Moody,ronald.moody@example.com,Product Manager,Pending,5,23,8,5
Charlotte_Short,charlotte.short@example.com,Product Manager,Pending,20,17,4,15
Chad_Vega,chad.vega@example.com,Data Analyst,Passed,15,18,22,5
Don_Gibson,don.gibson@example.com,Data Analyst,Pending,20,13,5,21
Steven_Meyer,steven.meyer@example.com,Backend Developer,Pending,15,14,21,6
Holly_Green,holly.green@example.com,ML Engineer,Passed,6,12,23,25
Ashley_Jones,ashley.jones@example.com,ML Engineer,Pending,5,15,21,16
Carolyn_Bailey,carolyn.bailey@example.com,ML Engineer,Pending,3,7,9,21
Cory_Olson,cory.olson@example.com,Data Analyst,Pending,24,11,10,5
Catherine_Bates,catherine.bates@example.com,Backend Developer,Pending,16,16,4,10
Kelly_Rowland,kelly.rowland@example.com,Backend Developer,Pending,21,24,1,0
Amanda_Cardenas,amanda.cardenas@example.com,ML Engineer,Pending,25,4,7,15
Christine_Whitehead,christine.whitehead@example.com,ML Engineer,Passed,8,16,23,13
Samuel_Phelps,samuel.phelps@example.com,Product Manager,Failed,2,16,3,3
Marcus_Butler,marcus.butler@example.com,Backend Developer,Pending,11,7,17,5
Eric_Rodriguez,eric.rodriguez@example.com,Backend Developer,Pending,21,13,0,20
Danielle_David,danielle.david@example.com,Backend Developer,Pending,9,14,18,3
Robin_Wong,robin.wong@example.com,Backend Developer,Pending,23,25,3,1
Lacey_Harris,lacey.harris@example.com,Data Analyst,Failed,16,6,13,0
Gary_Smith,gary.smith@example.com,ML Engineer,Failed,3,14,0,22
Dillon_Stout,dillon.stout@example.com,Product Manager,Failed,3,16,2,3
Lauren_Mack,lauren.mack@example.com,Product Manager,Pending,20,10,4,11
Eric_Green,eric.green@example.com,ML Engineer,Pending,5,10,21,15
Jordan_Francis,jordan.francis@example.com,Data Analyst,Pending,25,0,13,16
Jennifer_Aguirre,jennifer.aguirre@example.com,Data Analyst,Passed,24,18,2,19
Joshua_Barton,joshua.barton@example.com,ML Engineer,Passed,20,17,0,24
Jonathan_Peterson,jonathan.peterson@example.com,Data Analyst,Passed,21,24,12,19
Matthew_Baker,matthew.baker@example.com,Product Manager,Pending,8,4,21,10
Pamela_Warner,pamela.warner@example.com,ML Engineer,Failed,5,0,12,19
Roger_Watkins,roger.watkins@example.com,ML Engineer,Failed,20,0,2,16
Troy_Miller,troy.miller@example.com,Data Analyst,Pending,13,16,10,3
Marc_Mcdaniel,marc.mcdaniel@example.com,ML Engineer,Pending,11,20,10,10
Jeremy_Harrell,jeremy.harrell@example.com,Product Manager,Pending,23,9,4,10
Miguel_Douglas,miguel.douglas@example.com,Product Manager,Pending,0,18,13,23
Daniel_White,daniel.white@example.com,Data Analyst,Failed,8,9,7,9
Jessica_Contreras,jessica.contreras@example.com,Product Manager,Pending,0,14,24,8
Brittany_Jordan,brittany.jordan@example.com,ML Engineer,Passed,21,25,22,20
Courtney_Frey,courtney.frey@example.com,ML Engineer,Failed,7,16,4,0
Kelsey_Oneill,kelsey.oneill@example.com,ML Engineer,Failed,1,2,21,6
Maxwell_Mathews,maxwell.mathews@example.com,Product Manager,Pending,0,5,24,14
John_Wells,john.wells@example.com,ML Engineer,Pending,3,21,4,21
Brenda_Mcbride,brenda.mcbride@example.com,Data Analyst,Pending,24,11,18,3
Vincent_Lewis,vincent.lewis@example.com,ML Engineer,Pending,9,19,1,21
Scott_Christensen,scott.christensen@example.com,Backend Developer,Failed,10,17,0,5
Jeremy_Woods,jeremy.woods@example.com,Backend Developer,Passed,23,18,23,4
Pamela_Johns,pamela.johns@example.com,Product Manager,Pending,11,10,21,13
Vicki_Morales,vicki.morales@example.com,Backend Developer,Failed,4,16,5,1
Joshua_Wilson,joshua.wilson@example.com,Backend Developer,Pending,5,18,17,2
Patrick_Rios,patrick.rios@example.com,Backend Developer,Pending,11,15,6,12
Traci_Thomas,traci.thomas@example.com,Data Analyst,Passed,25,13,9,13
Gary_Watson,gary.watson@example.com,ML Engineer,Pending,21,10,7,11
Jessica_Davis,jessica.davis@example.com,ML Engineer,Failed,11,3,3,0
Kristin_Mann,kristin.mann@example.com,ML Engineer,Pending,25,0,9,14
Lawrence_Gonzalez,lawrence.gonzalez@example.com,Product Manager,Pending,4,12,19,18
David_Day,david.day@example.com,Data Analyst,Failed,1,3,10,20
Michael_Guzman,michael.guzman@example.com,Backend Developer,Pending,13,6,17,11
Mary_Holloway,mary.holloway@example.com,ML Engineer,Pending,10,23,13,5
Karen_Kelly,karen.kelly@example.com,ML Engineer,Passed,24,22,9,14
John_Lynch,john.lynch@example.com,Backend Developer,Pending,1,12,22,21
Elizabeth_Mccullough,elizabeth.mccullough@example.com,Backend Developer,Pending,16,23,1,19
Jessica_Montgomery,jessica.montgomery@example.com,ML Engineer,Passed,17,24,11,18
Jonathan_Watkins,jonathan.watkins@example.com,ML Engineer,Passed,21,5,15,19
Kevin_Fritz,kevin.fritz@example.com,Product Manager,Pending,16,3,17,8
Katie_Warner,katie.warner@example.com,Backend Developer,Pending,20,7,11,5
Jessica_Schmidt,jessica.schmidt@example.com,Backend Developer,Pending,24,13,21,1
Robin_Henderson,robin.henderson@example.com,ML Engineer,Pending,2,23,19,4
Latoya_Rodriguez,latoya.rodriguez@example.com,ML Engineer,Pending,25,25,2,2
Christopher_Robertson,christopher.robertson@example.com,Data Analyst,Passed,22,10,24,9
Sandra_Bates,sandra.bates@example.com,Data Analyst,Passed,21,10,5,25
Yvette_Klein,yvette.klein@example.com,ML Engineer,Pending,19,0,12,12
Amy_Neal,amy.neal@example.com,Backend Developer,Pending,4,18,20,3
James_Clark,james.clark@example.com,ML Engineer,Passed,21,19,14,16
Nicholas_Reed,nicholas.reed@example.com,Product Manager,Passed,17,16,24,23
Kevin_Schneider,kevin.schneider@example.com,Data Analyst,Failed,14,19,4,0
Chelsea_Little,chelsea.little@example.com,ML Engineer,Passed,19,6,18,21
William_Logan,william.logan@example.com,Backend Developer,Passed,3,20,25,15
James_Young,james.young@example.com,Data Analyst,Failed,6,20,0,1
Eric_Chaney,eric.chaney@example.com,Backend Developer,Failed,14,0,14,9
John_Rogers,john.rogers@example.com,Data Analyst,Pending,11,24,14,6
David_Diaz,david.diaz@example.com,ML Engineer,Failed,11,12,4,10
David_Nunez,david.nunez@example.com,Backend Developer,Pending,22,1,18,2
Brenda_Nixon,brenda.nixon@example.com,Backend Developer,Passed,16,21,15,24
Regina_Gallagher,regina.gallagher@example.com,Backend Developer,Pending,23,1,11,16
Natalie_Nelson,natalie.nelson@example.com,ML Engineer,Pending,1,20,12,21
Laura_Beck,laura.beck@example.com,Product Manager,Passed,17,23,10,18
Matthew_Shaffer,matthew.shaffer@example.com,Data Analyst,Passed,14,24,19,16
Scott_Callahan,scott.callahan@example.com,Product Manager,Passed,7,19,16,24
Benjamin_Miranda,benjamin.miranda@example.com,Data Analyst,Pending,10,14,6,15
Wayne_Herman,wayne.herman@example.com,ML Engineer,Failed,7,2,16,5
Danielle_Thomas,danielle.thomas@example.com,Backend Developer,Pending,20,23,15,1
Sharon_Sweeney,sharon.sweeney@example.com,Product Manager,Failed,20,2,8,7
Leonard_Wilson,leonard.wilson@example.com,Backend Developer,Pending,16,21,4,5
Jane_Gentry,jane.gentry@example.com,Backend Developer,Pending,5,15,20,14
Anthony_Bennett,anthony.bennett@example.com,ML Engineer,Passed,24,25,8,17
Shawn_Pierce,shawn.pierce@example.com,ML Engineer,Passed,24,21,20,12
Brandon_Rice,brandon.rice@example.com,Backend Developer,Failed,17,5,2,1
Ryan_Barnes,ryan.barnes@example.com,Product Manager,Pending,23,0,13,12
Anna_Martinez,anna.martinez@example.com,ML Engineer,Failed,10,12,5,10
Laura_Kennedy,laura.kennedy@example.com,ML Engineer,Pending,24,9,4,3
Brianna_Shields,brianna.shields@example.com,Backend Developer,Pending,18,13,1,9
Sarah_Morales,sarah.morales@example.com,ML Engineer,Pending,5,12,24,12
Kimberly_Garcia,kimberly.garcia@example.com,Backend Developer,Passed,12,16,19,22
Bruce_Gregory,bruce.gregory@example.com,Product Manager,Passed,14,13,24,21
Timothy_Johnson,timothy.johnson@example.com,Product Manager,Pending,16,6,8,21
Jennifer_Bartlett,jennifer.bartlett@example.com,Product Manager,Pending,2,25,2,21
Jill_Castaneda,jill.castaneda@example.com,Data Analyst,Passed,15,23,16,25
Jennifer_Krause,jennifer.krause@example.com,Backend Developer,Pending,19,10,11,4
Glenn_Pineda,glenn.pineda@example.com,Data Analyst,Failed,17,9,3,4
Frank_Turner,frank.turner@example.com,Data Analyst,Passed,21,19,24,15
Kyle_Evans,kyle.evans@example.com,Product Manager,Passed,13,16,25,20
John_Copeland,john.copeland@example.com,Product Manager,Passed,18,21,11,18
Amy_Taylor,amy.taylor@example.com,Backend Developer,Pending,9,15,18,1
Larry_Moran,larry.moran@example.com,Product Manager,Passed,15,17,7,21
Danielle_Blankenship,danielle.blankenship@example.com,Product Manager,Pending,17,14,8,12
Joseph_Rose,joseph.rose@example.com,Backend Developer,Passed,23,15,11,18
Deborah_Delacruz,deborah.delacruz@example.com,Data Analyst,Pending,18,18,6,12
Jessica_Townsend,jessica.townsend@example.com,Backend Developer,Passed,23,17,18,10
Rebecca_Leonard,rebecca.leonard@example.com,Backend Developer,Pending,24,3,11,13
Mark_Bush,mark.bush@example.com,Data Analyst,Pending,12,24,7,11
Kimberly_Robinson,kimberly.robinson@example.com,Product Manager,Pending,11,9,8,25
Mary_Li,mary.li@example.com,ML Engineer,Passed,17,22,12,14
Kyle_Bailey,kyle.bailey@example.com,Data Analyst,Pending,23,3,19,2
Jeffery_James,jeffery.james@example.com,ML Engineer,Pending,23,4,11,11
Bryan_Mcclain,bryan.mcclain@example.com,Backend Developer,Passed,20,25,20,12
Mackenzie_White,mackenzie.white@example.com,Data Analyst,Failed,17,3,11,2
Alisha_Perry,alisha.perry@example.com,Product Manager,Pending,10,18,7,7
Kyle_Peterson,kyle.peterson@example.com,Backend Developer,Pending,2,14,5,21
Michael_Goodman,michael.goodman@example.com,Backend Developer,Pending,2,22,25,10
Katie_Alvarez,katie.alvarez@example.com,ML Engineer,Failed,14,13,0,8
Bradley_Moore,bradley.moore@example.com,Product Manager,Failed,0,21,14,1
Nicole_Scott,nicole.scott@example.com,Backend Developer,Failed,14,1,9,2
Christine_Ayala,christine.ayala@example.com,Backend Developer,Pending,1,2,25,19
Courtney_Trevino,courtney.trevino@example.com,Data Analyst,Pending,25,15,8,2
Veronica_Valencia,veronica.valencia@example.com,Product Manager,Pending,2,7,18,24
Patrick_Cooper,patrick.cooper@example.com,Backend Developer,Passed,22,20,22,7
Tiffany_Hobbs,tiffany.hobbs@example.com,Backend Developer,Pending,11,11,24,8
Andrew_Thomas,andrew.thomas@example.com,Backend Developer,Pending,6,10,18,25
Kenneth_Gonzalez,kenneth.gonzalez@example.com,Product Manager,Pending,9,7,13,17
Devin_Miles,devin.miles@example.com,ML Engineer,Pending,16,9,9,23
David_Hunt,david.hunt@example.com,ML Engineer,Passed,16,15,23,12
Danielle_Wilson,danielle.wilson@example.com,ML Engineer,Failed,9,13,7,8
Douglas_Larsen,douglas.larsen@example.com,ML Engineer,Pending,8,23,20,0
Gregory_Watkins,gregory.watkins@example.com,Data Analyst,Pending,10,13,25,6
David_Gomez,david.gomez@example.com,Product Manager,Failed,2,11,5,0
Grace_Houston,grace.houston@example.com,ML Engineer,Pending,3,16,19,13
Marissa_Chan,marissa.chan@example.com,Product Manager,Failed,8,11,6,0
Benjamin_Barnett,benjamin.barnett@example.com,Data Analyst,Passed,12,19,13,18
Travis_Black,travis.black@example.com,Data Analyst,Pending,1,22,11,12
Kelly_Gilbert,kelly.gilbert@example.com,ML Engineer,Passed,22,21,17,17
Benjamin_Webb,benjamin.webb@example.com,Product Manager,Failed,11,12,1,10
Bruce_Mendoza,bruce.mendoza@example.com,ML Engineer,Pending,16,1,6,19
Timothy_Lynn,timothy.lynn@example.com,Backend Developer,Pending,19,19,12,0
Kelly_Webb,kelly.webb@example.com,Backend Developer,Passed,22,21,24,19
Jessica_Ramos,jessica.ramos@example.com,ML Engineer,Passed,13,12,25,16
Andrew_Andrade,andrew.andrade@example.com,ML Engineer,Passed,11,15,21,18
John_Cooper,john.cooper@example.com,Data Analyst,Passed,20,20,21,6
Theresa_Cummings,theresa.cummings@example.com,Product Manager,Pending,17,24,7,9
Ernest_Williamson,ernest.williamson@example.com,Data Analyst,Failed,10,2,2,14
Roy_Brennan,roy.brennan@example.com,Product Manager,Pending,13,13,6,18
Kirsten_King,kirsten.king@example.com,Data Analyst,Pending,22,11,3,11
Norman_Lambert,norman.lambert@example.com,Product Manager,Failed,5,5,2,25
Tricia_Decker,tricia.decker@example.com,Data Analyst,Passed,16,12,22,24
Ian_Thompson,ian.thompson@example.com,ML Engineer,Failed,3,3,10,12
Timothy_Palmer,timothy.palmer@example.com,Product Manager,Failed,21,0,2,14
Daniel_Fox,daniel.fox@example.com,ML Engineer,Pending,2,10,24,6
Garrett_Jacobs,garrett.jacobs@example.com,Data Analyst,Passed,21,11,17,24
Gary_Reynolds,gary.reynolds@example.com,Data Analyst,Failed,4,14,15,2
Jeffrey_Davenport,jeffrey.davenport@example.com,Data Analyst,Failed,5,21,8,0
Deborah_Douglas,deborah.douglas@example.com,ML Engineer,Passed,19,19,12,10
Tiffany_Diaz,tiffany.diaz@example.com,Product Manager,Pending,9,25,3,16
Lisa_Park,lisa.park@example.com,Data Analyst,Pending,13,7,13,24
Renee_Valenzuela,renee.valenzuela@example.com,Backend Developer,Passed,17,20,8,17
Marie_Bennett,marie.bennett@example.com,ML Engineer,Passed,19,25,9,11
David_Underwood,david.underwood@example.com,Backend Developer,Pending,24,21,12,2
Chad_Chapman,chad.chapman@example.com,Product Manager,Passed,24,6,17,16
Alyssa_Morris,alyssa.morris@example.com,Backend Developer,Pending,10,24,12,5
Susan_Garcia,susan.garcia@example.com,Product Manager,Pending,24,6,17,0
Jennifer_Mercado,jennifer.mercado@example.com,Backend Developer,Pending,16,4,16,10
Thomas_Adams,thomas.adams@example.com,ML Engineer,Failed,0,2,19,6
Matthew_Hoffman,matthew.hoffman@example.com,Product Manager,Pending,3,6,14,24
Crystal_Bailey,crystal.bailey@example.com,ML Engineer,Failed,15,1,4,2
Lee_Cole,lee.cole@example.com,ML Engineer,Pending,13,20,11,3
Derek_Gutierrez,derek.gutierrez@example.com,Product Manager,Pending,11,9,12,17
Timothy_Pennington,timothy.pennington@example.com,ML Engineer,Passed,9,24,18,16
Gail_Torres,gail.torres@example.com,Product Manager,Pending,20,2,0,20
Jacqueline_Brooks,jacqueline.brooks@example.com,Backend Developer,Pending,16,13,16,5
Douglas_Barnes,douglas.barnes@example.com,ML Engineer,Pending,5,10,18,16
Nathaniel_Williams,nathaniel.williams@example.com,Data Analyst,Pending,23,19,7,6
Kristin_Baker,kristin.baker@example.com,Data Analyst,Pending,18,1,7,17
Heather_Coleman,heather.coleman@example.com,Backend Developer,Passed,22,10,12,20
Kathryn_Jones,kathryn.jones@example.com,ML Engineer,Pending,22,9,17,0
Paul_Pierce,paul.pierce@example.com,Data Analyst,Passed,14,9,18,24
Andrew_Williams,andrew.williams@example.com,ML Engineer,Pending,22,8,7,7
Timothy_Steele,timothy.steele@example.com,Data Analyst,Pending,5,24,2,25
Denise_Hodge,denise.hodge@example.com,ML Engineer,Failed,6,0,14,16
John_Kelly,john.kelly@example.com,Backend Developer,Pending,11,3,15,12
Brandy_Smith,brandy.smith@example.com,Backend Developer,Pending,13,7,21,16
Lisa_Burton,lisa.burton@example.com,Data Analyst,Pending,22,18,0,7
Billy_Nixon,billy.nixon@example.com,Data Analyst,Failed,12,2,2,2
Louis_Jones,louis.jones@example.com,Backend Developer,Failed,1,4,9,23
Robert_Smith,robert.smith@example.com,ML Engineer,Passed,15,25,18,8
Chase_Thompson,chase.thompson@example.com,ML Engineer,Passed,25,17,20,15
Cheryl_Perez,cheryl.perez@example.com,ML Engineer,Pending,3,12,8,18
Corey_Oconnor,corey.oconnor@example.com,Backend Developer,Pending,10,22,10,4
Robin_King,robin.king@example.com,Data Analyst,Failed,18,15,5,0
Eric_Cooper,eric.cooper@example.com,Product Manager,Pending,9,11,19,6
Joanna_James,joanna.james@example.com,Product Manager,Pending,11,22,9,9
Nicole_Weaver,nicole.weaver@example.com,Data Analyst,Failed,18,3,7,10
Alicia_Sanders,alicia.sanders@example.com,Backend Developer,Pending,16,15,7,21
Martin_Rodriguez,martin.rodriguez@example.com,Product Manager,Pending,8,3,23,6
Julie_Holder,julie.holder@example.com,Product Manager,Passed,18,24,16,25
Gary_Clark,gary.clark@example.com,ML Engineer,Pending,25,13,4,6
Alisha_Anderson,alisha.anderson@example.com,Data Analyst,Pending,2,0,24,16
Jennifer_Baird,jennifer.baird@example.com,ML Engineer,Pending,24,6,22,6
Kelly_Banks,kelly.banks@example.com,ML Engineer,Failed,22,3,1,3
Stephanie_Hall,stephanie.hall@example.com,Product Manager,Pending,23,5,12,4
Cheryl_Gross,cheryl.gross@example.com,Product Manager,Pending,19,11,1,17
Sophia_Martin,sophia.martin@example.com,Backend Developer,Passed,18,19,24,9
Stephen_Graham,stephen.graham@example.com,Product Manager,Passed,15,21,20,19
Jennifer_Burns,jennifer.burns@example.com,Data Analyst,Passed,22,21,9,9
Zachary_Brown,zachary.brown@example.com,Backend Developer,Passed,14,21,21,5
Lisa_Myers,lisa.myers@example.com,Product Manager,Pending,21,11,4,7
Amy_Peck,amy.peck@example.com,Product Manager,Passed,21,25,23,17
Sean_Fernandez,sean.fernandez@example.com,Data Analyst,Passed,22,24,17,3
Richard_Flores,richard.flores@example.com,ML Engineer,Failed,4,15,19,1
Christopher_Garrison,christopher.garrison@example.com,Data Analyst,Pending,15,16,3,7
Angela_Johnson,angela.johnson@example.com,Data Analyst,Failed,3,22,2,1
Elizabeth_Short,elizabeth.short@example.com,Product Manager,Passed,20,12,12,20
Christopher_Yu,christopher.yu@example.com,Data Analyst,Pending,16,7,4,23
Charles_Hogan,charles.hogan@example.com,Product Manager,Pending,4,25,14,10
Michael_Gonzalez,michael.gonzalez@example.com,Product Manager,Pending,16,24,10,3
Sarah_Perez,sarah.perez@example.com,Data Analyst,Failed,0,23,4,6
Stephen_Solomon,stephen.solomon@example.com,Backend Developer,Passed,25,22,1,24
Angela_Christensen,angela.christensen@example.com,ML Engineer,Failed,6,10,0,6
Nancy_Baker,nancy.baker@example.com,Data Analyst,Passed,13,22,15,15
Kathryn_Gill,kathryn.gill@example.com,Product Manager,Pending,0,23,20,12
Paul_Pineda,paul.pineda@example.com,Product Manager,Pending,3,4,17,21
Zachary_Craig,zachary.craig@example.com,Backend Developer,Pending,8,25,6,7
Joshua_Johnson,joshua.johnson@example.com,Backend Developer,Passed,23,22,5,17
Ethan_Williams,ethan.williams@example.com,Product Manager,Failed,15,6,13,2
Shirley_Velazquez,shirley.velazquez@example.com,ML Engineer,Passed,25,17,14,10
Larry_Ward,larry.ward@example.com,Backend Developer,Pending,9,14,7,16
Victor_Henry,victor.henry@example.com,Backend Developer,Pending,6,22,7,11
Matthew_Edwards,matthew.edwards@example.com,Data Analyst,Failed,4,2,7,0
Makayla_Espinoza,makayla.espinoza@example.com,Backend Developer,Failed,6,25,4,2
Craig_Flynn,craig.flynn@example.com,Backend Developer,Pending,17,8,15,13
Alexander_Martin,alexander.martin@example.com,Backend Developer,Pending,12,1,7,21
Tracey_Padilla,tracey.padilla@example.com,Backend Developer,Passed,20,18,19,5
Natalie_Murphy,natalie.murphy@example.com,Product Manager,Pending,20,9,7,19
John_Garcia,john.garcia@example.com,Backend Developer,Pending,0,16,7,23
Stephen_Collins,stephen.collins@example.com,Backend Developer,Passed,19,11,23,23
William_Benton,william.benton@example.com,Product Manager,Pending,16,13,3,20
Robert_Ramos,robert.ramos@example.com,Product Manager,Pending,10,3,16,25
Jamie_Pearson,jamie.pearson@example.com,Product Manager,Passed,20,12,14,25
Leslie_Vance,leslie.vance@example.com,ML Engineer,Failed,1,1,17,20
Colton_Rodriguez,colton.rodriguez@example.com,Product Manager,Pending,25,14,7,11
Christopher_Petersen,christopher.petersen@example.com,ML Engineer,Passed,25,10,20,7
Joshua_Richards,joshua.richards@example.com,ML Engineer,Failed,24,1,1,5
Zoe_Blackburn,zoe.blackburn@example.com,ML Engineer,Passed,19,4,20,22
Daniel_Brown,daniel.brown@example.com,Backend Developer,Passed,17,24,22,7
Joanna_Yates,joanna.yates@example.com,Backend Developer,Pending,24,15,0,4
David_Hanson,david.hanson@example.com,ML Engineer,Passed,24,17,24,25
Vincent_Perez,vincent.perez@example.com,ML Engineer,Passed,18,5,17,20
Michael_Garrett,michael.garrett@example.com,Product Manager,Failed,8,15,1,15
Ruth_Mcdonald,ruth.mcdonald@example.com,Backend Developer,Pending,25,11,13,6
Sherri_Decker,sherri.decker@example.com,Backend Developer,Pending,2,24,21,8
Holly_Smith,holly.smith@example.com,Data Analyst,Failed,2,10,12,10
Andrew_Morgan,andrew.morgan@example.com,Data Analyst,Failed,13,0,10,3
Mallory_Smith,mallory.smith@example.com,Product Manager,Pending,18,0,0,24
Kim_Jensen,kim.jensen@example.com,Product Manager,Failed,14,13,7,4
Molly_Chase,molly.chase@example.com,Backend Developer,Pending,25,12,3,14
Michael_Sampson,michael.sampson@example.com,ML Engineer,Passed,14,16,22,14
Olivia_Zavala,olivia.zavala@example.com,Data Analyst,Pending,3,18,23,2
Michael_Adams,michael.adams@example.com,Backend Developer,Pending,13,3,18,14
Joe_Zimmerman,joe.zimmerman@example.com,Data Analyst,Failed,13,7,2,5
Melissa_Camacho,melissa.camacho@example.com,ML Engineer,Passed,4,24,9,24
Joshua_Moody,joshua.moody@example.com,Backend Developer,Failed,13,14,4,7
Jasmine_Zimmerman,jasmine.zimmerman@example.com,Product Manager,Pending,15,12,4,12
Jeremy_Walker,jeremy.walker@example.com,ML Engineer,Failed,19,6,0,6
Samantha_Salazar,samantha.salazar@example.com,Backend Developer,Pending,9,20,14,12
Ryan_Mccall,ryan.mccall@example.com,Data Analyst,Pending,19,21,0,0
Jon_Lester,jon.lester@example.com,Product Manager,Failed,10,1,11,15
Timothy_Gaines,timothy.gaines@example.com,ML Engineer,Failed,0,1,23,7
Rebecca_Stuart,rebecca.stuart@example.com,Data Analyst,Pending,4,25,19,6
Alexander_Silva,alexander.silva@example.com,ML Engineer,Failed,10,7,1,0
William_Dean,william.dean@example.com,Backend Developer,Failed,2,20,2,14
Chelsea_Solis,chelsea.solis@example.com,Backend Developer,Passed,20,22,6,12
Peter_Young,peter.young@example.com,Backend Developer,Pending,9,8,12,24
Joe_Horn,joe.horn@example.com,ML Engineer,Passed,2,25,24,22
Kayla_Huynh,kayla.huynh@example.com,ML Engineer,Passed,21,24,10,25
Dennis_Rose,dennis.rose@example.com,Backend Developer,Pending,0,9,13,20
Scott_Salas,scott.salas@example.com,Data Analyst,Pending,19,5,21,2
Joy_Wright,joy.wright@example.com,ML Engineer,Pending,1,12,15,25
Michael_Tucker,michael.tucker@example.com,Backend Developer,Passed,14,12,20,16
James_Vang,james.vang@example.com,Backend Developer,Failed,15,1,9,1
Andrea_Kaufman,andrea.kaufman@example.com,Product Manager,Pending,15,0,20,23
Lisa_Ortiz,lisa.ortiz@example.com,Backend Developer,Pending,4,18,20,11
Tara_Stewart,tara.stewart@example.com,Data Analyst,Failed,6,18,8,6
Belinda_Huerta,belinda.huerta@example.com,Data Analyst,Failed,25,5,3,6
Justin_Anderson,justin.anderson@example.com,Product Manager,Failed,25,0,0,3
Tanya_Richardson,tanya.richardson@example.com,Backend Developer,Pending,16,11,6,10
Eric_Taylor,eric.taylor@example.com,Product Manager,Passed,15,23,6,17
Christopher_Melendez,christopher.melendez@example.com,Backend Developer,Pending,4,4,19,17
William_Buchanan,william.buchanan@example.com,Data Analyst,Pending,14,13,9,4
Luis_Burns,luis.burns@example.com,Backend Developer,Failed,7,7,2,20
Lisa_Gonzalez,lisa.gonzalez@example.com,Backend Developer,Passed,21,19,11,20
Larry_Ramos,larry.ramos@example.com,Product Manager,Pending,3,1,21,19
Jessica_Arnold,jessica.arnold@example.com,Product Manager,Passed,11,17,10,24
Steven_Roberson,steven.roberson@example.com,ML Engineer,Failed,18,0,7,1
Joseph_Benson,joseph.benson@example.com,Product Manager,Failed,12,0,3,8
Stephen_Jackson,stephen.jackson@example.com,Backend Developer,Failed,1,7,13,9
Jennifer_Alvarez,jennifer.alvarez@example.com,Backend Developer,Pending,11,9,24,10
Lisa_Williamson,lisa.williamson@example.com,Backend Developer,Passed,18,21,20,19
Lauren_Lawrence,lauren.lawrence@example.com,Data Analyst,Pending,25,7,15,6
Krystal_Sexton,krystal.sexton@example.com,Product Manager,Passed,25,0,14,24
Eric_Clark,eric.clark@example.com,Data Analyst,Pending,22,8,11,14
Kevin_Castro,kevin.castro@example.com,ML Engineer,Pending,19,17,0,21
Angelica_Sims,angelica.sims@example.com,ML Engineer,Failed,4,5,6,24
Dawn_Thomas,dawn.thomas@example.com,ML Engineer,Failed,1,1,16,19
Jason_Campbell,jason.campbell@example.com,Backend Developer,Passed,21,18,24,12
Amber_Kennedy,amber.kennedy@example.com,Product Manager,Failed,19,0,14,1
Mary_White,mary.white@example.com,Data Analyst,Pending,9,4,11,25
Lisa_Hall,lisa.hall@example.com,ML Engineer,Failed,1,10,0,21
Kathy_Williamson,kathy.williamson@example.com,Data Analyst,Failed,22,1,0,12
Brittany_Mcdonald,brittany.mcdonald@example.com,ML Engineer,Pending,16,4,22,13
Michelle_Nunez,michelle.nunez@example.com,Backend Developer,Failed,18,14,2,5
Morgan_Norris,morgan.norris@example.com,Backend Developer,Failed,11,1,5,14
Amber_Adams,amber.adams@example.com,Data Analyst,Pending,0,6,19,21
Michael_Harrell,michael.harrell@example.com,ML Engineer,Pending,0,20,2,20
Jamie_Holmes,jamie.holmes@example.com,ML Engineer,Passed,19,22,19,24
Jordan_Shepard,jordan.shepard@example.com,ML Engineer,Pending,8,9,16,11
Amy_Cisneros,amy.cisneros@example.com,ML Engineer,Pending,8,4,23,15
Denise_Nelson,denise.nelson@example.com,Product Manager,Failed,2,1,8,19
Bryan_Sandoval,bryan.sandoval@example.com,ML Engineer,Pending,19,7,17,11
Destiny_Sanders,destiny.sanders@example.com,Product Manager,Failed,12,5,2,0
Patrick_Fischer,patrick.fischer@example.com,Data Analyst,Pending,19,12,18,7
Stephen_Berg,stephen.berg@example.com,Product Manager,Pending,11,1,21,17
Jessica_Harding,jessica.harding@example.com,Data Analyst,Pending,5,22,22,2
Rebecca_White,rebecca.white@example.com,Product Manager,Pending,7,23,0,11
Carrie_Vazquez,carrie.vazquez@example.com,Backend Developer,Failed,4,19,2,12
Matthew_Carter,matthew.carter@example.com,ML Engineer,Pending,1,4,25,20
Aaron_Young,aaron.young@example.com,ML Engineer,Failed,5,8,9,17
Edward_Schmitt,edward.schmitt@example.com,ML Engineer,Pending,23,23,7,0
Hannah_Rice,hannah.rice@example.com,Data Analyst,Passed,17,18,19,14
Rhonda_Mckenzie,rhonda.mckenzie@example.com,Backend Developer,Pending,21,11,17,5
Dennis_Wagner,dennis.wagner@example.com,Data Analyst,Passed,6,20,25,11
Stephanie_Ray,stephanie.ray@example.com,ML Engineer,Pending,13,11,14,10
Andrea_Jenkins,andrea.jenkins@example.com,Backend Developer,Pending,7,5,22,17
Kelly_Hanson,kelly.hanson@example.com,Data Analyst,Passed,16,6,20,23
Brendan_Jenkins,brendan.jenkins@example.com,Product Manager,Pending,21,1,3,25
Tiffany_Jenkins,tiffany.jenkins@example.com,Backend Developer,Pending,1,18,11,11
Chad_Stout,chad.stout@example.com,Product Manager,Failed,12,6,6,15
Paul_Brown,paul.brown@example.com,ML Engineer,Pending,5,25,12,8
Tonya_Le,tonya.le@example.com,Product Manager,Pending,19,14,7,8
Donald_Lee,donald.lee@example.com,Product Manager,Pending,8,11,10,13
Aaron_Carpenter,aaron.carpenter@example.com,ML Engineer,Pending,9,13,18,1
Christopher_Berger,christopher.berger@example.com,Backend Developer,Pending,3,7,14,17
Sabrina_Leon,sabrina.leon@example.com,Data Analyst,Pending,10,20,11,14
Courtney_Matthews,courtney.matthews@example.com,Backend Developer,Pending,13,4,23,2
John_Wright,john.wright@example.com,Backend Developer,Passed,18,24,25,17
Alicia_Warren,alicia.warren@example.com,Product Manager,Pending,21,13,7,1
Jackie_Rose,jackie.rose@example.com,Data Analyst,Passed,25,10,11,21
John_Rodriguez,john.rodriguez@example.com,Data Analyst,Passed,8,20,25,25
Daniel_Romero,daniel.romero@example.com,Data Analyst,Failed,1,10,4,9
Alexis_Garcia,alexis.garcia@example.com,ML Engineer,Passed,25,3,12,25
Ashley_Meyer,ashley.meyer@example.com,ML Engineer,Pending,21,1,17,7
Rebecca_Moore,rebecca.moore@example.com,Product Manager,Pending,9,25,6,6
Christine_Maddox,christine.maddox@example.com,Data Analyst,Passed,24,12,10,14
Anita_Allen,anita.allen@example.com,Backend Developer,Failed,0,18,0,4
Robert_Williams,robert.williams@example.com,Backend Developer,Passed,22,2,24,24
Nicholas_Poole,nicholas.poole@example.com,ML Engineer,Failed,8,21,9,1
Adrian_Gonzalez,adrian.gonzalez@example.com,Backend Developer,Pending,8,17,5,14
Michael_Weaver,michael.weaver@example.com,Product Manager,Failed,2,5,18,9
Mikayla_Rice,mikayla.rice@example.com,Data Analyst,Failed,18,3,3,2
Gregory_Morales,gregory.morales@example.com,ML Engineer,Pending,25,8,9,6
Eric_Figueroa,eric.figueroa@example.com,Data Analyst,Pending,11,24,6,14
Justin_Shaw,justin.shaw@example.com,Backend Developer,Failed,3,1,19,7
Michelle_Castaneda,michelle.castaneda@example.com,Product Manager,Failed,4,6,12,17
Janet_Molina,janet.molina@example.com,ML Engineer,Failed,9,14,2,9
Erica_Walker,erica.walker@example.com,Data Analyst,Failed,7,8,20,4
Nicholas_Flores,nicholas.flores@example.com,Data Analyst,Passed,13,25,12,24
Amanda_Wood,amanda.wood@example.com,Backend Developer,Passed,25,16,5,24
Gregory_Johns,gregory.johns@example.com,ML Engineer,Pending,2,16,9,19
Abigail_Gonzalez,abigail.gonzalez@example.com,Product Manager,Pending,23,10,2,14
Vicki_Vasquez,vicki.vasquez@example.com,Product Manager,Pending,14,16,2,23
Jenny_Morgan,jenny.morgan@example.com,Backend Developer,Pending,9,14,9,25
James_Park,james.park@example.com,ML Engineer,Pending,14,2,14,14
James_Brown,james.brown@example.com,ML Engineer,Pending,12,6,19,18
Claudia_Johnson,claudia.johnson@example.com,Backend Developer,Failed,3,19,2,2
Carol_Lee,carol.lee@example.com,Backend Developer,Pending,9,12,25,11
Jacob_Cooper,jacob.cooper@example.com,Product Manager,Failed,1,8,2,2
Margaret_Curtis,margaret.curtis@example.com,Data Analyst,Pending,6,12,3,20
Stephanie_Morrison,stephanie.morrison@example.com,ML Engineer,Pending,17,11,0,22
Ashley_Farmer,ashley.farmer@example.com,Backend Developer,Pending,20,19,8,1
John_Thompson,john.thompson@example.com,Product Manager,Failed,9,0,18,7
Gary_Davis,gary.davis@example.com,Data Analyst,Passed,17,14,14,15
Sarah_Jones,sarah.jones@example.com,Backend Developer,Pending,11,14,24,4
Katherine_Lopez,katherine.lopez@example.com,ML Engineer,Pending,12,3,4,21
David_Molina,david.molina@example.com,ML Engineer,Passed,14,21,15,19
Allen_Miller,allen.miller@example.com,Data Analyst,Pending,20,20,7,3
Jason_Oliver,jason.oliver@example.com,ML Engineer,Passed,18,19,11,17
Benjamin_Mclean,benjamin.mclean@example.com,Backend Developer,Passed,12,19,20,12
Charles_Nelson,charles.nelson@example.com,Data Analyst,Pending,23,5,1,17
Walter_Ford,walter.ford@example.com,ML Engineer,Pending,20,7,7,13
Johnny_Hogan,johnny.hogan@example.com,Backend Developer,Pending,6,22,16,15
Julie_Erickson,julie.erickson@example.com,Backend Developer,Failed,13,2,0,7
Jessica_Rodriguez,jessica.rodriguez@example.com,Backend Developer,Passed,25,0,24,19
Sharon_Wright,sharon.wright@example.com,ML Engineer,Failed,3,9,5,14
Kendra_May,kendra.may@example.com,ML Engineer,Passed,25,15,21,4
Erik_Hampton,erik.hampton@example.com,Data Analyst,Passed,15,20,19,23
Bobby_Robertson,bobby.robertson@example.com,Backend Developer,Failed,15,21,2,0
Charles_Nguyen,charles.nguyen@example.com,Data Analyst,Passed,5,22,23,11
Tina_Alexander,tina.alexander@example.com,Data Analyst,Passed,16,14,19,22
James_Fowler,james.fowler@example.com,ML Engineer,Pending,3,22,12,15
Kimberly_Shields,kimberly.shields@example.com,Backend Developer,Pending,11,9,18,20
Terri_Gonzalez,terri.gonzalez@example.com,ML Engineer,Failed,10,9,10,5
Charles_Zuniga,charles.zuniga@example.com,Backend Developer,Pending,7,25,9,13
Alexandra_Sanchez,alexandra.sanchez@example.com,Data Analyst,Pending,15,20,7,15
Meghan_Adkins,meghan.adkins@example.com,Product Manager,Passed,17,12,7,24
Stephanie_Smith,stephanie.smith@example.com,Data Analyst,Pending,14,0,19,7
Nathan_Jackson,nathan.jackson@example.com,ML Engineer,Passed,19,21,19,22
Jason_Mack,jason.mack@example.com,Data Analyst,Failed,6,1,15,0
Bruce_Taylor,bruce.taylor@example.com,ML Engineer,Passed,22,18,8,16
Teresa_Sharp,teresa.sharp@example.com,Backend Developer,Pending,25,15,0,11
Anthony_Lopez,anthony.lopez@example.com,Backend Developer,Failed,3,7,11,9
Lisa_Ramirez,lisa.ramirez@example.com,Backend Developer,Failed,5,6,13,12
David_Jones,david.jones@example.com,Backend Developer,Pending,19,17,2,4
Jeffrey_Anderson,jeffrey.anderson@example.com,Data Analyst,Pending,13,14,3,20
Dawn_Zimmerman,dawn.zimmerman@example.com,ML Engineer,Failed,20,7,3,3
Mark_Green,mark.green@example.com,Product Manager,Failed,0,4,17,1
Gwendolyn_Ward,gwendolyn.ward@example.com,Data Analyst,Passed,18,14,19,17
Yvonne_Jackson,yvonne.jackson@example.com,Product Manager,Pending,18,12,25,0
Ashley_Warner,ashley.warner@example.com,Data Analyst,Pending,3,20,25,9
Shawn_Swanson,shawn.swanson@example.com,Backend Developer,Passed,19,4,24,13
Matthew_Guerra,matthew.guerra@example.com,ML Engineer,Pending,9,13,13,13
Jennifer_Brown,jennifer.brown@example.com,Product Manager,Pending,14,20,6,13
Wendy_Haley,wendy.haley@example.com,Product Manager,Pending,6,13,23,9
Devin_Pitts,devin.pitts@example.com,ML Engineer,Passed,25,5,24,17
Emily_Parker,emily.parker@example.com,Product Manager,Passed,25,13,18,21
Leah_Green,leah.green@example.com,ML Engineer,Pending,10,20,15,0
Eric_Haynes,eric.haynes@example.com,Backend Developer,Pending,18,21,7,7
Elizabeth_Contreras,elizabeth.contreras@example.com,Data Analyst,Pending,3,6,19,16
Amber_Gonzalez,amber.gonzalez@example.com,Product Manager,Failed,7,0,11,0
Chad_Smith,chad.smith@example.com,Data Analyst,Passed,22,20,17,8
Kathryn_Barker,kathryn.barker@example.com,ML Engineer,Passed,19,25,24,20
Melissa_Wilson,melissa.wilson@example.com,Product Manager,Failed,2,13,5,9
Jerry_Marsh,jerry.marsh@example.com,Data Analyst,Passed,20,20,5,17
Jaime_Phillips,jaime.phillips@example.com,Data Analyst,Passed,20,12,9,24
Jeremy_Barron,jeremy.barron@example.com,Product Manager,Pending,7,18,5,25
Valerie_Lopez,valerie.lopez@example.com,Backend Developer,Pending,17,12,4,23
Allison_Griffin,allison.griffin@example.com,Backend Developer,Passed,5,23,10,25
Meghan_Price,meghan.price@example.com,Product Manager,Pending,20,14,8,4
Maria_Davis,maria.davis@example.com,Backend Developer,Passed,24,21,20,2
Scott_Palmer,scott.palmer@example.com,ML Engineer,Failed,4,2,1,2
Seth_Carter,seth.carter@example.com,Data Analyst,Failed,8,0,16,11
Andrea_Lopez,andrea.lopez@example.com,Data Analyst,Pending,11,14,21,7
Pamela_Perry,pamela.perry@example.com,ML Engineer,Passed,12,15,24,20
Samantha_Wallace,samantha.wallace@example.com,ML Engineer,Failed,5,12,1,17
Mike_Johnson,mike.johnson@example.com,Backend Developer,Passed,3,21,23,24
Kiara_Jimenez,kiara.jimenez@example.com,Data Analyst,Pending,9,15,1,24
Allen_Huynh,allen.huynh@example.com,ML Engineer,Pending,25,10,11,1
Donald_Jackson,donald.jackson@example.com,Backend Developer,Pending,14,18,2,13
Crystal_Ho,crystal.ho@example.com,ML Engineer,Failed,23,0,11,3
Jennifer_Webb,jennifer.webb@example.com,Data Analyst,Failed,5,2,11,6
Lori_Spears,lori.spears@example.com,Data Analyst,Pending,22,3,13,10
David_Stephens,david.stephens@example.com,Backend Developer,Failed,8,14,0,4
Melissa_Rose,melissa.rose@example.com,Data Analyst,Failed,16,6,3,13
Karen_Perkins,karen.perkins@example.com,Product Manager,Pending,24,3,13,10
William_Douglas,william.douglas@example.com,Backend Developer,Passed,12,20,25,25
Kristen_Burns,kristen.burns@example.com,Data Analyst,Pending,20,13,13,13
Phillip_Jacobs,phillip.jacobs@example.com,Product Manager,Pending,13,23,14,9
Anita_Perez,anita.perez@example.com,Data Analyst,Pending,4,18,18,6
Justin_Nguyen,justin.nguyen@example.com,ML Engineer,Pending,5,19,20,5
Oscar_Poole,oscar.poole@example.com,Backend Developer,Failed,11,4,18,4
Christine_Hammond,christine.hammond@example.com,Backend Developer,Passed,21,15,9,25
Reginald_Young,reginald.young@example.com,Data Analyst,Passed,25,14,7,19
Veronica_Santiago,veronica.santiago@example.com,Data Analyst,Failed,1,8,7,15
Cody_Schwartz,cody.schwartz@example.com,Backend Developer,Pending,4,16,22,8
Annette_Walsh,annette.walsh@example.com,Data Analyst,Pending,12,5,17,9
Dana_Kelley,dana.kelley@example.com,Product Manager,Pending,16,4,15,20
Donna_Howard,donna.howard@example.com,Data Analyst,Pending,22,0,14,23
Jacob_Rhodes,jacob.rhodes@example.com,Data Analyst,Pending,0,22,3,15
Dean_Adams,dean.adams@example.com,Data Analyst,Passed,17,23,10,21
David_Morrow,david.morrow@example.com,Backend Developer,Pending,24,13,4,13
Jimmy_Wilkinson,jimmy.wilkinson@example.com,Backend Developer,Pending,19,14,1,14
Shawn_Gill,shawn.gill@example.com,ML Engineer,Failed,12,9,11,1
Carlos_Hardin,carlos.hardin@example.com,Data Analyst,Passed,8,21,25,25
Julia_Hunt,julia.hunt@example.com,ML Engineer,Pending,0,14,22,6
Jennifer_Christensen,jennifer.christensen@example.com,Data Analyst,Pending,22,11,10,15
Savannah_Ross,savannah.ross@example.com,Product Manager,Passed,15,4,22,23
Billy_Vargas,billy.vargas@example.com,Data Analyst,Pending,23,0,17,12
Danielle_Luna,danielle.luna@example.com,Product Manager,Passed,23,11,24,18
Jennifer_Terry,jennifer.terry@example.com,ML Engineer,Pending,11,9,6,20
Natalie_Hall,natalie.hall@example.com,Backend Developer,Pending,6,11,25,12
Daniel_Baker,daniel.baker@example.com,ML Engineer,Failed,6,5,14,12
Robert_Terry,robert.terry@example.com,Backend Developer,Failed,14,3,8,2
Robert_Coffey,robert.coffey@example.com,Product Manager,Failed,8,0,14,4
Teresa_Rogers,teresa.rogers@example.com,Data Analyst,Pending,21,12,4,15
Jeanne_Ponce,jeanne.ponce@example.com,Backend Developer,Passed,21,19,9,12
Christina_Ross,christina.ross@example.com,Data Analyst,Passed,19,17,17,10
William_Gray,william.gray@example.com,Product Manager,Failed,1,3,9,14
George_Tucker,george.tucker@example.com,ML Engineer,Failed,2,9,11,9
Heather_Shah,heather.shah@example.com,Product Manager,Pending,1,11,19,23
Adrienne_Wright,adrienne.wright@example.com,ML Engineer,Failed,2,1,1,13
Katelyn_Lucas,katelyn.lucas@example.com,Product Manager,Failed,9,22,4,4
Eric_Black,eric.black@example.com,ML Engineer,Passed,24,19,11,9
Pam_Ball,pam.ball@example.com,ML Engineer,Pending,19,18,6,13
Sharon_Moss,sharon.moss@example.com,Data Analyst,Passed,13,19,25,5
Ann_Powell,ann.powell@example.com,Backend Developer,Failed,24,1,7,5
Thomas_Nguyen,thomas.nguyen@example.com,Backend Developer,Pending,11,13,0,18
Darryl_Baker,darryl.baker@example.com,Backend Developer,Failed,16,2,7,0
Ashley_Shannon,ashley.shannon@example.com,Product Manager,Pending,1,23,16,3
Joe_Romero,joe.romero@example.com,Data Analyst,Pending,2,14,19,22
Melvin_Brown,melvin.brown@example.com,Backend Developer,Pending,11,7,15,15
Dalton_Hill,dalton.hill@example.com,Product Manager,Pending,4,20,0,18
Kimberly_Owen,kimberly.owen@example.com,Product Manager,Passed,2,22,19,23
Devon_Williams,devon.williams@example.com,ML Engineer,Failed,15,0,14,9
Charles_Hess,charles.hess@example.com,Product Manager,Failed,1,19,6,2
Sean_Roy,sean.roy@example.com,ML Engineer,Passed,2,23,22,22
Matthew_Jones,matthew.jones@example.com,Data Analyst,Pending,23,10,9,17
Denise_Davis,denise.davis@example.com,Data Analyst,Pending,4,23,17,4
Jocelyn_Cannon,jocelyn.cannon@example.com,Product Manager,Failed,8,3,5,20
Connor_Bartlett,connor.bartlett@example.com,Data Analyst,Pending,24,5,4,10
Sarah_Ortiz,sarah.ortiz@example.com,Data Analyst,Passed,14,21,12,15
Hannah_Davis,hannah.davis@example.com,Product Manager,Failed,13,6,0,0
Tamara_Carlson,tamara.carlson@example.com,Backend Developer,Pending,18,24,6,1
Douglas_Jensen,douglas.jensen@example.com,Product Manager,Failed,9,1,18,0
Donald_Rosales,donald.rosales@example.com,ML Engineer,Passed,23,21,24,19
Cody_Davis,cody.davis@example.com,Product Manager,Failed,2,7,0,24
Donald_Zavala,donald.zavala@example.com,Data Analyst,Pending,16,2,12,10
Heather_Gonzalez,heather.gonzalez@example.com,ML Engineer,Pending,13,22,2,3
Caroline_Osborne,caroline.osborne@example.com,ML Engineer,Pending,19,7,18,2
Shawn_Butler,shawn.butler@example.com,Backend Developer,Failed,6,9,7,11
Shannon_Gardner,shannon.gardner@example.com,ML Engineer,Pending,12,7,22,5
Hayley_Alvarez,hayley.alvarez@example.com,Product Manager,Passed,21,14,9,16
Marcus_Young,marcus.young@example.com,ML Engineer,Pending,10,15,11,4
Walter_Russell,walter.russell@example.com,Data Analyst,Passed,19,18,20,12
Brooke_Fuller,brooke.fuller@example.com,Product Manager,Passed,12,22,16,12
Morgan_Reeves,morgan.reeves@example.com,ML Engineer,Pending,15,21,13,8
Ashley_Simmons,ashley.simmons@example.com,Data Analyst,Pending,0,22,18,19
Charles_Bowman,charles.bowman@example.com,Product Manager,Pending,23,22,7,2
Carla_Hernandez,carla.hernandez@example.com,Backend Developer,Pending,12,7,6,20
Sandra_Mills,sandra.mills@example.com,Backend Developer,Pending,6,13,22,15
Noah_Price,noah.price@example.com,Data Analyst,Failed,2,18,1,7
Jennifer_Nguyen,jennifer.nguyen@example.com,Data Analyst,Pending,13,15,9,14
Kyle_Allison,kyle.allison@example.com,Product Manager,Pending,20,4,5,19
Stephanie_Schneider,stephanie.schneider@example.com,Product Manager,Pending,20,7,21,4
Elizabeth_Burns,elizabeth.burns@example.com,ML Engineer,Pending,10,6,17,7
Debra_Cohen,debra.cohen@example.com,Product Manager,Failed,6,14,5,14
Justin_Moreno,justin.moreno@example.com,ML Engineer,Failed,12,0,23,0
Shirley_White,shirley.white@example.com,ML Engineer,Pending,21,21,2,8
Elizabeth_Coleman,elizabeth.coleman@example.com,Data Analyst,Pending,5,10,6,21
Anthony_Snyder,anthony.snyder@example.com,Product Manager,Passed,22,25,11,14
Cameron_Davis,cameron.davis@example.com,Data Analyst,Pending,9,14,13,14
Shelly_Hall,shelly.hall@example.com,Product Manager,Failed,6,0,7,1
Bradley_Benson,bradley.benson@example.com,Backend Developer,Passed,24,10,1,25
Gerald_Morris,gerald.morris@example.com,Product Manager,Pending,8,12,15,11
Sherri_Sullivan,sherri.sullivan@example.com,Product Manager,Pending,2,20,23,5
Michael_Lamb,michael.lamb@example.com,Product Manager,Pending,11,18,5,19
Haley_Rodriguez,haley.rodriguez@example.com,ML Engineer,Pending,24,17,3,6
Matthew_Ruiz,matthew.ruiz@example.com,Data Analyst,Failed,5,2,3,16
Virginia_Moore,virginia.moore@example.com,Product Manager,Pending,14,17,10,7
Christina_Mcknight,christina.mcknight@example.com,Backend Developer,Pending,25,8,5,17
John_Gomez,john.gomez@example.com,ML Engineer,Pending,5,18,8,24
Jeffrey_Merritt,jeffrey.merritt@example.com,Product Manager,Pending,14,5,18,9
Joanne_Long,joanne.long@example.com,Backend Developer,Pending,1,17,23,12
Patrick_Fitzgerald,patrick.fitzgerald@example.com,Product Manager,Pending,13,3,8,25
Danny_Sanchez,danny.sanchez@example.com,Backend Developer,Failed,0,6,15,10
Brent_Brown,brent.brown@example.com,ML Engineer,Pending,13,7,13,24
Amy_Johnson,amy.johnson@example.com,ML Engineer,Pending,17,17,3,3
Andrea_Delacruz,andrea.delacruz@example.com,Data Analyst,Passed,12,11,23,23
Marilyn_Lopez,marilyn.lopez@example.com,ML Engineer,Passed,16,15,11,18
Angelica_Anderson,angelica.anderson@example.com,ML Engineer,Failed,6,2,5,24
Jennifer_Anderson,jennifer.anderson@example.com,ML Engineer,Pending,24,13,6,9
David_Gonzales,david.gonzales@example.com,ML Engineer,Pending,18,23,6,12
Sarah_Morris,sarah.morris@example.com,Data Analyst,Pending,15,21,14,7
William_Shea,william.shea@example.com,ML Engineer,Pending,12,16,1,24
Debra_Robinson,debra.robinson@example.com,Data Analyst,Pending,24,0,13,3
Meghan_Knight,meghan.knight@example.com,Data Analyst,Failed,7,21,6,3
Cassidy_Mason,cassidy.mason@example.com,Backend Developer,Pending,11,17,10,19
Patrick_Rivera,patrick.rivera@example.com,Backend Developer,Failed,0,22,1,9
Melanie_Mclaughlin,melanie.mclaughlin@example.com,Product Manager,Passed,19,25,24,25
Barbara_Chase,barbara.chase@example.com,Product Manager,Passed,21,21,21,16
Jerry_Schaefer,jerry.schaefer@example.com,Product Manager,Pending,12,12,9,7
Edgar_Hernandez,edgar.hernandez@example.com,Product Manager,Pending,15,25,16,0
Maria_Johnson,maria.johnson@example.com,Product Manager,Passed,21,11,6,23
Douglas_White,douglas.white@example.com,Backend Developer,Pending,3,20,18,14
Kristie_Blake,kristie.blake@example.com,Backend Developer,Pending,25,3,10,11
James_Patrick,james.patrick@example.com,ML Engineer,Failed,7,14,1,3
Jason_Herman,jason.herman@example.com,ML Engineer,Pending,17,16,1,9
Andrew_Wilson,andrew.wilson@example.com,ML Engineer,Passed,4,24,20,24
Gregory_Sanders,gregory.sanders@example.com,Product Manager,Failed,0,4,3,3
Jesus_Cross,jesus.cross@example.com,Data Analyst,Failed,6,16,6,4
Kayla_Stewart,kayla.stewart@example.com,Product Manager,Pending,8,21,5,22
Julie_Wilson,julie.wilson@example.com,Backend Developer,Passed,19,6,16,21
Michael_Crawford,michael.crawford@example.com,Backend Developer,Pending,7,23,18,5
Donna_Reid,donna.reid@example.com,Backend Developer,Pending,11,4,20,19
Patricia_Fields,patricia.fields@example.com,Backend Developer,Passed,24,24,13,24
Benjamin_Vaughn,benjamin.vaughn@example.com,Data Analyst,Pending,12,16,7,13
Anita_Clark,anita.clark@example.com,ML Engineer,Passed,10,21,22,24
Bethany_Grant,bethany.grant@example.com,ML Engineer,Passed,20,24,12,15
John_Ross,john.ross@example.com,Backend Developer,Passed,21,5,19,20
Luis_Villarreal,luis.villarreal@example.com,Data Analyst,Pending,11,8,17,6
Luis_Anderson,luis.anderson@example.com,ML Engineer,Pending,5,18,25,1
Daniel_Strickland,daniel.strickland@example.com,Data Analyst,Failed,5,8,14,2
James_Allen,james.allen@example.com,Backend Developer,Pending,6,23,5,12
Crystal_Nunez,crystal.nunez@example.com,ML Engineer,Passed,25,3,17,22
Jeffery_Roberts,jeffery.roberts@example.com,Backend Developer,Failed,7,10,13,8
Kimberly_Williams,kimberly.williams@example.com,ML Engineer,Pending,23,8,8,9
Michael_Mcconnell,michael.mcconnell@example.com,Product Manager,Passed,10,13,22,24
Kelli_Carter,kelli.carter@example.com,Backend Developer,Passed,20,22,21,13
William_Evans,william.evans@example.com,Data Analyst,Passed,25,16,21,21
Christine_Gray,christine.gray@example.com,Backend Developer,Failed,1,5,12,3
Lori_Bailey,lori.bailey@example.com,Data Analyst,Pending,17,5,7,22
Melanie_Holmes,melanie.holmes@example.com,ML Engineer,Passed,4,24,16,23
Jason_Pearson,jason.pearson@example.com,ML Engineer,Failed,14,13,3,2
Erin_Garcia,erin.garcia@example.com,Backend Developer,Failed,16,10,5,3
Lisa_Martinez,lisa.martinez@example.com,Data Analyst,Passed,16,23,16,19
Allison_Gibson,allison.gibson@example.com,Backend Developer,Failed,13,10,0,9
Larry_Fisher,larry.fisher@example.com,ML Engineer,Passed,19,2,21,25
Ivan_Craig,ivan.craig@example.com,Product Manager,Pending,3,5,15,21
Colleen_Hunter,colleen.hunter@example.com,Data Analyst,Passed,25,20,13,7
Darren_Bernard,darren.bernard@example.com,ML Engineer,Failed,5,24,1,4
David_Wright,david.wright@example.com,ML Engineer,Pending,16,13,24,2
Penny_Long,penny.long@example.com,Product Manager,Failed,0,1,10,7
Laura_Wheeler,laura.wheeler@example.com,Backend Developer,Pending,24,4,25,6
Susan_Hancock,susan.hancock@example.com,Data Analyst,Pending,22,10,13,5
Amanda_Martinez,amanda.martinez@example.com,ML Engineer,Pending,14,16,12,13
Madison_Holmes,madison.holmes@example.com,ML Engineer,Passed,18,20,16,22
Ashley_Ramirez,ashley.ramirez@example.com,Data Analyst,Failed,13,4,11,3
James_Christensen,james.christensen@example.com,Product Manager,Failed,10,1,3,1
Alejandra_Martin,alejandra.martin@example.com,Product Manager,Pending,6,4,21,20
Kathryn_Berger,kathryn.berger@example.com,Backend Developer,Passed,21,20,22,1
Zachary_Hughes,zachary.hughes@example.com,Product Manager,Passed,17,16,23,13
Jacob_Smith,jacob.smith@example.com,Backend Developer,Pending,18,19,3,18
Patricia_Ford,patricia.ford@example.com,Data Analyst,Passed,18,24,0,23
Lori_Miller,lori.miller@example.com,ML Engineer,Passed,21,12,24,6
Deanna_Richardson,deanna.richardson@example.com,Backend Developer,Passed,25,6,23,24
Frank_Perry,frank.perry@example.com,Data Analyst,Passed,18,24,16,14
Jessica_Graham,jessica.graham@example.com,ML Engineer,Pending,14,19,3,11
Tina_Hartman,tina.hartman@example.com,ML Engineer,Pending,20,7,20,9
Jake_Patterson,jake.patterson@example.com,Backend Developer,Passed,23,19,11,16
Virginia_Freeman,virginia.freeman@example.com,ML Engineer,Pending,17,18,14,5
Stacy_Walker,stacy.walker@example.com,ML Engineer,Pending,18,15,10,2
Kathleen_Mccormick,kathleen.mccormick@example.com,ML Engineer,Pending,17,9,11,10
Lauren_Green,lauren.green@example.com,Data Analyst,Pending,18,4,10,17
Paul_Barry,paul.barry@example.com,ML Engineer,Passed,25,10,23,3
Julie_Newman,julie.newman@example.com,Product Manager,Failed,11,9,7,12
Thomas_Long,thomas.long@example.com,Data Analyst,Failed,12,3,16,7
Jared_Aguilar,jared.aguilar@example.com,Product Manager,Passed,21,23,5,13
Brian_Wilson,brian.wilson@example.com,Data Analyst,Passed,15,8,19,20
Desiree_Russell,desiree.russell@example.com,Data Analyst,Pending,16,13,16,9
Tracey_Scott,tracey.scott@example.com,ML Engineer,Pending,9,6,13,15
Theresa_Stewart,theresa.stewart@example.com,Product Manager,Failed,2,10,4,14
Brian_Johnson,brian.johnson@example.com,Backend Developer,Pending,12,4,19,22
Sherri_Walters,sherri.walters@example.com,Data Analyst,Failed,0,9,7,0
Vincent_Morris,vincent.morris@example.com,Product Manager,Passed,23,24,18,14
Jesse_Weber,jesse.weber@example.com,ML Engineer,Pending,25,1,13,14
Anthony_Garcia,anthony.garcia@example.com,ML Engineer,Passed,19,18,12,17
Michael_Owens,michael.owens@example.com,ML Engineer,Failed,10,0,0,12
Richard_Dominguez,richard.dominguez@example.com,ML Engineer,Passed,25,12,16,18
John_Fernandez,john.fernandez@example.com,ML Engineer,Passed,14,25,19,4
Bryce_Nelson,bryce.nelson@example.com,Data Analyst,Pending,3,24,11,17
Kristi_Johnson,kristi.johnson@example.com,Product Manager,Pending,25,25,7,1
Brad_Travis,brad.travis@example.com,ML Engineer,Pending,11,19,11,13
Jodi_Trujillo,jodi.trujillo@example.com,Backend Developer,Pending,8,2,17,24
Derrick_Sheppard,derrick.sheppard@example.com,ML Engineer,Passed,25,11,15,18
Matthew_White,matthew.white@example.com,Data Analyst,Failed,21,9,0,3
Amy_Walker,amy.walker@example.com,Product Manager,Pending,7,7,24,3
Dustin_Cain,dustin.cain@example.com,ML Engineer,Passed,23,21,15,3
Larry_Singleton,larry.singleton@example.com,Product Manager,Pending,23,1,6,22
Andrew_Carpenter,andrew.carpenter@example.com,Data Analyst,Passed,17,18,14,19
Jesse_Goodman,jesse.goodman@example.com,ML Engineer,Pending,17,8,16,16
Madison_Jones,madison.jones@example.com,Product Manager,Pending,12,6,19,18
Stephen_Macias,stephen.macias@example.com,Backend Developer,Passed,25,6,9,23
Michele_Martin,michele.martin@example.com,Data Analyst,Passed,16,12,23,24
Kaylee_Martin,kaylee.martin@example.com,Backend Developer,Failed,5,5,1,24
Daniel_Ross,daniel.ross@example.com,Data Analyst,Pending,15,19,5,9
Mary_Mckenzie,mary.mckenzie@example.com,ML Engineer,Passed,19,14,23,4
Joseph_Nguyen,joseph.nguyen@example.com,Product Manager,Pending,11,12,2,20
Manuel_Lang,manuel.lang@example.com,ML Engineer,Pending,6,21,16,0
Andrew_Mclaughlin,andrew.mclaughlin@example.com,Data Analyst,Pending,25,2,13,19
Barbara_Lamb,barbara.lamb@example.com,Data Analyst,Passed,10,20,22,9
Hannah_Russell,hannah.russell@example.com,Backend Developer,Pending,21,24,6,0
Matthew_Carr,matthew.carr@example.com,Backend Developer,Pending,11,13,22,13
Katherine_Kennedy,katherine.kennedy@example.com,Product Manager,Failed,2,9,9,6
Ashley_Thomas,ashley.thomas@example.com,Data Analyst,Passed,24,25,23,13
Teresa_Sanchez,teresa.sanchez@example.com,ML Engineer,Pending,2,18,20,3
Stephanie_Gardner,stephanie.gardner@example.com,Product Manager,Passed,18,24,13,10
Brian_Garza,brian.garza@example.com,Product Manager,Failed,2,12,6,3
Andrea_Giles,andrea.giles@example.com,Product Manager,Pending,9,19,25,1
Sandra_Wright,sandra.wright@example.com,Backend Developer,Pending,12,16,3,14
Richard_Snow,richard.snow@example.com,Product Manager,Pending,16,4,6,16
David_Mendoza,david.mendoza@example.com,Data Analyst,Passed,12,23,24,23
Ryan_Russell,ryan.russell@example.com,Product Manager,Pending,8,6,15,14
Susan_Brewer,susan.brewer@example.com,Data Analyst,Passed,23,17,19,8
Daryl_Bauer,daryl.bauer@example.com,Backend Developer,Pending,1,3,22,14
Jacob_Cannon,jacob.cannon@example.com,Backend Developer,Failed,0,9,9,5
Cory_Harris,cory.harris@example.com,Backend Developer,Passed,22,22,22,5
Kimberly_Moreno,kimberly.moreno@example.com,Backend Developer,Pending,13,2,20,11
Amanda_Roth,amanda.roth@example.com,Product Manager,Pending,7,23,3,9
Daniel_Tucker,daniel.tucker@example.com,Backend Developer,Pending,15,4,25,6
Brendan_Robertson,brendan.robertson@example.com,Product Manager,Failed,8,8,7,3
Tom_Hill,tom.hill@example.com,ML Engineer,Pending,22,2,24,8
Heather_Reed,heather.reed@example.com,Backend Developer,Pending,1,24,9,20
Joseph_Harvey,joseph.harvey@example.com,Product Manager,Failed,7,2,15,1
Gene_Owens,gene.owens@example.com,Backend Developer,Failed,10,2,4,17
Candace_Marshall,candace.marshall@example.com,Data Analyst,Passed,25,9,12,25
Heidi_Patton,heidi.patton@example.com,ML Engineer,Pending,6,7,17,11
Stephanie_Ramirez,stephanie.ramirez@example.com,Product Manager,Passed,21,16,15,11
Michael_Garcia,michael.garcia@example.com,ML Engineer,Failed,2,6,10,10
Amy_Lopez,amy.lopez@example.com,Product Manager,Passed,4,21,15,20
Daniel_Moore,daniel.moore@example.com,Data Analyst,Pending,20,10,11,11
April_Greer,april.greer@example.com,ML Engineer,Failed,11,2,6,12
Heather_Harris,heather.harris@example.com,Product Manager,Failed,14,3,4,10
Amber_Ramirez,amber.ramirez@example.com,Data Analyst,Pending,10,20,6,12
Jaime_Ward,jaime.ward@example.com,Backend Developer,Pending,2,17,14,17
Courtney_Jennings,courtney.jennings@example.com,ML Engineer,Pending,25,19,5,2
Laurie_David,laurie.david@example.com,Product Manager,Failed,11,2,17,6
Jacob_Lindsey,jacob.lindsey@example.com,Data Analyst,Pending,6,14,6,20
Michelle_Yang,michelle.yang@example.com,Product Manager,Failed,19,7,5,5
John_Wagner,john.wagner@example.com,ML Engineer,Failed,23,1,7,1
Leah_Lewis,leah.lewis@example.com,ML Engineer,Passed,19,12,22,13
Kristin_Austin,kristin.austin@example.com,Backend Developer,Pending,4,12,22,14
Eric_Buck,eric.buck@example.com,Backend Developer,Pending,2,23,12,18
Joseph_Gibson,joseph.gibson@example.com,Backend Developer,Passed,16,24,21,2
Nicholas_Henson,nicholas.henson@example.com,Product Manager,Passed,24,20,23,25
Derek_Kelly,derek.kelly@example.com,Product Manager,Passed,3,25,24,10
Leroy_Garcia,leroy.garcia@example.com,ML Engineer,Failed,17,1,0,10
Robert_Holmes,robert.holmes@example.com,Data Analyst,Failed,13,8,5,3
Joshua_Miller,joshua.miller@example.com,Backend Developer,Failed,11,11,5,8
Carla_Sutton,carla.sutton@example.com,ML Engineer,Passed,24,15,23,17
James_Lara,james.lara@example.com,Backend Developer,Failed,10,23,0,3
John_Thomas,john.thomas@example.com,Data Analyst,Failed,7,16,5,6
Mark_Brown,mark.brown@example.com,Product Manager,Passed,17,22,8,19
Anne_Franklin,anne.franklin@example.com,Product Manager,Failed,1,4,20,9
Joyce_Calhoun,joyce.calhoun@example.com,Backend Developer,Pending,18,5,23,0
Kevin_Booker,kevin.booker@example.com,ML Engineer,Pending,25,4,12,6
Raymond_Phillips,raymond.phillips@example.com,ML Engineer,Passed,17,21,1,24
Laura_Osborn,laura.osborn@example.com,Backend Developer,Passed,19,20,5,21
Danielle_Brown,danielle.brown@example.com,Backend Developer,Pending,11,12,2,19
Jeffrey_Rivera,jeffrey.rivera@example.com,Data Analyst,Failed,2,10,6,9
Mark_Jenkins,mark.jenkins@example.com,Backend Developer,Pending,23,3,20,7
Richard_Hernandez,richard.hernandez@example.com,Product Manager,Pending,9,0,25,12
Tammy_Garcia,tammy.garcia@example.com,Backend Developer,Pending,7,5,20,22
Andrew_Burke,andrew.burke@example.com,Backend Developer,Pending,6,20,15,1
Justin_Brooks,justin.brooks@example.com,Product Manager,Pending,3,24,11,21
Jennifer_Evans,jennifer.evans@example.com,Data Analyst,Pending,22,4,10,17
Bruce_Price,bruce.price@example.com,Backend Developer,Failed,10,6,11,2
Olivia_Snow,olivia.snow@example.com,Product Manager,Passed,22,15,15,11
Jillian_Cook,jillian.cook@example.com,ML Engineer,Pending,7,19,16,11
Alexander_Gibson,alexander.gibson@example.com,Data Analyst,Pending,13,11,12,16
Marvin_Cruz,marvin.cruz@example.com,Data Analyst,Passed,20,25,20,2
Joseph_Russell,joseph.russell@example.com,Product Manager,Pending,6,19,20,0
Christopher_Rivera,christopher.rivera@example.com,Backend Developer,Pending,17,4,25,11
Taylor_Murphy,taylor.murphy@example.com,Product Manager,Pending,9,16,11,11
Paul_Donaldson,paul.donaldson@example.com,Backend Developer,Failed,22,4,9,1
Stephen_Moreno,stephen.moreno@example.com,Backend Developer,Passed,13,25,8,25
Joe_Black,joe.black@example.com,Backend Developer,Failed,3,8,12,10
Lisa_Joseph,lisa.joseph@example.com,ML Engineer,Passed,23,6,20,16
Erin_Collins,erin.collins@example.com,Product Manager,Pending,18,4,8,14
Juan_Andrews,juan.andrews@example.com,Data Analyst,Pending,2,11,16,21
Leslie_Greene,leslie.greene@example.com,ML Engineer,Pending,8,17,7,21
Jose_Garcia,jose.garcia@example.com,Backend Developer,Failed,8,0,21,9
Joanne_Torres,joanne.torres@example.com,Backend Developer,Pending,17,6,18,10
Kyle_Odonnell,kyle.odonnell@example.com,Product Manager,Pending,14,13,25,7
Brandon_Dunn,brandon.dunn@example.com,ML Engineer,Pending,8,9,9,16
Carol_Allen,carol.allen@example.com,ML Engineer,Pending,5,24,4,20
Jennifer_Andrews,jennifer.andrews@example.com,ML Engineer,Pending,0,4,20,19
Tina_Johns,tina.johns@example.com,Data Analyst,Passed,23,19,10,22
Laura_Burke,laura.burke@example.com,Backend Developer,Pending,12,6,15,17
Joseph_Wilkinson,joseph.wilkinson@example.com,Product Manager,Passed,5,24,22,9
Justin_Ryan,justin.ryan@example.com,Backend Developer,Failed,0,13,0,8
Joseph_Collins,joseph.collins@example.com,Product Manager,Failed,11,8,8,2
Jill_Williams,jill.williams@example.com,Data Analyst,Passed,13,21,24,17
Mary_Patterson,mary.patterson@example.com,ML Engineer,Pending,19,14,6,17
Rodney_Gonzalez,rodney.gonzalez@example.com,ML Engineer,Pending,15,15,14,8
Ethan_Johnson,ethan.johnson@example.com,Product Manager,Passed,18,1,25,18
Christine_Young,christine.young@example.com,ML Engineer,Pending,14,20,8,0
Christian_Perry,christian.perry@example.com,Backend Developer,Pending,24,14,3,18
Sharon_Smith,sharon.smith@example.com,Backend Developer,Pending,8,22,2,22
Justin_Wise,justin.wise@example.com,Backend Developer,Pending,18,8,5,10
Thomas_Manning,thomas.manning@example.com,ML Engineer,Pending,2,21,7,19
George_Mcclure,george.mcclure@example.com,Data Analyst,Pending,11,15,6,21
Courtney_Li,courtney.li@example.com,Backend Developer,Pending,11,14,22,0
Justin_Briggs,justin.briggs@example.com,Data Analyst,Passed,22,23,8,13
Jeffrey_Boyd,jeffrey.boyd@example.com,Backend Developer,Pending,20,17,2,20
Connie_Allison,connie.allison@example.com,Data Analyst,Failed,11,1,12,12
Amber_Barrett,amber.barrett@example.com,Data Analyst,Pending,1,6,20,14
Victor_Jones,victor.jones@example.com,ML Engineer,Failed,12,0,12,3
Jacob_Jones,jacob.jones@example.com,Product Manager,Pending,24,7,6,9
Eric_Scott,eric.scott@example.com,Data Analyst,Failed,3,0,11,6
Michelle_Baker,michelle.baker@example.com,Product Manager,Failed,12,0,23,3
Janet_Ford,janet.ford@example.com,ML Engineer,Pending,12,19,24,1
Alicia_Peck,alicia.peck@example.com,Data Analyst,Pending,5,21,11,10
Ralph_Jones,ralph.jones@example.com,Product Manager,Failed,6,11,7,13
Penny_Barton,penny.barton@example.com,Data Analyst,Pending,7,7,10,23
Maria_Barber,maria.barber@example.com,ML Engineer,Failed,4,1,9,17
Robert_Bauer,robert.bauer@example.com,ML Engineer,Pending,17,4,9,19
Wayne_Velazquez,wayne.velazquez@example.com,ML Engineer,Failed,12,2,0,6
Charles_Sandoval,charles.sandoval@example.com,Backend Developer,Pending,17,5,3,15
Jennifer_Weber,jennifer.weber@example.com,Data Analyst,Pending,6,14,18,4
Brandon_Turner,brandon.turner@example.com,Product Manager,Failed,0,4,6,6
Jennifer_Medina,jennifer.medina@example.com,Product Manager,Failed,6,3,11,7
Cheryl_Mccoy,cheryl.mccoy@example.com,Product Manager,Failed,15,13,6,3
Lindsey_Davis,lindsey.davis@example.com,Product Manager,Pending,10,16,19,11
Ryan_Pennington,ryan.pennington@example.com,Backend Developer,Failed,6,5,10,16
Laura_Copeland,laura.copeland@example.com,ML Engineer,Pending,17,6,1,18
Adrian_Thompson,adrian.thompson@example.com,Backend Developer,Passed,21,18,5,18
Bradley_Wilson,bradley.wilson@example.com,Data Analyst,Passed,13,21,14,19
Aaron_Faulkner,aaron.faulkner@example.com,Product Manager,Pending,10,5,13,14
Jeffery_Macdonald,jeffery.macdonald@example.com,Data Analyst,Pending,7,12,19,9
Jamie_Hodges,jamie.hodges@example.com,Backend Developer,Failed,7,7,9,7
Sandra_Harris,sandra.harris@example.com,Data Analyst,Failed,5,0,9,5
Jessica_Oneal,jessica.oneal@example.com,Data Analyst,Failed,12,7,0,1
Ashley_Alvarez,ashley.alvarez@example.com,Backend Developer,Pending,18,1,19,10
Robert_Valdez,robert.valdez@example.com,Backend Developer,Pending,17,17,21,0
Lori_Rose,lori.rose@example.com,Product Manager,Pending,12,18,6,22
Jason_Davis,jason.davis@example.com,ML Engineer,Failed,1,8,4,14
Melissa_Beck,melissa.beck@example.com,Product Manager,Pending,1,17,19,20
Dakota_Castillo,dakota.castillo@example.com,Backend Developer,Failed,6,7,0,21
John_Green,john.green@example.com,Data Analyst,Pending,13,2,17,17
Joel_Brown,joel.brown@example.com,ML Engineer,Failed,16,2,0,19
Marcus_Bennett,marcus.bennett@example.com,Product Manager,Pending,10,16,23,1
Natalie_Cole,natalie.cole@example.com,Product Manager,Passed,3,22,24,18
Randall_Day,randall.day@example.com,Data Analyst,Pending,8,3,17,24
Justin_Bradley,justin.bradley@example.com,Backend Developer,Failed,4,8,20,7
Jessica_Perez,jessica.perez@example.com,Backend Developer,Pending,21,18,19,1
Devin_Thompson,devin.thompson@example.com,Backend Developer,Pending,15,22,10,7
David_Deleon,david.deleon@example.com,ML Engineer,Passed,23,21,22,16
Anna_Martin,anna.martin@example.com,Data Analyst,Passed,24,25,12,5
Christopher_Byrd,christopher.byrd@example.com,Product Manager,Passed,11,24,8,17
Kevin_Morrow,kevin.morrow@example.com,ML Engineer,Passed,24,6,22,21
Kristy_Woods,kristy.woods@example.com,Product Manager,Passed,17,12,14,23
Cindy_Mitchell,cindy.mitchell@example.com,Product Manager,Pending,18,16,21,4
Kevin_Hebert,kevin.hebert@example.com,Product Manager,Passed,15,24,19,9
Debbie_Mills,debbie.mills@example.com,Backend Developer,Pending,17,15,5,17
Stacy_Fisher,stacy.fisher@example.com,Backend Developer,Pending,25,25,4,0
Collin_Rangel,collin.rangel@example.com,Data Analyst,Pending,2,20,11,12
Edward_Walter,edward.walter@example.com,Data Analyst,Pending,8,25,9,7
Diane_Hall,diane.hall@example.com,Product Manager,Pending,14,8,2,16
Terry_Suarez,terry.suarez@example.com,ML Engineer,Pending,10,18,2,10
Dale_Anderson,dale.anderson@example.com,Backend Developer,Pending,0,12,25,21
Dennis_Barker,dennis.barker@example.com,Product Manager,Pending,25,22,9,0
Robert_Brewer,robert.brewer@example.com,ML Engineer,Pending,12,10,15,11
Cynthia_Rivera,cynthia.rivera@example.com,Product Manager,Pending,9,23,0,24
Bobby_Rice,bobby.rice@example.com,Backend Developer,Pending,9,14,19,12
Phillip_Henderson,phillip.henderson@example.com,Backend Developer,Pending,18,5,17,16
John_Pittman,john.pittman@example.com,Product Manager,Pending,25,13,1,1
Jessica_Morris,jessica.morris@example.com,Data Analyst,Passed,17,23,14,23
Jeremiah_Reed,jeremiah.reed@example.com,Backend Developer,Passed,19,5,25,12
Jesus_Jackson,jesus.jackson@example.com,Backend Developer,Passed,22,9,25,6
Ronald_King,ronald.king@example.com,Backend Developer,Failed,13,10,1,13
Derek_Nelson,derek.nelson@example.com,Backend Developer,Failed,6,9,0,1
Benjamin_Russell,benjamin.russell@example.com,Data Analyst,Failed,12,14,2,3
Mason_Aguilar,mason.aguilar@example.com,Product Manager,Pending,16,1,14,21
Suzanne_Morgan,suzanne.morgan@example.com,Backend Developer,Passed,25,24,14,24
Deborah_Lawrence,deborah.lawrence@example.com,Data Analyst,Failed,4,10,4,18
Daniel_Murphy,daniel.murphy@example.com,ML Engineer,Pending,12,23,4,8
Sarah_Schultz,sarah.schultz@example.com,ML Engineer,Passed,17,5,24,15
Misty_Curtis,misty.curtis@example.com,Data Analyst,Pending,22,13,6,14
Willie_Simmons,willie.simmons@example.com,Backend Developer,Pending,25,6,4,5
Paul_Greene,paul.greene@example.com,Data Analyst,Failed,17,1,3,8
Teresa_Nichols,teresa.nichols@example.com,ML Engineer,Pending,18,18,11,0
Jamie_Holloway,jamie.holloway@example.com,ML Engineer,Pending,20,5,18,7
Hannah_Wright,hannah.wright@example.com,Data Analyst,Pending,13,25,7,7
Justin_Miller,justin.miller@example.com,Data Analyst,Failed,18,2,5,12
Amber_Sweeney,amber.sweeney@example.com,Backend Developer,Failed,13,13,8,1
Michael_Gardner,michael.gardner@example.com,ML Engineer,Pending,12,10,21,7
Tina_Hawkins,tina.hawkins@example.com,Product Manager,Passed,25,22,19,4
Derek_Hall,derek.hall@example.com,Product Manager,Passed,21,17,19,15
Benjamin_Smith,benjamin.smith@example.com,Backend Developer,Passed,21,19,8,19
Kyle_Howard,kyle.howard@example.com,Data Analyst,Failed,6,5,3,22
Juan_Turner,juan.turner@example.com,Backend Developer,Passed,25,15,17,10
Gary_Mann,gary.mann@example.com,Backend Developer,Pending,18,21,0,3
William_Cooper,william.cooper@example.com,Data Analyst,Pending,10,16,5,21
Raven_Price,raven.price@example.com,Data Analyst,Pending,5,23,13,16
Leslie_Wright,leslie.wright@example.com,Product Manager,Pending,2,9,13,18
Marisa_Weber,marisa.weber@example.com,Backend Developer,Pending,3,23,6,20
Martha_Powers,martha.powers@example.com,Backend Developer,Passed,22,24,8,23
Nicole_Martinez,nicole.martinez@example.com,Data Analyst,Passed,5,9,25,22
Gloria_Goodman,gloria.goodman@example.com,ML Engineer,Pending,23,9,6,12
Elizabeth_Moore,elizabeth.moore@example.com,Product Manager,Pending,6,6,15,20
Brandon_Young,brandon.young@example.com,Backend Developer,Pending,9,16,0,20
Jose_Romero,jose.romero@example.com,ML Engineer,Failed,2,4,7,24
Sean_Perez,sean.perez@example.com,Data Analyst,Passed,24,24,20,17
Samuel_Mosley,samuel.mosley@example.com,Product Manager,Pending,5,10,20,9
Ashley_Holt,ashley.holt@example.com,Product Manager,Passed,17,1,23,25
Lauren_Williamson,lauren.williamson@example.com,ML Engineer,Pending,23,9,3,9
Joshua_Davis,joshua.davis@example.com,Data Analyst,Pending,21,12,6,6
Dominique_Perry,dominique.perry@example.com,Product Manager,Passed,22,9,8,23
Stephanie_Long,stephanie.long@example.com,Backend Developer,Passed,11,20,25,22
Hannah_Bennett,hannah.bennett@example.com,ML Engineer,Pending,14,14,2,24
Pam_Cooper,pam.cooper@example.com,Backend Developer,Failed,5,3,0,7
Anthony_Taylor,anthony.taylor@example.com,ML Engineer,Pending,8,15,7,20
Christopher_Roberts,christopher.roberts@example.com,Product Manager,Pending,16,20,12,1
Kristina_Horton,kristina.horton@example.com,Product Manager,Failed,4,20,0,12
William_Smith,william.smith@example.com,ML Engineer,Pending,16,6,23,9
Christopher_Torres,christopher.torres@example.com,Data Analyst,Pending,5,16,19,10
Corey_Gibson,corey.gibson@example.com,Data Analyst,Passed,7,21,21,12
Joseph_Sosa,joseph.sosa@example.com,Backend Developer,Failed,4,20,5,4
William_Kemp,william.kemp@example.com,Product Manager,Pending,15,6,8,25
Pamela_Payne,pamela.payne@example.com,Backend Developer,Failed,14,0,20,3
Sherry_Mills,sherry.mills@example.com,Data Analyst,Failed,7,3,8,5
Brittany_Skinner,brittany.skinner@example.com,Product Manager,Passed,19,20,11,16
Matthew_Miller,matthew.miller@example.com,Product Manager,Pending,9,16,2,21
Ryan_Moore,ryan.moore@example.com,Product Manager,Pending,19,6,14,14
Luis_Ford,luis.ford@example.com,Backend Developer,Pending,15,14,12,5
James_Gomez,james.gomez@example.com,Data Analyst,Passed,19,10,20,20
Pamela_Robertson,pamela.robertson@example.com,Backend Developer,Pending,12,1,21,17
Kimberly_Marks,kimberly.marks@example.com,Data Analyst,Failed,11,19,5,1
Steven_Pollard,steven.pollard@example.com,ML Engineer,Pending,5,15,17,5
Sara_Bryant,sara.bryant@example.com,Backend Developer,Pending,7,24,14,8
Christopher_Cooley,christopher.cooley@example.com,Backend Developer,Pending,6,14,9,21
Linda_Jones,linda.jones@example.com,ML Engineer,Pending,3,12,17,12
Stephen_Jennings,stephen.jennings@example.com,Data Analyst,Failed,8,7,8,12
Sonya_Munoz,sonya.munoz@example.com,Data Analyst,Passed,16,17,16,14
Mark_Parker,mark.parker@example.com,ML Engineer,Failed,7,18,0,10
Alexis_Cruz,alexis.cruz@example.com,Product Manager,Pending,2,16,18,16
Marie_Bailey,marie.bailey@example.com,Backend Developer,Pending,18,4,15,3
Jessica_Garcia,jessica.garcia@example.com,Data Analyst,Pending,11,20,3,13
Thomas_Cooper,thomas.cooper@example.com,Data Analyst,Pending,18,17,6,17
Anita_Hess,anita.hess@example.com,ML Engineer,Failed,4,1,3,5
Damon_Harris,damon.harris@example.com,Product Manager,Passed,23,24,9,24
Sonya_Moore,sonya.moore@example.com,ML Engineer,Pending,10,12,23,8
Kenneth_Soto,kenneth.soto@example.com,Backend Developer,Pending,5,15,23,5
Valerie_Shannon,valerie.shannon@example.com,Data Analyst,Passed,19,8,16,19
Richard_Gaines,richard.gaines@example.com,Product Manager,Pending,6,12,17,11
Susan_Oconnor,susan.oconnor@example.com,Data Analyst,Pending,16,18,15,3
Marissa_Day,marissa.day@example.com,Data Analyst,Pending,21,4,15,17
Tammie_Pierce,tammie.pierce@example.com,Backend Developer,Passed,21,24,14,13
Tracy_Benton,tracy.benton@example.com,Backend Developer,Pending,17,12,15,8
Angela_Davis,angela.davis@example.com,Product Manager,Passed,10,23,24,11
Jacqueline_Anderson,jacqueline.anderson@example.com,ML Engineer,Pending,13,10,9,15
Jon_Clark,jon.clark@example.com,Data Analyst,Pending,8,6,22,23
Anthony_Hunter,anthony.hunter@example.com,Product Manager,Failed,13,9,15,1
Timothy_Lam,timothy.lam@example.com,Product Manager,Passed,13,24,16,15
Taylor_Cruz,taylor.cruz@example.com,Data Analyst,Passed,23,22,8,25
Samantha_Robbins,samantha.robbins@example.com,ML Engineer,Passed,22,25,16,0
Jeremy_Pierce,jeremy.pierce@example.com,ML Engineer,Pending,14,10,19,9
James_Bryant,james.bryant@example.com,Data Analyst,Pending,17,22,9,10
Ann_Williams,ann.williams@example.com,Data Analyst,Pending,21,12,7,9
Shawn_Scott,shawn.scott@example.com,Product Manager,Pending,14,25,9,8
Jennifer_Johnson,jennifer.johnson@example.com,Data Analyst,Passed,8,23,7,22
Joseph_Watson,joseph.watson@example.com,Backend Developer,Failed,1,8,8,8
George_Nunez,george.nunez@example.com,ML Engineer,Passed,20,18,23,19
Tracy_Beasley,tracy.beasley@example.com,Data Analyst,Failed,0,6,16,7
Melissa_West,melissa.west@example.com,Product Manager,Passed,24,19,16,22
Matthew_Walker,matthew.walker@example.com,Product Manager,Pending,8,4,24,11
Ashley_Lopez,ashley.lopez@example.com,Product Manager,Passed,11,24,9,25
Jacqueline_Sanders,jacqueline.sanders@example.com,Product Manager,Failed,22,6,4,4
Heather_Riley,heather.riley@example.com,Product Manager,Passed,14,15,6,25
Joseph_Fisher,joseph.fisher@example.com,Backend Developer,Failed,0,13,2,0
Lisa_George,lisa.george@example.com,Backend Developer,Pending,19,3,16,3
Jessica_Hernandez,jessica.hernandez@example.com,ML Engineer,Pending,16,9,3,22
Norma_Odom,norma.odom@example.com,Data Analyst,Passed,13,7,20,24
Jeremy_Gonzalez,jeremy.gonzalez@example.com,ML Engineer,Pending,20,16,4,0
John_Smith,john.smith@example.com,Backend Developer,Passed,17,13,22,14
Tanya_Melton,tanya.melton@example.com,Backend Developer,Pending,10,10,8,15
Jerry_Monroe,jerry.monroe@example.com,Backend Developer,Pending,9,21,8,15
Stephen_Meyer,stephen.meyer@example.com,Backend Developer,Pending,16,20,10,5
Christina_Parker,christina.parker@example.com,Product Manager,Pending,13,3,20,6
Kaitlin_Chavez,kaitlin.chavez@example.com,ML Engineer,Passed,21,10,24,6
Christopher_Johnson,christopher.johnson@example.com,ML Engineer,Failed,1,7,22,0
Mary_Scott,mary.scott@example.com,Backend Developer,Failed,0,24,9,2
Antonio_Brown,antonio.brown@example.com,Product Manager,Pending,9,23,12,8
Lisa_Aguirre,lisa.aguirre@example.com,ML Engineer,Failed,3,7,12,16
Mary_Miller,mary.miller@example.com,Product Manager,Failed,12,8,7,8
John_Bennett,john.bennett@example.com,ML Engineer,Pending,7,25,2,11
Robert_Black,robert.black@example.com,Data Analyst,Failed,4,10,6,13
Thomas_Young,thomas.young@example.com,Product Manager,Pending,5,19,22,0
Ronald_Wade,ronald.wade@example.com,Backend Developer,Passed,16,19,4,23
Kristen_Madden,kristen.madden@example.com,ML Engineer,Pending,20,16,0,5
Kathy_Serrano,kathy.serrano@example.com,ML Engineer,Failed,17,17,4,0
Jeffery_Miller,jeffery.miller@example.com,ML Engineer,Passed,17,2,23,21
James_Lang,james.lang@example.com,Backend Developer,Passed,16,14,11,21
Shannon_Bowman,shannon.bowman@example.com,Data Analyst,Pending,24,4,13,17
Nancy_Kramer,nancy.kramer@example.com,Backend Developer,Passed,16,2,24,19
Kenneth_Watkins,kenneth.watkins@example.com,ML Engineer,Passed,20,15,5,20
Anthony_Schultz,anthony.schultz@example.com,Data Analyst,Pending,22,15,4,7
Evelyn_Velasquez,evelyn.velasquez@example.com,Data Analyst,Pending,12,1,15,15
Lawrence_Barnes,lawrence.barnes@example.com,Product Manager,Pending,6,6,6,23
Tony_Hunt,tony.hunt@example.com,Product Manager,Pending,17,20,9,7
Micheal_Lopez,micheal.lopez@example.com,Backend Developer,Pending,13,17,0,17
Rachel_Smith,rachel.smith@example.com,Data Analyst,Passed,17,24,19,10
Kevin_Chan,kevin.chan@example.com,Product Manager,Pending,16,24,10,2
Karen_Clark,karen.clark@example.com,ML Engineer,Failed,0,2,11,25
Alicia_Li,alicia.li@example.com,ML Engineer,Failed,4,5,4,20
Samantha_Webster,samantha.webster@example.com,Data Analyst,Failed,17,3,8,9
Mary_Perez,mary.perez@example.com,Backend Developer,Pending,2,24,14,2
Jessica_Smith,jessica.smith@example.com,Product Manager,Failed,10,1,4,17
Anne_Harrison,anne.harrison@example.com,Product Manager,Passed,10,16,22,15
Jeremiah_Miranda,jeremiah.miranda@example.com,Product Manager,Passed,19,12,11,24
Virginia_Ball,virginia.ball@example.com,ML Engineer,Passed,15,8,25,20
Wanda_Arnold,wanda.arnold@example.com,Product Manager,Failed,12,14,0,10
Marc_Harris,marc.harris@example.com,Data Analyst,Pending,23,7,10,16
Frederick_Bowen,frederick.bowen@example.com,ML Engineer,Pending,9,12,0,25
Felicia_Lowe,felicia.lowe@example.com,Data Analyst,Failed,9,0,9,0
Brandy_Watts,brandy.watts@example.com,Data Analyst,Pending,23,12,9,13
Hannah_Wilson,hannah.wilson@example.com,Product Manager,Passed,24,24,9,16
Kimberly_Singh,kimberly.singh@example.com,Backend Developer,Pending,21,0,17,11
Ryan_Rubio,ryan.rubio@example.com,ML Engineer,Pending,1,14,25,18
William_Rivera,william.rivera@example.com,Product Manager,Failed,6,3,7,3
Michael_Evans,michael.evans@example.com,Product Manager,Pending,16,8,6,12
Philip_Goodman,philip.goodman@example.com,Data Analyst,Pending,16,18,3,20
Brandon_Hardy,brandon.hardy@example.com,Product Manager,Failed,0,24,2,5
Todd_Frye,todd.frye@example.com,ML Engineer,Pending,18,7,2,22
Maria_Frye,maria.frye@example.com,ML Engineer,Failed,17,14,4,2
Kristin_Perez,kristin.perez@example.com,ML Engineer,Pending,3,15,2,21
Jason_Bryant,jason.bryant@example.com,Data Analyst,Passed,13,13,24,16
Matthew_Thomas,matthew.thomas@example.com,Backend Developer,Pending,11,8,23,15
Cynthia_Russell,cynthia.russell@example.com,Data Analyst,Failed,3,9,16,4
Andre_Hernandez,andre.hernandez@example.com,Data Analyst,Failed,7,8,10,13
Elizabeth_Harvey,elizabeth.harvey@example.com,ML Engineer,Passed,24,24,5,13
Caroline_Sanchez,caroline.sanchez@example.com,Product Manager,Pending,24,15,8,5
Jerry_Decker,jerry.decker@example.com,ML Engineer,Passed,22,21,16,21
Anthony_Wade,anthony.wade@example.com,Backend Developer,Passed,22,15,25,10
Olivia_Gibson,olivia.gibson@example.com,Product Manager,Pending,8,25,2,22
Daniel_Trevino,daniel.trevino@example.com,ML Engineer,Passed,16,15,23,22
Melissa_Lewis,melissa.lewis@example.com,Product Manager,Passed,17,21,13,10
Gregory_Long,gregory.long@example.com,Product Manager,Failed,10,4,5,10
Tanner_Myers,tanner.myers@example.com,Data Analyst,Pending,10,20,5,10
Melissa_Nelson,melissa.nelson@example.com,Product Manager,Passed,9,22,21,25
Michelle_Kennedy,michelle.kennedy@example.com,Data Analyst,Pending,4,16,23,1
Tammy_Ray,tammy.ray@example.com,Backend Developer,Passed,19,18,24,14
Laurie_Beck,laurie.beck@example.com,Product Manager,Failed,4,8,1,10
Jacqueline_Walton,jacqueline.walton@example.com,Data Analyst,Pending,0,18,11,23
Tammy_Melton,tammy.melton@example.com,Data Analyst,Failed,22,2,9,5
Jeffrey_Cobb,jeffrey.cobb@example.com,Product Manager,Failed,11,5,14,0
Alexander_Carroll,alexander.carroll@example.com,Product Manager,Pending,9,4,24,14
Todd_Marks,todd.marks@example.com,Product Manager,Failed,2,10,16,3
Dave_Clark,dave.clark@example.com,Data Analyst,Pending,20,23,2,0
Breanna_Rivers,breanna.rivers@example.com,Backend Developer,Passed,18,24,21,18
Jennifer_Rivera,jennifer.rivera@example.com,Backend Developer,Passed,12,19,22,19
April_Baker,april.baker@example.com,Data Analyst,Pending,11,4,20,21
Susan_Barrett,susan.barrett@example.com,Product Manager,Passed,20,23,12,21
Christopher_Gordon,christopher.gordon@example.com,Backend Developer,Passed,8,23,24,15
Kevin_Peterson,kevin.peterson@example.com,Data Analyst,Failed,0,13,1,7
Melissa_Mckinney,melissa.mckinney@example.com,Data Analyst,Pending,11,22,10,12
Timothy_Henderson,timothy.henderson@example.com,Backend Developer,Pending,9,4,11,20
Katherine_Daniels,katherine.daniels@example.com,ML Engineer,Failed,2,15,3,4
James_Arroyo,james.arroyo@example.com,Data Analyst,Pending,14,3,17,22
Michael_Butler,michael.butler@example.com,Data Analyst,Pending,22,0,8,10
Chelsey_Singh,chelsey.singh@example.com,ML Engineer,Passed,23,23,20,0
Christopher_Thompson,christopher.thompson@example.com,Data Analyst,Pending,24,15,0,12
William_Snow,william.snow@example.com,Backend Developer,Pending,25,2,10,18
Jonathan_Collins,jonathan.collins@example.com,Product Manager,Failed,10,8,4,9
Christopher_Jenkins,christopher.jenkins@example.com,Product Manager,Failed,13,9,12,4
Kara_Duncan,kara.duncan@example.com,Data Analyst,Failed,17,3,1,8
Gabriela_Byrd,gabriela.byrd@example.com,Product Manager,Pending,6,7,18,22
Derrick_Shannon,derrick.shannon@example.com,Data Analyst,Failed,4,16,9,1
Aaron_Lewis,aaron.lewis@example.com,Data Analyst,Pending,3,19,10,12
Timothy_Peters,timothy.peters@example.com,Data Analyst,Pending,12,14,11,9
Carol_Larson,carol.larson@example.com,Product Manager,Pending,16,0,17,17
Lisa_Morgan,lisa.morgan@example.com,Backend Developer,Failed,4,8,0,11
Edward_Rodriguez,edward.rodriguez@example.com,ML Engineer,Passed,23,0,18,19
Christian_Garcia,christian.garcia@example.com,Backend Developer,Passed,14,23,10,25
Andrew_Young,andrew.young@example.com,Product Manager,Pending,18,6,1,20
Jacob_Delgado,jacob.delgado@example.com,ML Engineer,Passed,22,18,20,4
Amanda_Neal,amanda.neal@example.com,Product Manager,Passed,0,21,24,22
William_Johnson,william.johnson@example.com,ML Engineer,Passed,3,15,24,23
Erik_Leach,erik.leach@example.com,Data Analyst,Passed,25,22,9,24
Jeffrey_Proctor,jeffrey.proctor@example.com,Backend Developer,Failed,16,4,6,6
Christine_Cherry,christine.cherry@example.com,Product Manager,Passed,9,15,13,23
Christian_Small,christian.small@example.com,Backend Developer,Failed,5,14,5,6
Larry_Gallagher,larry.gallagher@example.com,Product Manager,Passed,14,24,24,10
Sonya_Thompson,sonya.thompson@example.com,Backend Developer,Pending,0,5,13,25
Peter_Lee,peter.lee@example.com,Data Analyst,Pending,4,14,23,14
Jonathan_Travis,jonathan.travis@example.com,Data Analyst,Failed,1,16,1,8
John_Henderson,john.henderson@example.com,ML Engineer,Passed,20,23,20,3
Jessica_Jones,jessica.jones@example.com,ML Engineer,Failed,17,0,3,5
Harry_Wyatt,harry.wyatt@example.com,Product Manager,Failed,1,20,10,5
Kenneth_Lawrence,kenneth.lawrence@example.com,ML Engineer,Pending,9,2,17,19
Jennifer_Burgess,jennifer.burgess@example.com,Product Manager,Failed,10,8,3,12
Beverly_Allison,beverly.allison@example.com,Product Manager,Pending,19,20,5,14
Jay_Cain,jay.cain@example.com,ML Engineer,Pending,4,17,12,23
Joseph_Watkins,joseph.watkins@example.com,Data Analyst,Pending,10,13,16,12
Samantha_Benson,samantha.benson@example.com,Product Manager,Passed,8,24,25,15
Shannon_Brandt,shannon.brandt@example.com,Backend Developer,Passed,7,19,21,18
Jessica_Cortez,jessica.cortez@example.com,Data Analyst,Passed,8,20,20,22
Charles_Medina,charles.medina@example.com,Backend Developer,Passed,25,6,18,16
Michelle_Bennett,michelle.bennett@example.com,Data Analyst,Passed,20,22,24,13
Rebecca_Brown,rebecca.brown@example.com,Backend Developer,Passed,8,25,12,25
Elizabeth_Simpson,elizabeth.simpson@example.com,Backend Developer,Passed,14,14,25,22
Hailey_Gates,hailey.gates@example.com,ML Engineer,Pending,23,2,20,3
Aaron_Jones,aaron.jones@example.com,ML Engineer,Passed,21,11,8,22
Kristin_Underwood,kristin.underwood@example.com,Product Manager,Failed,1,24,8,3
Lauren_Simmons,lauren.simmons@example.com,Backend Developer,Pending,20,15,6,12
Sara_Ortega,sara.ortega@example.com,Data Analyst,Pending,19,6,2,17
Brandi_Morgan,brandi.morgan@example.com,Data Analyst,Pending,11,19,24,3
Louis_Deleon,louis.deleon@example.com,ML Engineer,Failed,11,19,0,3
Travis_Friedman,travis.friedman@example.com,Backend Developer,Passed,5,24,19,16
Sydney_Williams,sydney.williams@example.com,Backend Developer,Failed,3,7,4,20
Cheryl_Guerra,cheryl.guerra@example.com,Data Analyst,Pending,4,15,15,22
Jennifer_Ward,jennifer.ward@example.com,Backend Developer,Pending,10,25,2,22
Alexis_Hubbard,alexis.hubbard@example.com,Data Analyst,Failed,8,8,3,12
Danny_Wilson,danny.wilson@example.com,ML Engineer,Passed,25,12,22,19
Misty_Morgan,misty.morgan@example.com,Backend Developer,Pending,7,8,12,13
Rhonda_Romero,rhonda.romero@example.com,ML Engineer,Passed,20,14,8,22
Austin_Hanson,austin.hanson@example.com,Data Analyst,Pending,25,14,5,13
Bobby_Burke,bobby.burke@example.com,Product Manager,Failed,0,4,5,6
Krista_Hunter,krista.hunter@example.com,Product Manager,Pending,3,8,24,15
Joshua_Lindsey,joshua.lindsey@example.com,Product Manager,Pending,10,11,14,7
Peter_Gould,peter.gould@example.com,Product Manager,Failed,4,5,8,19
Eric_Ferguson,eric.ferguson@example.com,ML Engineer,Passed,21,6,25,16
Dawn_Mejia,dawn.mejia@example.com,Backend Developer,Pending,24,20,2,8
Suzanne_Brock,suzanne.brock@example.com,ML Engineer,Pending,13,9,3,21
Denise_Warner,denise.warner@example.com,Data Analyst,Passed,23,5,24,10
Mark_Bridges,mark.bridges@example.com,Backend Developer,Passed,14,19,11,25
Jeff_Martinez,jeff.martinez@example.com,Product Manager,Failed,15,18,1,2
Kelly_Lee,kelly.lee@example.com,Data Analyst,Passed,18,19,19,19
Tracey_Smith,tracey.smith@example.com,ML Engineer,Pending,1,18,20,9
Erica_Kelly,erica.kelly@example.com,Data Analyst,Pending,17,6,20,14
Mary_Nelson,mary.nelson@example.com,Backend Developer,Passed,20,16,14,18
Heather_Wright,heather.wright@example.com,ML Engineer,Passed,20,2,24,25
Donald_Armstrong,donald.armstrong@example.com,Data Analyst,Failed,8,5,18,5
Steven_Thompson,steven.thompson@example.com,Data Analyst,Pending,9,1,11,21
David_Barker,david.barker@example.com,ML Engineer,Passed,24,8,9,23
Dean_Daniels,dean.daniels@example.com,ML Engineer,Pending,3,12,23,19
Natalie_Jones,natalie.jones@example.com,Product Manager,Passed,24,14,25,4
Aaron_Bowman,aaron.bowman@example.com,Backend Developer,Pending,23,4,15,2
Joel_Thomas,joel.thomas@example.com,ML Engineer,Pending,5,3,16,20
Alejandra_Clark,alejandra.clark@example.com,Product Manager,Passed,23,0,24,21
Jacob_Hicks,jacob.hicks@example.com,Backend Developer,Pending,20,5,3,14
Jonathan_Kaiser,jonathan.kaiser@example.com,Product Manager,Pending,0,5,19,23
Erika_Smith,erika.smith@example.com,Product Manager,Pending,24,13,5,3
Caleb_Fowler,caleb.fowler@example.com,Backend Developer,Pending,3,22,17,4
Leslie_Reed,leslie.reed@example.com,Product Manager,Failed,11,1,9,10
Ronald_Mcknight,ronald.mcknight@example.com,Backend Developer,Passed,17,9,24,17
James_Nelson,james.nelson@example.com,ML Engineer,Pending,6,25,16,11
Christina_Simpson,christina.simpson@example.com,ML Engineer,Failed,0,8,9,16
April_Henderson,april.henderson@example.com,ML Engineer,Pending,15,0,23,18
Rebecca_Casey,rebecca.casey@example.com,Backend Developer,Pending,25,5,24,0
Jason_Chavez,jason.chavez@example.com,Backend Developer,Pending,23,2,25,1
Barbara_Wright,barbara.wright@example.com,Product Manager,Pending,22,12,14,7
Matthew_Olson,matthew.olson@example.com,ML Engineer,Passed,12,24,23,13
Steven_Anderson,steven.anderson@example.com,Backend Developer,Passed,14,6,20,22
Robert_Atkinson,robert.atkinson@example.com,Data Analyst,Pending,6,20,14,2
Kerry_Morales,kerry.morales@example.com,ML Engineer,Passed,23,19,18,23
Susan_Hull,susan.hull@example.com,Backend Developer,Pending,7,1,14,19
Rachel_Williams,rachel.williams@example.com,ML Engineer,Pending,11,12,6,15
Tracy_Gonzalez,tracy.gonzalez@example.com,Backend Developer,Passed,13,10,22,22
Benjamin_Nguyen,benjamin.nguyen@example.com,ML Engineer,Pending,1,3,24,23
Kelly_Johnston,kelly.johnston@example.com,Backend Developer,Passed,23,9,14,20
Daniel_Evans,daniel.evans@example.com,Product Manager,Passed,10,25,18,18
Matthew_Terry,matthew.terry@example.com,Backend Developer,Failed,7,15,10,0
Andrew_Brooks,andrew.brooks@example.com,ML Engineer,Failed,3,13,5,9
Brittany_Chapman,brittany.chapman@example.com,Backend Developer,Passed,21,22,4,14
Brenda_Marshall,brenda.marshall@example.com,ML Engineer,Pending,7,18,21,0
Michael_Schmidt,michael.schmidt@example.com,Product Manager,Pending,24,11,6,7
Kelly_Graham,kelly.graham@example.com,ML Engineer,Pending,11,10,13,21
Edward_Deleon,edward.deleon@example.com,Backend Developer,Failed,13,2,3,13
Brian_Harris,brian.harris@example.com,Product Manager,Pending,12,6,22,15
Mark_Gardner,mark.gardner@example.com,ML Engineer,Pending,9,17,1,23
Sandra_White,sandra.white@example.com,Data Analyst,Passed,14,22,11,16
Alejandro_Flores,alejandro.flores@example.com,Backend Developer,Passed,19,24,23,7
Krista_Flores,krista.flores@example.com,Backend Developer,Pending,15,25,8,8
Valerie_Rios,valerie.rios@example.com,ML Engineer,Passed,20,22,18,20
Christine_Patel,christine.patel@example.com,Backend Developer,Pending,7,9,5,21
David_Robinson,david.robinson@example.com,Product Manager,Failed,0,16,14,2
Christopher_Stone,christopher.stone@example.com,Data Analyst,Passed,12,18,25,23
Marie_Smith,marie.smith@example.com,Data Analyst,Pending,14,19,9,9
Felicia_Rivera,felicia.rivera@example.com,ML Engineer,Pending,6,21,7,6
Paula_Waters,paula.waters@example.com,Data Analyst,Pending,6,10,13,18
Michael_Alvarez,michael.alvarez@example.com,Backend Developer,Failed,12,10,4,12
Beth_Ayers,beth.ayers@example.com,Data Analyst,Pending,19,17,10,1
Pamela_Rivers,pamela.rivers@example.com,ML Engineer,Pending,15,22,8,13
Matthew_Robinson,matthew.robinson@example.com,Backend Developer,Passed,24,11,12,13
Eric_Mueller,eric.mueller@example.com,Backend Developer,Failed,21,10,0,7
Joshua_Walker,joshua.walker@example.com,Product Manager,Failed,10,13,3,13
Edward_Schaefer,edward.schaefer@example.com,Backend Developer,Pending,3,3,23,22
Cody_Johnson,cody.johnson@example.com,Data Analyst,Passed,21,4,23,22
Raymond_Aguilar,raymond.aguilar@example.com,ML Engineer,Failed,2,0,13,0
Jennifer_Caldwell,jennifer.caldwell@example.com,Data Analyst,Pending,18,10,2,24
Victoria_Smith,victoria.smith@example.com,Backend Developer,Failed,9,0,20,0
Beverly_Dyer,beverly.dyer@example.com,Product Manager,Passed,9,21,21,17
Tiffany_Martin,tiffany.martin@example.com,Product Manager,Pending,23,13,15,6
Robert_Cisneros,robert.cisneros@example.com,Product Manager,Pending,9,23,25,2
Samuel_Taylor,samuel.taylor@example.com,Data Analyst,Pending,6,21,6,23
Michael_Rhodes,michael.rhodes@example.com,Backend Developer,Pending,2,6,25,11
Bryce_Cooper,bryce.cooper@example.com,ML Engineer,Passed,21,4,25,10
Brandon_Dyer,brandon.dyer@example.com,Product Manager,Pending,17,17,7,17
April_Moore,april.moore@example.com,Product Manager,Passed,24,19,18,15
John_Mack,john.mack@example.com,ML Engineer,Failed,6,13,1,16
Daniel_Martin,daniel.martin@example.com,Data Analyst,Passed,25,21,3,13
Sherri_Perez,sherri.perez@example.com,ML Engineer,Pending,16,8,17,2
Charles_Williamson,charles.williamson@example.com,Data Analyst,Pending,16,5,19,11
James_Montoya,james.montoya@example.com,Product Manager,Passed,23,14,15,22
Karen_Romero,karen.romero@example.com,ML Engineer,Pending,1,21,3,18
Rachel_Good,rachel.good@example.com,Data Analyst,Failed,18,0,5,0
Angela_Scott,angela.scott@example.com,ML Engineer,Failed,0,10,14,14
Tammy_Williams,tammy.williams@example.com,Data Analyst,Pending,3,8,17,18
Robert_Mcbride,robert.mcbride@example.com,Backend Developer,Failed,16,14,0,6
Shannon_Patterson,shannon.patterson@example.com,Backend Developer,Failed,7,17,6,3
Janet_Jackson,janet.jackson@example.com,Data Analyst,Failed,11,10,6,7
Chad_Ayala,chad.ayala@example.com,Data Analyst,Pending,18,6,15,15
Jesse_Roberts,jesse.roberts@example.com,Backend Developer,Pending,9,22,20,1
Kara_Miller,kara.miller@example.com,Product Manager,Passed,23,9,22,13
Heather_Dalton,heather.dalton@example.com,Data Analyst,Failed,8,22,3,3
Peter_Johnson,peter.johnson@example.com,ML Engineer,Failed,8,10,2,14
Gregory_Rush,gregory.rush@example.com,ML Engineer,Pending,21,1,23,2
Richard_Orr,richard.orr@example.com,ML Engineer,Failed,1,2,13,20
Sarah_Nunez,sarah.nunez@example.com,Backend Developer,Pending,3,13,3,25
Thomas_Stokes,thomas.stokes@example.com,ML Engineer,Pending,21,24,4,7
Paul_Ramos,paul.ramos@example.com,Data Analyst,Pending,12,25,6,1
Sheryl_Day,sheryl.day@example.com,Backend Developer,Failed,4,7,4,6
Jennifer_Rodriguez,jennifer.rodriguez@example.com,Data Analyst,Passed,22,6,21,15
Amanda_Koch,amanda.koch@example.com,Product Manager,Pending,4,12,13,22
Tara_Reid,tara.reid@example.com,Backend Developer,Passed,24,4,25,17
Nicole_Dixon,nicole.dixon@example.com,Backend Developer,Pending,12,18,8,19
Andrew_Martinez,andrew.martinez@example.com,Data Analyst,Pending,22,8,2,9
William_Marsh,william.marsh@example.com,Backend Developer,Passed,21,8,24,8
Chelsea_Anderson,chelsea.anderson@example.com,Product Manager,Failed,9,6,10,11
Ricardo_Lopez,ricardo.lopez@example.com,Data Analyst,Pending,25,11,9,11
Daniel_Clarke,daniel.clarke@example.com,ML Engineer,Pending,11,11,13,24
Timothy_Hobbs,timothy.hobbs@example.com,Data Analyst,Pending,22,3,13,8
Nicholas_Cook,nicholas.cook@example.com,Product Manager,Pending,24,7,11,7
Stephanie_Salazar,stephanie.salazar@example.com,Backend Developer,Pending,24,6,10,10
Keith_Smith,keith.smith@example.com,Product Manager,Pending,13,20,6,5
Sierra_Golden,sierra.golden@example.com,ML Engineer,Pending,12,9,19,2
Patrick_Vega,patrick.vega@example.com,Data Analyst,Passed,21,19,21,18
Eric_Schaefer,eric.schaefer@example.com,Product Manager,Failed,15,6,1,15
Julie_Gill,julie.gill@example.com,Backend Developer,Failed,1,6,0,15
Nancy_Wilson,nancy.wilson@example.com,Backend Developer,Passed,20,22,24,6
Paul_Jackson,paul.jackson@example.com,ML Engineer,Pending,15,5,24,3
Kenneth_Howell,kenneth.howell@example.com,Backend Developer,Pending,21,23,7,7
Monique_Mendoza,monique.mendoza@example.com,Data Analyst,Failed,12,9,3,15
Alan_Mueller,alan.mueller@example.com,Backend Developer,Passed,14,19,23,21
Tony_Dixon,tony.dixon@example.com,Backend Developer,Passed,15,5,24,18
Trevor_Doyle,trevor.doyle@example.com,Product Manager,Failed,12,16,0,10
Brandi_Perry,brandi.perry@example.com,Backend Developer,Pending,11,5,24,3
Michael_Ruiz,michael.ruiz@example.com,Backend Developer,Pending,18,18,10,0
Arthur_Clark,arthur.clark@example.com,Product Manager,Pending,16,14,1,13
Kirk_Monroe,kirk.monroe@example.com,Backend Developer,Pending,9,2,21,25
Mathew_Rodriguez,mathew.rodriguez@example.com,Backend Developer,Pending,8,22,8,15
Tammie_Leonard,tammie.leonard@example.com,Product Manager,Failed,2,8,6,10
Joshua_Pratt,joshua.pratt@example.com,Backend Developer,Pending,4,5,9,24
Joshua_Howard,joshua.howard@example.com,ML Engineer,Failed,15,1,0,15
Vanessa_Butler,vanessa.butler@example.com,ML Engineer,Pending,18,14,16,10
Dana_Arias,dana.arias@example.com,Backend Developer,Pending,23,8,8,17
Thomas_Hendricks,thomas.hendricks@example.com,Data Analyst,Passed,24,3,14,19
Julie_Jackson,julie.jackson@example.com,ML Engineer,Pending,11,16,5,10
Garrett_Collins,garrett.collins@example.com,ML Engineer,Passed,20,17,23,2
Renee_Jones,renee.jones@example.com,Data Analyst,Pending,9,0,20,20
Rodney_Rodriguez,rodney.rodriguez@example.com,Data Analyst,Failed,6,6,24,1
Jonathan_Marks,jonathan.marks@example.com,Data Analyst,Passed,19,23,19,5
Brian_Goodman,brian.goodman@example.com,ML Engineer,Passed,21,20,20,0
Nicholas_Williams,nicholas.williams@example.com,Backend Developer,Failed,4,18,6,3
Stacy_Lyons,stacy.lyons@example.com,Backend Developer,Pending,23,0,24,9
Michael_Acosta,michael.acosta@example.com,Backend Developer,Passed,18,10,24,15
Gail_Jennings,gail.jennings@example.com,Data Analyst,Passed,16,25,7,14
Curtis_Price,curtis.price@example.com,Data Analyst,Passed,17,21,20,5
Michael_Sanders,michael.sanders@example.com,Backend Developer,Failed,3,13,8,5
Richard_Reed,richard.reed@example.com,Backend Developer,Pending,1,24,16,6
Kathleen_Myers,kathleen.myers@example.com,ML Engineer,Failed,1,15,4,18
John_Brown,john.brown@example.com,ML Engineer,Failed,11,17,1,7
Kyle_Logan,kyle.logan@example.com,ML Engineer,Passed,25,11,19,16
Sean_Hodge,sean.hodge@example.com,ML Engineer,Passed,20,18,24,11
Anthony_Alvarez,anthony.alvarez@example.com,Data Analyst,Pending,15,5,20,4
Glenn_Robinson,glenn.robinson@example.com,Product Manager,Passed,25,20,16,4
Autumn_Anderson,autumn.anderson@example.com,Data Analyst,Pending,23,8,13,6
Alyssa_Weeks,alyssa.weeks@example.com,Backend Developer,Pending,1,21,19,18
Daniel_Harper,daniel.harper@example.com,Product Manager,Passed,18,22,13,18
Angela_Martin,angela.martin@example.com,Backend Developer,Failed,2,4,8,22
Christopher_Harrell,christopher.harrell@example.com,Backend Developer,Pending,8,22,2,8
Andrea_Ward,andrea.ward@example.com,Data Analyst,Pending,16,7,15,13
Wyatt_Wood,wyatt.wood@example.com,Data Analyst,Failed,14,12,1,6
James_Dean,james.dean@example.com,ML Engineer,Failed,10,3,15,4
Troy_King,troy.king@example.com,ML Engineer,Passed,25,6,20,22
Samantha_Meadows,samantha.meadows@example.com,Product Manager,Passed,17,19,24,21
Alexis_Beck,alexis.beck@example.com,ML Engineer,Pending,23,10,4,3
Alec_Martin,alec.martin@example.com,Product Manager,Pending,17,4,20,6
James_Moore,james.moore@example.com,Product Manager,Passed,23,17,13,17
Alexis_Hamilton,alexis.hamilton@example.com,Backend Developer,Failed,1,5,15,8
Jason_Brown,jason.brown@example.com,Product Manager,Passed,22,22,7,13
Justin_Pierce,justin.pierce@example.com,ML Engineer,Pending,23,10,8,3
Veronica_Thomas,veronica.thomas@example.com,ML Engineer,Passed,25,21,16,1
Mary_Fitzpatrick,mary.fitzpatrick@example.com,Data Analyst,Failed,3,2,25,7
Chelsea_Simpson,chelsea.simpson@example.com,Backend Developer,Passed,23,24,6,19
Leon_Silva,leon.silva@example.com,ML Engineer,Pending,17,11,21,5
Ashley_Kelly,ashley.kelly@example.com,ML Engineer,Passed,15,8,19,19
Timothy_Morrison,timothy.morrison@example.com,Data Analyst,Failed,16,6,3,12
Megan_Mason,megan.mason@example.com,Backend Developer,Pending,4,4,20,24
Travis_Curry,travis.curry@example.com,Data Analyst,Pending,18,2,14,18
Valerie_Moore,valerie.moore@example.com,Data Analyst,Pending,23,23,11,1
Luis_Mcneil,luis.mcneil@example.com,ML Engineer,Failed,2,7,9,3
Monica_Miller,monica.miller@example.com,Product Manager,Failed,3,0,7,8
William_Garza,william.garza@example.com,Backend Developer,Pending,15,10,14,3
Heather_Ross,heather.ross@example.com,Product Manager,Pending,5,10,25,19
Allison_Rice,allison.rice@example.com,Data Analyst,Passed,25,8,16,24
Sharon_Wilson,sharon.wilson@example.com,Backend Developer,Pending,4,10,23,21
Alice_Huang,alice.huang@example.com,Product Manager,Passed,19,15,12,25
George_Meyer,george.meyer@example.com,Backend Developer,Passed,13,12,22,15
Latoya_Kirby,latoya.kirby@example.com,Data Analyst,Pending,23,4,11,20
Rachel_Vasquez,rachel.vasquez@example.com,Backend Developer,Passed,10,21,23,21
Timothy_Avery,timothy.avery@example.com,Product Manager,Pending,7,22,3,18
Aaron_Bennett,aaron.bennett@example.com,Backend Developer,Pending,18,13,10,18
Samantha_Butler,samantha.butler@example.com,Backend Developer,Failed,6,2,21,2
Kimberly_Brown,kimberly.brown@example.com,ML Engineer,Passed,12,13,23,24
Jennifer_Bowman,jennifer.bowman@example.com,Backend Developer,Passed,22,22,13,7
Caleb_Clayton,caleb.clayton@example.com,Product Manager,Pending,17,12,14,0
Sarah_Sanders,sarah.sanders@example.com,Product Manager,Pending,5,8,11,22
Bryan_Gregory,bryan.gregory@example.com,Product Manager,Pending,18,9,15,15
Tiffany_Howard,tiffany.howard@example.com,Data Analyst,Pending,5,13,25,14
Barry_Waters,barry.waters@example.com,ML Engineer,Failed,3,2,6,0
Jennifer_Blankenship,jennifer.blankenship@example.com,Data Analyst,Passed,21,16,10,24
Carolyn_Jenkins,carolyn.jenkins@example.com,Product Manager,Pending,22,21,3,5
Laura_Duncan,laura.duncan@example.com,ML Engineer,Failed,0,8,15,8
Kathleen_Ramirez,kathleen.ramirez@example.com,Backend Developer,Pending,8,4,23,16
Matthew_Marshall,matthew.marshall@example.com,Backend Developer,Pending,0,8,24,21
Dwayne_Ross,dwayne.ross@example.com,Backend Developer,Pending,13,5,3,22
Vicki_Johnson,vicki.johnson@example.com,Data Analyst,Failed,3,5,10,0
Joshua_Perry,joshua.perry@example.com,Data Analyst,Pending,16,12,7,16
Bailey_Miranda,bailey.miranda@example.com,Backend Developer,Failed,13,5,4,6
Kari_Spencer,kari.spencer@example.com,Data Analyst,Failed,10,1,9,14
Ricardo_Adkins,ricardo.adkins@example.com,Product Manager,Pending,11,18,20,1
Kimberly_Becker,kimberly.becker@example.com,ML Engineer,Passed,20,24,22,25
Zachary_Alvarado,zachary.alvarado@example.com,Data Analyst,Pending,10,10,9,20
Jocelyn_Martin,jocelyn.martin@example.com,Product Manager,Failed,10,9,5,0
Manuel_Hall,manuel.hall@example.com,ML Engineer,Failed,3,9,7,3
Jennifer_Walsh,jennifer.walsh@example.com,Backend Developer,Failed,15,8,3,5
Heather_Hayes,heather.hayes@example.com,Product Manager,Failed,8,10,2,19
Vicki_Harris,vicki.harris@example.com,Backend Developer,Pending,16,16,18,7
Jason_Thomas,jason.thomas@example.com,Backend Developer,Pending,2,6,22,10
Angela_Parrish,angela.parrish@example.com,Product Manager,Pending,25,5,9,4
Ryan_Caldwell,ryan.caldwell@example.com,ML Engineer,Failed,18,1,3,6
Peter_Poole,peter.poole@example.com,ML Engineer,Pending,12,21,13,13
Theresa_Pruitt,theresa.pruitt@example.com,Backend Developer,Pending,3,24,9,13
Andrew_Silva,andrew.silva@example.com,Backend Developer,Failed,17,11,7,2
Elizabeth_Nelson,elizabeth.nelson@example.com,ML Engineer,Failed,1,4,3,25
Nicholas_Lambert,nicholas.lambert@example.com,ML Engineer,Passed,7,16,22,24
Douglas_Ellis,douglas.ellis@example.com,Backend Developer,Passed,20,16,13,23
George_Hawkins,george.hawkins@example.com,Backend Developer,Pending,8,7,20,9
Susan_Nunez,susan.nunez@example.com,Product Manager,Pending,13,9,2,19
Cole_Nelson,cole.nelson@example.com,Product Manager,Failed,10,11,4,0
Jeffery_Lewis,jeffery.lewis@example.com,Data Analyst,Passed,19,19,17,12
Christopher_Bradley,christopher.bradley@example.com,Data Analyst,Pending,21,16,10,3
Steven_Kennedy,steven.kennedy@example.com,Data Analyst,Failed,8,6,8,5
Marcus_Holder,marcus.holder@example.com,Data Analyst,Passed,16,21,23,11
Lori_Clark,lori.clark@example.com,ML Engineer,Failed,9,16,10,3
Christine_Rivera,christine.rivera@example.com,Data Analyst,Pending,6,22,1,23
Nicholas_Garcia,nicholas.garcia@example.com,ML Engineer,Failed,2,4,24,6
James_Gray,james.gray@example.com,Product Manager,Pending,15,10,15,2
Tyler_Olson,tyler.olson@example.com,Data Analyst,Pending,18,18,9,6
Hayley_Williams,hayley.williams@example.com,Data Analyst,Passed,20,19,22,25
James_Swanson,james.swanson@example.com,Product Manager,Passed,10,18,25,19
Tim_Smith,tim.smith@example.com,Data Analyst,Failed,2,11,13,5
Julie_Moore,julie.moore@example.com,ML Engineer,Failed,10,12,4,11
William_Torres,william.torres@example.com,Backend Developer,Pending,8,15,7,19
Alexander_Matthews,alexander.matthews@example.com,Backend Developer,Passed,19,23,23,23
William_Carson,william.carson@example.com,Backend Developer,Pending,25,21,3,0
Kenneth_Smith,kenneth.smith@example.com,Data Analyst,Failed,17,7,4,4
Kristi_Martinez,kristi.martinez@example.com,Data Analyst,Passed,10,20,20,25
Barbara_Johnson,barbara.johnson@example.com,ML Engineer,Pending,17,4,14,8
Brian_Hall,brian.hall@example.com,Data Analyst,Passed,22,17,25,3
Jamie_Murray,jamie.murray@example.com,Data Analyst,Pending,20,14,6,2
Eric_Baldwin,eric.baldwin@example.com,Product Manager,Pending,19,16,0,13
Jeffrey_Pearson,jeffrey.pearson@example.com,Product Manager,Pending,17,13,4,20
Jacob_Berry,jacob.berry@example.com,Product Manager,Pending,17,23,7,12
Amanda_Romero,amanda.romero@example.com,ML Engineer,Failed,5,18,12,1
Christina_Grant,christina.grant@example.com,Backend Developer,Failed,4,0,9,15
Shirley_Fischer,shirley.fischer@example.com,Product Manager,Failed,4,8,3,7
Shaun_Owens,shaun.owens@example.com,ML Engineer,Pending,18,16,0,7
John_Wyatt,john.wyatt@example.com,Data Analyst,Passed,12,23,17,18
Jeffrey_Barnes,jeffrey.barnes@example.com,Backend Developer,Failed,19,2,2,7
Brian_Sanchez,brian.sanchez@example.com,ML Engineer,Failed,6,14,8,6
Austin_Scott,austin.scott@example.com,Product Manager,Passed,18,20,12,16
Thomas_Gaines,thomas.gaines@example.com,Data Analyst,Passed,15,17,18,16
Ellen_Hester,ellen.hester@example.com,Backend Developer,Passed,25,21,15,4
Heather_Spencer,heather.spencer@example.com,Product Manager,Failed,14,2,7,1
Jeffrey_Davis,jeffrey.davis@example.com,ML Engineer,Pending,4,10,12,20
Briana_Williams,briana.williams@example.com,Data Analyst,Pending,8,5,25,7
George_Shea,george.shea@example.com,Product Manager,Passed,11,23,12,22
Todd_Smith,todd.smith@example.com,ML Engineer,Pending,12,14,13,5
Eric_Chandler,eric.chandler@example.com,Data Analyst,Pending,14,5,14,10
Christopher_Gonzalez,christopher.gonzalez@example.com,ML Engineer,Pending,10,20,9,20
Deborah_Frye,deborah.frye@example.com,Data Analyst,Failed,19,1,5,3
Chad_Leblanc,chad.leblanc@example.com,ML Engineer,Pending,9,0,13,22
Matthew_Gill,matthew.gill@example.com,Product Manager,Passed,23,25,12,10
Dana_Webb,dana.webb@example.com,Backend Developer,Passed,1,25,21,20
Bonnie_Lawrence,bonnie.lawrence@example.com,Data Analyst,Passed,22,12,20,8
Frank_Vaughn,frank.vaughn@example.com,Product Manager,Passed,22,23,16,5
Christine_Davis,christine.davis@example.com,ML Engineer,Passed,11,22,12,17
Mark_Ward,mark.ward@example.com,Data Analyst,Failed,0,11,15,10
Austin_Baker,austin.baker@example.com,ML Engineer,Failed,6,5,0,2
Glenn_Parker,glenn.parker@example.com,ML Engineer,Pending,20,14,0,20
William_Reyes,william.reyes@example.com,ML Engineer,Failed,2,5,5,16
Luis_Hill,luis.hill@example.com,Product Manager,Pending,23,15,7,7
Regina_Arnold,regina.arnold@example.com,Data Analyst,Pending,17,14,22,4
Christina_Garcia,christina.garcia@example.com,ML Engineer,Pending,14,22,3,17
Ronald_Allen,ronald.allen@example.com,Data Analyst,Pending,8,22,5,11
Seth_Hernandez,seth.hernandez@example.com,Data Analyst,Passed,25,23,24,6
Stephanie_Phillips,stephanie.phillips@example.com,Data Analyst,Pending,3,16,23,6
Olivia_Anderson,olivia.anderson@example.com,Backend Developer,Pending,14,9,14,18
Caitlin_Hart,caitlin.hart@example.com,Backend Developer,Failed,20,4,7,0
Marissa_Bell,marissa.bell@example.com,ML Engineer,Passed,15,25,23,22
Karen_Gordon,karen.gordon@example.com,Product Manager,Pending,7,25,9,1
Heather_Bennett,heather.bennett@example.com,Backend Developer,Pending,23,22,3,10
Michael_Munoz,michael.munoz@example.com,Backend Developer,Pending,8,20,20,3
Carl_Padilla,carl.padilla@example.com,Backend Developer,Passed,18,15,15,18
Brooke_Lozano,brooke.lozano@example.com,ML Engineer,Pending,4,19,6,16
Shelly_Burton,shelly.burton@example.com,Data Analyst,Failed,4,0,2,21
Chelsey_Johnson,chelsey.johnson@example.com,ML Engineer,Pending,13,11,9,23
Matthew_Berry,matthew.berry@example.com,Backend Developer,Pending,23,3,6,9
Nicole_Robinson,nicole.robinson@example.com,Product Manager,Passed,22,10,15,13
Joel_Robinson,joel.robinson@example.com,Product Manager,Pending,5,19,17,18
Alejandro_Kaiser,alejandro.kaiser@example.com,Data Analyst,Pending,5,10,25,8
Thomas_Bartlett,thomas.bartlett@example.com,Product Manager,Passed,19,22,17,22
Phyllis_Lutz,phyllis.lutz@example.com,Backend Developer,Pending,2,22,21,5
Beth_King,beth.king@example.com,ML Engineer,Passed,14,7,23,18
Daniel_Bishop,daniel.bishop@example.com,Data Analyst,Pending,22,7,19,1
Megan_Brewer,megan.brewer@example.com,Backend Developer,Pending,16,16,12,6
Michael_Jones,michael.jones@example.com,ML Engineer,Passed,19,14,23,19
Amanda_Lee,amanda.lee@example.com,ML Engineer,Pending,12,13,7,21
Spencer_Norton,spencer.norton@example.com,ML Engineer,Passed,18,14,23,16
Erin_Buckley,erin.buckley@example.com,Product Manager,Pending,2,17,16,11
Amy_Crawford,amy.crawford@example.com,ML Engineer,Pending,1,9,18,15
Sherry_Burke,sherry.burke@example.com,ML Engineer,Passed,16,19,13,13
Donna_Martin,donna.martin@example.com,Data Analyst,Failed,25,1,2,0
Michael_Wall,michael.wall@example.com,Product Manager,Passed,16,19,23,3
Brian_Pearson,brian.pearson@example.com,Product Manager,Pending,9,24,20,6
Michael_Houston,michael.houston@example.com,Product Manager,Failed,0,5,1,13
Randy_Mullen,randy.mullen@example.com,Product Manager,Pending,8,5,22,16
Jennifer_Hill,jennifer.hill@example.com,ML Engineer,Passed,20,12,8,23
Justin_Lopez,justin.lopez@example.com,Data Analyst,Pending,24,14,0,9
Ashley_Willis,ashley.willis@example.com,Data Analyst,Failed,6,5,6,9
Tina_Park,tina.park@example.com,Data Analyst,Pending,19,3,19,4
John_Grant,john.grant@example.com,Data Analyst,Pending,8,4,18,11
Kathryn_Rose,kathryn.rose@example.com,Data Analyst,Pending,3,17,8,22
Derek_Hopkins,derek.hopkins@example.com,ML Engineer,Passed,14,25,25,24
James_Munoz,james.munoz@example.com,ML Engineer,Pending,18,10,12,13
Laura_Long,laura.long@example.com,Product Manager,Passed,14,22,17,21
Gregory_Pena,gregory.pena@example.com,Backend Developer,Pending,8,6,25,12
Kristin_Gordon,kristin.gordon@example.com,Product Manager,Passed,19,21,22,25
Daniel_Mcdaniel,daniel.mcdaniel@example.com,ML Engineer,Pending,15,25,0,13
Vincent_Carter,vincent.carter@example.com,ML Engineer,Failed,7,0,8,10
Eric_Fernandez,eric.fernandez@example.com,Data Analyst,Pending,0,15,24,11
Sandra_Green,sandra.green@example.com,Backend Developer,Failed,2,1,23,8
Chad_Dorsey,chad.dorsey@example.com,Backend Developer,Pending,20,0,21,10
John_Barber,john.barber@example.com,Product Manager,Failed,14,5,8,5
Elizabeth_Perez,elizabeth.perez@example.com,Product Manager,Pending,8,10,7,20
Renee_James,renee.james@example.com,Data Analyst,Passed,12,13,18,24
Denise_Atkinson,denise.atkinson@example.com,Product Manager,Pending,19,3,16,16
Michael_Holt,michael.holt@example.com,Backend Developer,Failed,20,0,18,1
Kimberly_Vaughn,kimberly.vaughn@example.com,Backend Developer,Failed,3,2,11,19
Robert_Adams,robert.adams@example.com,Product Manager,Failed,11,2,3,11
Jimmy_Hobbs,jimmy.hobbs@example.com,Data Analyst,Pending,7,22,23,6
Raymond_Jones,raymond.jones@example.com,Backend Developer,Passed,20,4,22,24
Erin_Harris,erin.harris@example.com,Data Analyst,Pending,1,18,4,20
Jennifer_Price,jennifer.price@example.com,Product Manager,Failed,15,1,22,1
Rhonda_Alexander,rhonda.alexander@example.com,Product Manager,Pending,16,22,16,4
Angela_Reynolds,angela.reynolds@example.com,ML Engineer,Passed,14,17,16,21
John_Mccarthy,john.mccarthy@example.com,Backend Developer,Passed,8,24,16,20
Aaron_Walters,aaron.walters@example.com,Data Analyst,Failed,12,14,10,0
Katrina_Jackson,katrina.jackson@example.com,Data Analyst,Pending,23,17,8,2
Kimberly_Smith,kimberly.smith@example.com,Data Analyst,Pending,24,4,6,12
Jennifer_Williams,jennifer.williams@example.com,Backend Developer,Passed,8,21,24,25
Linda_Odom,linda.odom@example.com,Backend Developer,Failed,1,1,11,23
Bethany_Moreno,bethany.moreno@example.com,ML Engineer,Pending,4,7,8,21
Stephanie_Rodgers,stephanie.rodgers@example.com,Product Manager,Failed,0,5,11,10
April_Rivera,april.rivera@example.com,ML Engineer,Passed,18,24,21,2
Kristie_Perez,kristie.perez@example.com,ML Engineer,Pending,20,12,3,14
Lori_King,lori.king@example.com,Backend Developer,Pending,0,21,17,6
Leah_Allison,leah.allison@example.com,Data Analyst,Pending,15,17,8,14
Robert_Andrews,robert.andrews@example.com,Backend Developer,Pending,22,16,4,13
Cristian_Johnson,cristian.johnson@example.com,ML Engineer,Pending,25,15,6,6
Denise_Oliver,denise.oliver@example.com,ML Engineer,Pending,6,12,3,21
Alison_Rodriguez,alison.rodriguez@example.com,Backend Developer,Failed,16,2,6,11
Anthony_Boyd,anthony.boyd@example.com,Data Analyst,Pending,1,22,20,6
Jennifer_Palmer,jennifer.palmer@example.com,Data Analyst,Passed,23,20,9,9
Amy_Tate,amy.tate@example.com,ML Engineer,Passed,16,20,12,22
Garrett_Hinton,garrett.hinton@example.com,Backend Developer,Pending,18,24,6,9
Samuel_Williams,samuel.williams@example.com,Data Analyst,Pending,14,22,4,10
Sharon_Powell,sharon.powell@example.com,Product Manager,Pending,16,10,12,3
Michael_Pope,michael.pope@example.com,Data Analyst,Passed,22,16,13,22
James_Diaz,james.diaz@example.com,Data Analyst,Pending,4,20,6,16
Craig_Delacruz,craig.delacruz@example.com,Data Analyst,Pending,3,25,12,6
Robert_Gibson,robert.gibson@example.com,ML Engineer,Failed,12,0,3,7
Frank_Shields,frank.shields@example.com,Backend Developer,Passed,22,18,25,25
Cynthia_Kennedy,cynthia.kennedy@example.com,Backend Developer,Pending,4,14,8,22
Kelly_Johnson,kelly.johnson@example.com,Data Analyst,Pending,17,21,11,2
Jill_Nelson,jill.nelson@example.com,Backend Developer,Pending,24,10,22,3
Matthew_Hanson,matthew.hanson@example.com,Backend Developer,Pending,8,13,3,22
Heather_Gibson,heather.gibson@example.com,Data Analyst,Failed,21,0,2,7
Brandon_Bentley,brandon.bentley@example.com,Product Manager,Failed,5,22,1,10
Kirsten_Santos,kirsten.santos@example.com,ML Engineer,Passed,18,23,7,15
Michael_Simpson,michael.simpson@example.com,ML Engineer,Pending,21,18,4,13
Robert_Watson,robert.watson@example.com,Product Manager,Passed,7,16,25,25
Lisa_Navarro,lisa.navarro@example.com,ML Engineer,Passed,17,23,22,22
Donald_Todd,donald.todd@example.com,ML Engineer,Passed,24,23,20,21
Kendra_Shelton,kendra.shelton@example.com,ML Engineer,Failed,5,4,3,1
Carlos_Clark,carlos.clark@example.com,Product Manager,Failed,2,20,0,8
Tonya_Rose,tonya.rose@example.com,Backend Developer,Pending,22,8,10,14
Lindsay_Moses,lindsay.moses@example.com,ML Engineer,Pending,6,18,9,10
Brenda_Jones,brenda.jones@example.com,Backend Developer,Pending,10,13,14,15
Patricia_Middleton,patricia.middleton@example.com,Backend Developer,Passed,24,16,20,8
Julie_Tran,julie.tran@example.com,ML Engineer,Passed,25,13,25,7
Nicole_Morgan,nicole.morgan@example.com,Backend Developer,Pending,19,0,0,23
Joseph_Rodriguez,joseph.rodriguez@example.com,ML Engineer,Pending,7,6,10,19
Ellen_Fisher,ellen.fisher@example.com,Data Analyst,Passed,18,25,25,23
Tracy_Harris,tracy.harris@example.com,Backend Developer,Failed,14,19,3,2
Rebecca_Schaefer,rebecca.schaefer@example.com,Data Analyst,Failed,10,0,3,14
Rachel_Hamilton,rachel.hamilton@example.com,Product Manager,Passed,24,25,14,16
Andrew_Lang,andrew.lang@example.com,Product Manager,Pending,10,13,23,13
Jennifer_Tucker,jennifer.tucker@example.com,ML Engineer,Passed,8,19,16,17
Daniel_Floyd,daniel.floyd@example.com,Product Manager,Pending,16,14,6,7
Mark_Crawford,mark.crawford@example.com,ML Engineer,Failed,2,10,0,7
Cody_Williams,cody.williams@example.com,ML Engineer,Pending,15,11,7,8
Leah_Nunez,leah.nunez@example.com,Data Analyst,Passed,21,9,14,24
Lisa_Bishop,lisa.bishop@example.com,ML Engineer,Pending,1,22,5,13
Mark_Klein,mark.klein@example.com,Product Manager,Pending,22,5,24,7
John_Holmes,john.holmes@example.com,ML Engineer,Failed,0,7,15,7
Aaron_Escobar,aaron.escobar@example.com,Backend Developer,Pending,0,4,23,14
Joshua_Ramos,joshua.ramos@example.com,Backend Developer,Pending,16,25,3,6
Nathan_Bryan,nathan.bryan@example.com,Product Manager,Failed,7,4,16,5
Edward_Hansen,edward.hansen@example.com,Data Analyst,Pending,1,10,21,17
Timothy_Thompson,timothy.thompson@example.com,ML Engineer,Passed,15,24,3,18
William_Thomas,william.thomas@example.com,Backend Developer,Pending,14,25,6,0
Michael_Brown,michael.brown@example.com,Backend Developer,Passed,19,24,13,7
Lisa_Mccall,lisa.mccall@example.com,ML Engineer,Pending,4,1,12,24
Chelsea_Wilson,chelsea.wilson@example.com,Product Manager,Pending,23,11,6,10
Victoria_Schaefer,victoria.schaefer@example.com,Data Analyst,Passed,15,19,24,5
Daniel_Kelly,daniel.kelly@example.com,ML Engineer,Pending,17,17,8,12
Amanda_Walker,amanda.walker@example.com,Data Analyst,Passed,23,15,10,17
Kayla_Moore,kayla.moore@example.com,Data Analyst,Pending,12,16,25,2
Michael_Rivera,michael.rivera@example.com,Product Manager,Pending,3,13,15,22
Helen_Ball,helen.ball@example.com,Product Manager,Failed,0,6,11,19
Christopher_Washington,christopher.washington@example.com,Backend Developer,Pending,24,6,9,8
Justin_Sullivan,justin.sullivan@example.com,ML Engineer,Pending,21,10,16,10
James_Coleman,james.coleman@example.com,Backend Developer,Passed,7,12,25,24
Brittany_Hunt,brittany.hunt@example.com,Product Manager,Passed,1,16,23,24
Carmen_Johnson,carmen.johnson@example.com,Product Manager,Pending,12,22,11,7
Thomas_Hall,thomas.hall@example.com,Backend Developer,Failed,2,1,20,14
Sean_Clark,sean.clark@example.com,Product Manager,Pending,3,15,16,19
Bethany_Smith,bethany.smith@example.com,Data Analyst,Passed,7,17,24,12
Heather_Moreno,heather.moreno@example.com,Data Analyst,Failed,7,7,6,14
Bobby_Baker,bobby.baker@example.com,Backend Developer,Pending,1,6,24,25
Becky_Brown,becky.brown@example.com,ML Engineer,Failed,21,2,3,5
Benjamin_White,benjamin.white@example.com,ML Engineer,Pending,18,16,19,0
Kelsey_Williams,kelsey.williams@example.com,ML Engineer,Passed,7,19,20,25
Corey_Anderson,corey.anderson@example.com,ML Engineer,Failed,16,8,7,4
Cory_Murray,cory.murray@example.com,Product Manager,Failed,1,7,21,1
Maria_Warren,maria.warren@example.com,Product Manager,Pending,14,21,8,6
Leah_Zimmerman,leah.zimmerman@example.com,Data Analyst,Pending,9,17,16,12
Brittney_Peters,brittney.peters@example.com,Data Analyst,Failed,6,6,14,7
Jessica_Stewart,jessica.stewart@example.com,Data Analyst,Failed,0,21,5,4
Amy_Wilson,amy.wilson@example.com,Backend Developer,Pending,23,0,20,11
Kelly_Moore,kelly.moore@example.com,Backend Developer,Pending,10,4,12,19
Christine_Lane,christine.lane@example.com,Backend Developer,Passed,21,24,12,8
Lindsey_Spence,lindsey.spence@example.com,Product Manager,Pending,14,11,14,2
Jennifer_Roman,jennifer.roman@example.com,Product Manager,Failed,12,11,5,5
Wesley_Snow,wesley.snow@example.com,ML Engineer,Pending,20,12,0,21
Jennifer_Willis,jennifer.willis@example.com,Product Manager,Pending,21,9,2,11
Tonya_Lee,tonya.lee@example.com,ML Engineer,Pending,21,8,19,6
Ian_Alvarez,ian.alvarez@example.com,ML Engineer,Failed,4,4,17,5
Jackie_Perry,jackie.perry@example.com,Data Analyst,Pending,7,15,9,15
Richard_Li,richard.li@example.com,Backend Developer,Failed,8,11,4,6
Miguel_Bentley,miguel.bentley@example.com,Product Manager,Pending,2,8,20,22
Scott_Cox,scott.cox@example.com,ML Engineer,Passed,12,7,23,20
Daniel_Shelton,daniel.shelton@example.com,Product Manager,Pending,23,15,11,8
Sherry_Johnston,sherry.johnston@example.com,Product Manager,Failed,1,5,3,17
Michael_Simmons,michael.simmons@example.com,ML Engineer,Passed,19,13,25,20
Jennifer_Chambers,jennifer.chambers@example.com,ML Engineer,Pending,25,1,14,1
Eugene_Obrien,eugene.obrien@example.com,Product Manager,Passed,16,20,25,6
Christina_Hahn,christina.hahn@example.com,Backend Developer,Passed,23,22,21,11
Paul_Hughes,paul.hughes@example.com,Data Analyst,Pending,24,3,3,17
Vickie_Gardner,vickie.gardner@example.com,Backend Developer,Passed,18,5,25,25
Stephanie_Berger,stephanie.berger@example.com,Product Manager,Pending,20,11,6,17
John_May,john.may@example.com,Product Manager,Passed,17,17,21,9
Elizabeth_Peterson,elizabeth.peterson@example.com,ML Engineer,Pending,16,14,19,0
Jeffrey_Flores,jeffrey.flores@example.com,Product Manager,Pending,23,3,10,12
Jamie_Miller,jamie.miller@example.com,Product Manager,Passed,24,1,24,19
Dawn_Green,dawn.green@example.com,Data Analyst,Pending,15,1,21,9
Kayla_Marshall,kayla.marshall@example.com,Data Analyst,Failed,10,0,8,15
Jill_Davis,jill.davis@example.com,Product Manager,Passed,21,12,24,5
Yvonne_Terry,yvonne.terry@example.com,Data Analyst,Pending,20,0,24,9
Sarah_Brown,sarah.brown@example.com,ML Engineer,Passed,14,24,25,0
Alicia_Perkins,alicia.perkins@example.com,Data Analyst,Failed,6,16,2,7
James_West,james.west@example.com,Backend Developer,Passed,21,9,18,20
Austin_Douglas,austin.douglas@example.com,Product Manager,Passed,18,25,24,2
Jonathon_Sanchez,jonathon.sanchez@example.com,Data Analyst,Pending,11,2,18,22
Denise_Morrison,denise.morrison@example.com,Product Manager,Failed,6,8,4,20
Nicholas_Mitchell,nicholas.mitchell@example.com,Backend Developer,Pending,21,1,11,13
Gary_Carrillo,gary.carrillo@example.com,ML Engineer,Passed,19,4,14,24
Victor_Daniel,victor.daniel@example.com,Backend Developer,Passed,6,25,4,25
Dominic_Phillips,dominic.phillips@example.com,Backend Developer,Pending,10,10,16,14
Megan_Castillo,megan.castillo@example.com,Product Manager,Pending,4,17,23,11
Ronnie_Tucker,ronnie.tucker@example.com,Data Analyst,Pending,14,20,22,3
Kristin_Alvarez,kristin.alvarez@example.com,Backend Developer,Pending,13,23,7,14
Heather_Brown,heather.brown@example.com,ML Engineer,Passed,7,19,18,23
Amber_Guerra,amber.guerra@example.com,Product Manager,Passed,17,21,25,25
Kelly_Lewis,kelly.lewis@example.com,Product Manager,Pending,25,9,6,14
Audrey_Clark,audrey.clark@example.com,Backend Developer,Pending,16,8,17,12
Andrew_Haley,andrew.haley@example.com,Backend Developer,Pending,21,4,9,16
Robin_Wright,robin.wright@example.com,Data Analyst,Failed,5,4,1,0
Daniel_Wilkerson,daniel.wilkerson@example.com,ML Engineer,Failed,7,2,7,12
Vincent_Maxwell,vincent.maxwell@example.com,Backend Developer,Passed,8,7,23,24
Christopher_Soto,christopher.soto@example.com,Backend Developer,Pending,22,18,18,0
Jason_Bean,jason.bean@example.com,Product Manager,Failed,10,10,4,6
Linda_Clark,linda.clark@example.com,Product Manager,Passed,24,21,23,10
Amber_Baker,amber.baker@example.com,Product Manager,Passed,8,25,18,20
Anna_Campos,anna.campos@example.com,ML Engineer,Failed,17,5,15,0
John_Mitchell,john.mitchell@example.com,Data Analyst,Passed,8,16,17,22
Douglas_Rasmussen,douglas.rasmussen@example.com,ML Engineer,Pending,7,22,15,12
Daniel_Williams,daniel.williams@example.com,Backend Developer,Passed,17,22,25,15
David_Martinez,david.martinez@example.com,ML Engineer,Pending,3,6,13,19
Samantha_Davis,samantha.davis@example.com,ML Engineer,Passed,22,21,16,15
Kimberly_Taylor,kimberly.taylor@example.com,Product Manager,Passed,25,21,5,21
Christopher_Hall,christopher.hall@example.com,ML Engineer,Failed,1,9,8,3
Monica_Cox,monica.cox@example.com,ML Engineer,Passed,24,23,23,2
Bryan_Rowe,bryan.rowe@example.com,Data Analyst,Failed,9,7,19,1
Christopher_Rosario,christopher.rosario@example.com,Product Manager,Passed,5,21,23,25
Todd_Herrera,todd.herrera@example.com,ML Engineer,Failed,9,1,11,0
Michael_Waters,michael.waters@example.com,Data Analyst,Passed,21,20,4,25
Jacqueline_Manning,jacqueline.manning@example.com,ML Engineer,Failed,20,16,0,1
Joseph_Cook,joseph.cook@example.com,Product Manager,Pending,9,21,5,6
Michael_Lewis,michael.lewis@example.com,Product Manager,Passed,19,23,17,23
Margaret_Rodgers,margaret.rodgers@example.com,Product Manager,Failed,4,22,3,4
Brittany_Thompson,brittany.thompson@example.com,Product Manager,Failed,8,25,4,1
Aaron_Atkins,aaron.atkins@example.com,Backend Developer,Pending,17,7,14,16
Ryan_Dean,ryan.dean@example.com,Product Manager,Pending,21,6,18,3
Keith_Brewer,keith.brewer@example.com,Data Analyst,Failed,3,9,5,6
Erika_Garcia,erika.garcia@example.com,Product Manager,Passed,8,21,21,13
Teresa_Hill,teresa.hill@example.com,Product Manager,Pending,14,23,4,12
Melinda_Johnson,melinda.johnson@example.com,ML Engineer,Pending,0,20,7,19
Sergio_Li,sergio.li@example.com,ML Engineer,Failed,5,0,3,18
Mark_Watkins,mark.watkins@example.com,Backend Developer,Pending,23,2,21,10
Jenna_Scott,jenna.scott@example.com,Product Manager,Pending,4,25,11,14
Jose_Campbell,jose.campbell@example.com,ML Engineer,Pending,16,14,6,21
Chelsea_Williams,chelsea.williams@example.com,ML Engineer,Passed,18,14,23,7
Donna_Carter,donna.carter@example.com,Backend Developer,Passed,20,18,5,25
Roger_Webster,roger.webster@example.com,Data Analyst,Failed,9,1,2,14
Samuel_Smith,samuel.smith@example.com,Backend Developer,Pending,13,8,19,5
Stephanie_Ramos,stephanie.ramos@example.com,Data Analyst,Pending,24,4,23,2
Joshua_Mason,joshua.mason@example.com,ML Engineer,Pending,4,18,20,10
Melissa_Crane,melissa.crane@example.com,Product Manager,Failed,3,16,11,4
Steven_Potts,steven.potts@example.com,ML Engineer,Pending,17,8,0,16
Brenda_Simpson,brenda.simpson@example.com,Product Manager,Pending,17,16,13,10
Tony_Callahan,tony.callahan@example.com,Product Manager,Pending,23,16,13,7
Alexis_Kent,alexis.kent@example.com,Product Manager,Passed,17,24,20,17
James_Mathis,james.mathis@example.com,ML Engineer,Pending,21,13,10,3
Eric_Campbell,eric.campbell@example.com,Data Analyst,Failed,11,0,7,18
Anna_Curry,anna.curry@example.com,Backend Developer,Pending,16,19,4,20
Samantha_Cohen,samantha.cohen@example.com,ML Engineer,Pending,17,11,24,0
Lisa_Welch,lisa.welch@example.com,ML Engineer,Pending,20,16,6,10
Linda_Welch,linda.welch@example.com,ML Engineer,Passed,13,18,15,18
Timothy_Taylor,timothy.taylor@example.com,Backend Developer,Pending,25,3,4,15
Jennifer_Taylor,jennifer.taylor@example.com,Backend Developer,Pending,13,11,13,3
Harry_Browning,harry.browning@example.com,ML Engineer,Pending,20,4,11,7
Lisa_Norton,lisa.norton@example.com,Product Manager,Failed,13,3,5,5
Brandon_Cook,brandon.cook@example.com,Backend Developer,Pending,23,25,7,3
Nicole_Young,nicole.young@example.com,Product Manager,Pending,23,7,2,15
Gregory_Henry,gregory.henry@example.com,Data Analyst,Pending,22,16,11,7
Dylan_Holt,dylan.holt@example.com,Data Analyst,Passed,10,23,23,7
Janet_Compton,janet.compton@example.com,Product Manager,Passed,20,14,17,14
Justin_Frazier,justin.frazier@example.com,Backend Developer,Passed,17,22,4,24
Sean_Nunez,sean.nunez@example.com,Backend Developer,Failed,10,4,1,15
Julie_Mayo,julie.mayo@example.com,Data Analyst,Passed,13,20,18,21
Robert_Wilson,robert.wilson@example.com,Data Analyst,Pending,11,11,23,10
Valerie_Barnett,valerie.barnett@example.com,Product Manager,Pending,13,17,9,8
Nathan_Robinson,nathan.robinson@example.com,Backend Developer,Passed,2,15,23,24
Joel_Martinez,joel.martinez@example.com,Data Analyst,Failed,5,7,8,17
Daniel_Harvey,daniel.harvey@example.com,ML Engineer,Failed,12,3,13,3
Billy_Fleming,billy.fleming@example.com,ML Engineer,Passed,7,3,25,25
Vicki_Murphy,vicki.murphy@example.com,ML Engineer,Failed,4,10,0,8
Anthony_Baker,anthony.baker@example.com,Data Analyst,Passed,25,12,12,21
Judy_Thomas,judy.thomas@example.com,Backend Developer,Failed,7,8,0,3
Daniel_Acosta,daniel.acosta@example.com,ML Engineer,Passed,8,14,24,15
Carol_Rubio,carol.rubio@example.com,ML Engineer,Pending,8,7,25,11
Kevin_White,kevin.white@example.com,ML Engineer,Passed,12,23,20,11
Leonard_Rodriguez,leonard.rodriguez@example.com,Product Manager,Pending,21,8,4,15
Susan_Ferguson,susan.ferguson@example.com,ML Engineer,Pending,12,3,18,16
Michael_Wolfe,michael.wolfe@example.com,Data Analyst,Passed,23,12,25,10
Elizabeth_Garcia,elizabeth.garcia@example.com,ML Engineer,Failed,14,1,6,17
Michael_Gibson,michael.gibson@example.com,Backend Developer,Passed,3,23,24,11
Brian_Todd,brian.todd@example.com,Product Manager,Pending,1,23,21,1
Madeline_Valdez,madeline.valdez@example.com,Product Manager,Pending,19,21,1,1
Elizabeth_Gomez,elizabeth.gomez@example.com,Product Manager,Passed,25,19,20,25
Lindsay_Dixon,lindsay.dixon@example.com,Data Analyst,Failed,21,9,8,1
Meghan_Bates,meghan.bates@example.com,Product Manager,Failed,9,5,7,15
Dominique_Brown,dominique.brown@example.com,ML Engineer,Failed,7,18,2,4
Shari_Park,shari.park@example.com,Product Manager,Pending,2,15,10,17
Richard_Allen,richard.allen@example.com,Product Manager,Pending,6,25,0,24
Katherine_Rivera,katherine.rivera@example.com,ML Engineer,Pending,22,5,12,16
Jose_Clark,jose.clark@example.com,ML Engineer,Failed,3,9,12,14
Jennifer_Hawkins,jennifer.hawkins@example.com,Backend Developer,Passed,23,21,9,7
Gary_Fletcher,gary.fletcher@example.com,Data Analyst,Passed,3,16,24,18
Bruce_Pruitt,bruce.pruitt@example.com,Backend Developer,Failed,5,5,10,3
Adam_Frost,adam.frost@example.com,Data Analyst,Pending,14,8,20,3
Christopher_Fowler,christopher.fowler@example.com,ML Engineer,Failed,2,9,23,0
Timothy_Anderson,timothy.anderson@example.com,ML Engineer,Passed,5,23,12,21
Andrew_Lopez,andrew.lopez@example.com,Product Manager,Passed,24,14,12,24
Michael_Lawson,michael.lawson@example.com,Backend Developer,Failed,4,1,8,6
Austin_Powell,austin.powell@example.com,Backend Developer,Passed,22,13,17,19
William_Martin,william.martin@example.com,Product Manager,Pending,0,16,21,19
Mark_Gonzales,mark.gonzales@example.com,ML Engineer,Passed,18,25,4,21
Anthony_Collins,anthony.collins@example.com,Data Analyst,Pending,4,22,10,14
Jeffery_Key,jeffery.key@example.com,Product Manager,Pending,20,17,11,9
Briana_Anderson,briana.anderson@example.com,Product Manager,Pending,5,2,10,25
Logan_Pham,logan.pham@example.com,Product Manager,Pending,0,4,23,23
Kevin_Nicholson,kevin.nicholson@example.com,Backend Developer,Passed,21,9,16,24
Tina_Saunders,tina.saunders@example.com,Backend Developer,Passed,16,11,19,20
Gavin_Houston,gavin.houston@example.com,Data Analyst,Pending,4,2,20,24
Austin_Brown,austin.brown@example.com,ML Engineer,Pending,14,24,5,3
Andrew_Bradley,andrew.bradley@example.com,Data Analyst,Pending,25,7,4,12
Michael_Johnson,michael.johnson@example.com,Data Analyst,Pending,18,7,7,15
Heather_Schultz,heather.schultz@example.com,Product Manager,Failed,20,2,2,0
Joanna_Davenport,joanna.davenport@example.com,Product Manager,Failed,16,9,3,9
Shannon_Jones,shannon.jones@example.com,Data Analyst,Pending,1,17,19,19
Morgan_Stark,morgan.stark@example.com,Data Analyst,Failed,0,4,21,8
Steven_Barnett,steven.barnett@example.com,Product Manager,Passed,13,22,17,18
Curtis_Mcgrath,curtis.mcgrath@example.com,Product Manager,Pending,5,17,5,14
Felicia_Wagner,felicia.wagner@example.com,Product Manager,Failed,0,4,11,8
Lisa_Robinson,lisa.robinson@example.com,Product Manager,Failed,2,1,13,0
Laura_Norris,laura.norris@example.com,ML Engineer,Passed,17,17,20,18
Joshua_White,joshua.white@example.com,Product Manager,Pending,9,11,18,19
Rita_James,rita.james@example.com,ML Engineer,Passed,17,20,8,16
Brenda_Gomez,brenda.gomez@example.com,Data Analyst,Pending,6,21,10,9
Ryan_Hebert,ryan.hebert@example.com,Product Manager,Passed,11,19,20,17
Travis_James,travis.james@example.com,ML Engineer,Pending,15,8,6,19
Donna_Lopez,donna.lopez@example.com,Product Manager,Passed,17,22,16,16
Madison_Evans,madison.evans@example.com,Data Analyst,Pending,14,7,19,10
Ashley_Murphy,ashley.murphy@example.com,ML Engineer,Passed,19,23,4,14
Michael_Ray,michael.ray@example.com,Product Manager,Failed,4,2,10,13
Kimberly_Cunningham,kimberly.cunningham@example.com,ML Engineer,Pending,11,21,13,2
Lee_Martinez,lee.martinez@example.com,Backend Developer,Passed,19,14,5,22
Sarah_Dean,sarah.dean@example.com,Product Manager,Passed,21,15,18,20
Kaitlin_Keller,kaitlin.keller@example.com,Backend Developer,Failed,15,2,12,0
Jose_Matthews,jose.matthews@example.com,Backend Developer,Pending,9,19,2,16
Pamela_Grimes,pamela.grimes@example.com,Data Analyst,Pending,14,8,10,17
Melissa_Phillips,melissa.phillips@example.com,Backend Developer,Failed,0,6,21,6
Richard_Roberts,richard.roberts@example.com,Data Analyst,Passed,15,7,22,20
Brandon_Johnson,brandon.johnson@example.com,Backend Developer,Pending,5,12,19,16
Jeffrey_Leach,jeffrey.leach@example.com,Data Analyst,Pending,3,11,21,5
Barbara_Bell,barbara.bell@example.com,Product Manager,Pending,1,20,19,17
Peter_Meyers,peter.meyers@example.com,Backend Developer,Passed,8,20,20,13
Melinda_Moore,melinda.moore@example.com,ML Engineer,Passed,24,18,3,24
Morgan_Bailey,morgan.bailey@example.com,Data Analyst,Pending,4,24,7,23
Alexandra_Watkins,alexandra.watkins@example.com,Backend Developer,Pending,25,2,8,13
Ryan_Grant,ryan.grant@example.com,Backend Developer,Pending,11,20,4,16
Stacey_Sellers,stacey.sellers@example.com,Data Analyst,Pending,18,18,12,9
William_Miller,william.miller@example.com,Product Manager,Failed,15,5,11,0
Heather_Weber,heather.weber@example.com,ML Engineer,Pending,8,11,18,14
James_Mcguire,james.mcguire@example.com,Backend Developer,Failed,23,7,0,8
Tammy_Luna,tammy.luna@example.com,Data Analyst,Pending,6,9,10,18
Elizabeth_Brewer,elizabeth.brewer@example.com,Product Manager,Pending,11,19,2,10
Mitchell_Livingston,mitchell.livingston@example.com,Backend Developer,Passed,14,25,7,18
Sean_Johnson,sean.johnson@example.com,Backend Developer,Pending,6,25,15,5
Elizabeth_Fox,elizabeth.fox@example.com,Product Manager,Failed,11,11,8,0
Kristy_Thomas,kristy.thomas@example.com,Product Manager,Passed,5,23,18,21
Samantha_Jordan,samantha.jordan@example.com,ML Engineer,Pending,4,12,18,23
Amy_Soto,amy.soto@example.com,ML Engineer,Passed,12,25,19,11
Sharon_Cisneros,sharon.cisneros@example.com,Backend Developer,Pending,21,8,8,7
Michael_Morgan,michael.morgan@example.com,ML Engineer,Passed,11,10,19,20
Jasmin_Stewart,jasmin.stewart@example.com,Product Manager,Pending,20,12,8,10
Robert_Weber,robert.weber@example.com,Backend Developer,Pending,7,5,22,18
Crystal_Miller,crystal.miller@example.com,Product Manager,Failed,13,14,4,6
Jason_Reynolds,jason.reynolds@example.com,Backend Developer,Passed,17,3,16,25
Lindsey_Vaughn,lindsey.vaughn@example.com,Product Manager,Pending,20,1,4,17
Tasha_Jones,tasha.jones@example.com,Data Analyst,Pending,25,6,14,4
Margaret_Anderson,margaret.anderson@example.com,Product Manager,Pending,10,24,1,13
David_Mccormick,david.mccormick@example.com,ML Engineer,Failed,10,2,2,14
James_Johnson,james.johnson@example.com,Data Analyst,Pending,23,4,13,14
Mackenzie_Taylor,mackenzie.taylor@example.com,ML Engineer,Pending,19,14,1,22
Mario_Jones,mario.jones@example.com,Data Analyst,Pending,7,13,16,22
Emma_Perry,emma.perry@example.com,Backend Developer,Failed,25,2,3,9
Jared_Baldwin,jared.baldwin@example.com,Product Manager,Failed,7,15,4,12
Erika_Walters,erika.walters@example.com,Product Manager,Passed,21,25,17,0
Blake_Turner,blake.turner@example.com,Product Manager,Failed,15,4,4,3
Jamie_Hunt,jamie.hunt@example.com,Data Analyst,Passed,1,14,24,24
Belinda_Scott,belinda.scott@example.com,ML Engineer,Pending,23,2,17,12
Lisa_Carpenter,lisa.carpenter@example.com,Backend Developer,Pending,20,5,7,18
Audrey_Maxwell,audrey.maxwell@example.com,Data Analyst,Pending,15,10,17,4
Michael_Cox,michael.cox@example.com,Backend Developer,Failed,6,12,11,2
Amy_Middleton,amy.middleton@example.com,Backend Developer,Pending,19,25,3,10
Nancy_Hicks,nancy.hicks@example.com,Data Analyst,Passed,16,14,18,12
Marcia_Li,marcia.li@example.com,Backend Developer,Failed,2,18,4,1
Kimberly_Kelley,kimberly.kelley@example.com,Data Analyst,Passed,25,23,10,2
Anthony_Bonilla,anthony.bonilla@example.com,Backend Developer,Failed,4,17,8,8
Michelle_Allen,michelle.allen@example.com,Backend Developer,Passed,21,25,17,11
Kimberly_Simon,kimberly.simon@example.com,ML Engineer,Pending,10,13,12,8
Brad_Chandler,brad.chandler@example.com,Product Manager,Passed,12,24,18,20
Devin_Monroe,devin.monroe@example.com,Product Manager,Failed,5,7,21,6
Daniel_Elliott,daniel.elliott@example.com,ML Engineer,Failed,0,16,10,4
Jennifer_Flores,jennifer.flores@example.com,Backend Developer,Pending,14,20,5,15
John_Preston,john.preston@example.com,Product Manager,Failed,8,4,3,7
Samuel_Vasquez,samuel.vasquez@example.com,Data Analyst,Failed,2,1,4,25
Michelle_Sanchez,michelle.sanchez@example.com,ML Engineer,Failed,12,12,9,1
Wayne_Reese,wayne.reese@example.com,Data Analyst,Pending,18,19,6,8
Laurie_Garcia,laurie.garcia@example.com,Backend Developer,Failed,3,11,9,12
Mark_Weaver,mark.weaver@example.com,Data Analyst,Passed,24,14,8,25
Gary_Mckinney,gary.mckinney@example.com,Backend Developer,Failed,12,1,21,0
Cory_Garrett,cory.garrett@example.com,Data Analyst,Passed,8,19,22,19
Vernon_Webb,vernon.webb@example.com,Product Manager,Pending,20,5,12,15
Richard_Davenport,richard.davenport@example.com,Data Analyst,Failed,4,1,13,5
Jorge_Duran,jorge.duran@example.com,Backend Developer,Passed,0,24,24,16
Barbara_Hill,barbara.hill@example.com,ML Engineer,Failed,9,7,6,9
Jill_Martinez,jill.martinez@example.com,Data Analyst,Passed,20,23,15,11
Rebecca_Tucker,rebecca.tucker@example.com,ML Engineer,Failed,6,6,9,10
Aaron_Flowers,aaron.flowers@example.com,Product Manager,Pending,19,10,1,19
Brittany_Phillips,brittany.phillips@example.com,Backend Developer,Failed,5,3,11,15
Christopher_Gibson,christopher.gibson@example.com,Product Manager,Failed,4,11,11,7
John_Campbell,john.campbell@example.com,Data Analyst,Pending,4,14,13,12
Toni_Mora,toni.mora@example.com,Product Manager,Pending,20,24,13,1
Kim_Ortiz,kim.ortiz@example.com,Backend Developer,Pending,9,15,15,14
Gina_Anderson,gina.anderson@example.com,Backend Developer,Pending,0,13,17,21
Jessica_Schultz,jessica.schultz@example.com,ML Engineer,Pending,2,18,17,17
Olivia_Mason,olivia.mason@example.com,Product Manager,Failed,3,6,2,7
Katherine_Mack,katherine.mack@example.com,Backend Developer,Pending,24,0,7,25
Heather_Rogers,heather.rogers@example.com,ML Engineer,Passed,21,3,22,24
Holly_Thomas,holly.thomas@example.com,ML Engineer,Pending,24,0,9,11
Hannah_Pham,hannah.pham@example.com,ML Engineer,Pending,19,0,22,7
Sheryl_Green,sheryl.green@example.com,ML Engineer,Passed,10,21,17,19
Rebekah_Li,rebekah.li@example.com,Data Analyst,Passed,23,21,6,22
Megan_Francis,megan.francis@example.com,Product Manager,Pending,18,11,5,21
Erin_Jones,erin.jones@example.com,ML Engineer,Pending,7,1,20,17
Eric_Underwood,eric.underwood@example.com,Product Manager,Passed,12,24,20,12
Mark_Dixon,mark.dixon@example.com,Product Manager,Pending,0,23,20,1
Vicki_Molina,vicki.molina@example.com,Backend Developer,Failed,6,11,5,16
Melissa_Mills,melissa.mills@example.com,ML Engineer,Pending,12,4,25,1
Jacqueline_Diaz,jacqueline.diaz@example.com,Data Analyst,Pending,20,1,11,19
James_Barnes,james.barnes@example.com,ML Engineer,Passed,19,22,19,21
Sarah_Anthony,sarah.anthony@example.com,Data Analyst,Passed,21,17,22,22
Ashley_Ray,ashley.ray@example.com,Product Manager,Failed,11,1,1,0
Nicholas_Andersen,nicholas.andersen@example.com,ML Engineer,Passed,9,22,24,20
Bill_Rogers,bill.rogers@example.com,ML Engineer,Passed,0,18,25,25
Susan_Marshall,susan.marshall@example.com,Product Manager,Pending,14,15,9,18
Matthew_Medina,matthew.medina@example.com,ML Engineer,Pending,11,23,12,8
Benjamin_Lawson,benjamin.lawson@example.com,Backend Developer,Failed,10,23,0,1
Samuel_Marshall,samuel.marshall@example.com,Data Analyst,Pending,8,14,21,13
Marissa_Wall,marissa.wall@example.com,Product Manager,Failed,4,13,3,8
Tina_Fox,tina.fox@example.com,Data Analyst,Pending,5,11,13,22
Travis_Li,travis.li@example.com,Product Manager,Pending,23,14,5,14
Amanda_Hughes,amanda.hughes@example.com,Data Analyst,Failed,4,5,5,0
Danielle_Ferguson,danielle.ferguson@example.com,Product Manager,Pending,21,5,16,9
Heather_Larsen,heather.larsen@example.com,Product Manager,Passed,10,24,2,24
Anita_Carlson,anita.carlson@example.com,Data Analyst,Passed,10,22,12,17
Jennifer_Werner,jennifer.werner@example.com,Backend Developer,Pending,5,9,3,25
Susan_Butler,susan.butler@example.com,Backend Developer,Passed,16,13,20,22
Thomas_Smith,thomas.smith@example.com,Product Manager,Pending,23,10,6,6
Jennifer_Castillo,jennifer.castillo@example.com,ML Engineer,Passed,20,15,15,16
Colleen_Bridges,colleen.bridges@example.com,ML Engineer,Passed,16,24,19,1
John_Holt,john.holt@example.com,Data Analyst,Passed,12,21,17,20
James_Henderson,james.henderson@example.com,Backend Developer,Pending,16,16,8,2
Beverly_Harris,beverly.harris@example.com,ML Engineer,Pending,8,1,24,19
Brett_Benson,brett.benson@example.com,Data Analyst,Failed,11,21,0,6
Patricia_Hayes,patricia.hayes@example.com,Data Analyst,Pending,5,13,19,15
Steven_Young,steven.young@example.com,ML Engineer,Pending,22,3,7,21
Natalie_Perez,natalie.perez@example.com,Data Analyst,Failed,0,2,12,9
Andrea_Johnson,andrea.johnson@example.com,Backend Developer,Pending,25,10,8,9
Robert_Gibbs,robert.gibbs@example.com,Product Manager,Passed,20,18,22,6
Lindsay_Mcdonald,lindsay.mcdonald@example.com,Data Analyst,Pending,18,23,10,0
Alicia_Williams,alicia.williams@example.com,Backend Developer,Pending,6,12,11,16
Donald_Fisher,donald.fisher@example.com,Data Analyst,Pending,10,5,25,2
Kara_Stevenson,kara.stevenson@example.com,Data Analyst,Passed,15,11,15,20
Ryan_Massey,ryan.massey@example.com,ML Engineer,Pending,1,20,11,12
Kristin_Huber,kristin.huber@example.com,Backend Developer,Passed,11,23,20,18
Lisa_Baker,lisa.baker@example.com,Data Analyst,Pending,7,13,19,11
Carol_Bray,carol.bray@example.com,Product Manager,Failed,11,1,20,4
Zachary_Burns,zachary.burns@example.com,ML Engineer,Passed,20,12,22,9
Nathan_Taylor,nathan.taylor@example.com,Backend Developer,Pending,3,16,12,15
James_Wilson,james.wilson@example.com,Product Manager,Pending,10,23,2,17
Anthony_Davis,anthony.davis@example.com,ML Engineer,Pending,10,18,21,9
John_Clark,john.clark@example.com,Product Manager,Pending,19,0,19,17
Patricia_Braun,patricia.braun@example.com,ML Engineer,Pending,6,15,19,9
Sophia_Wells,sophia.wells@example.com,Backend Developer,Passed,20,19,18,6
Karen_Brown,karen.brown@example.com,Backend Developer,Pending,14,19,10,7
Scott_Miller,scott.miller@example.com,Backend Developer,Pending,16,19,7,0
Jose_Leach,jose.leach@example.com,Backend Developer,Passed,20,16,18,19
Courtney_Lowe,courtney.lowe@example.com,ML Engineer,Failed,10,0,21,1
Steven_Bowen,steven.bowen@example.com,ML Engineer,Pending,24,3,5,21
Matthew_Jackson,matthew.jackson@example.com,Data Analyst,Failed,8,3,5,7
Larry_Walker,larry.walker@example.com,ML Engineer,Failed,1,11,11,15
Stephanie_Burns,stephanie.burns@example.com,ML Engineer,Passed,5,9,24,22
Bonnie_Cain,bonnie.cain@example.com,Backend Developer,Passed,18,25,10,12
John_Cox,john.cox@example.com,ML Engineer,Passed,20,11,13,18
Jessica_Martinez,jessica.martinez@example.com,Product Manager,Pending,16,1,18,5
John_Sanchez,john.sanchez@example.com,ML Engineer,Failed,13,0,2,18
Christopher_Dorsey,christopher.dorsey@example.com,ML Engineer,Failed,14,7,5,10
Crystal_Crawford,crystal.crawford@example.com,ML Engineer,Passed,11,21,23,23
James_Knight,james.knight@example.com,ML Engineer,Pending,18,5,15,13
Dylan_Oconnor,dylan.oconnor@example.com,Product Manager,Pending,19,18,8,9
Brenda_Wolfe,brenda.wolfe@example.com,ML Engineer,Passed,12,25,18,24
Nicole_Hammond,nicole.hammond@example.com,ML Engineer,Pending,10,18,15,5
Katherine_Price,katherine.price@example.com,Backend Developer,Passed,23,18,25,14
Alexander_Thomas,alexander.thomas@example.com,ML Engineer,Passed,17,2,22,23
Jennifer_Gray,jennifer.gray@example.com,Product Manager,Failed,10,10,10,9
Jacqueline_Hickman,jacqueline.hickman@example.com,Data Analyst,Passed,19,18,12,18
Patrick_Butler,patrick.butler@example.com,Backend Developer,Pending,10,21,4,11
Cody_Smith,cody.smith@example.com,Data Analyst,Pending,25,6,5,15
Carlos_Martinez,carlos.martinez@example.com,ML Engineer,Pending,10,0,22,12
Duane_Nash,duane.nash@example.com,ML Engineer,Pending,8,1,24,12
Andre_Cortez,andre.cortez@example.com,ML Engineer,Passed,23,23,23,10
Megan_Krause,megan.krause@example.com,ML Engineer,Pending,24,7,0,21
Rhonda_Lewis,rhonda.lewis@example.com,Data Analyst,Failed,5,1,16,12
Mark_Bryan,mark.bryan@example.com,Product Manager,Failed,13,3,7,0
Robert_Cox,robert.cox@example.com,Product Manager,Pending,9,5,22,16
Ana_Long,ana.long@example.com,Product Manager,Passed,25,17,6,17
Brittany_Murray,brittany.murray@example.com,ML Engineer,Passed,22,24,18,7
Denise_Moreno,denise.moreno@example.com,Product Manager,Pending,14,5,20,19
Monica_Stephenson,monica.stephenson@example.com,Data Analyst,Pending,8,24,5,11
Judith_Kelley,judith.kelley@example.com,Product Manager,Failed,2,7,15,13
William_Higgins,william.higgins@example.com,Backend Developer,Failed,16,8,0,5
Melody_Wood,melody.wood@example.com,Backend Developer,Failed,19,11,2,3
Michael_Lawrence,michael.lawrence@example.com,ML Engineer,Pending,25,15,5,7
Julie_Silva,julie.silva@example.com,ML Engineer,Failed,17,7,1,3
Cristina_Smith,cristina.smith@example.com,ML Engineer,Pending,1,24,20,9
Paul_Evans,paul.evans@example.com,Product Manager,Pending,17,12,3,22
Andrew_Howell,andrew.howell@example.com,ML Engineer,Pending,4,12,19,22
Brandy_Anderson,brandy.anderson@example.com,Backend Developer,Pending,6,11,13,20
Betty_Dunlap,betty.dunlap@example.com,Product Manager,Failed,1,4,13,15
Sarah_Bush,sarah.bush@example.com,Data Analyst,Failed,0,8,18,5
Donald_Williams,donald.williams@example.com,Backend Developer,Failed,0,1,17,13
Kaylee_Diaz,kaylee.diaz@example.com,ML Engineer,Pending,7,20,10,13
Veronica_Hines,veronica.hines@example.com,Product Manager,Passed,20,25,15,15
Darrell_Aguirre,darrell.aguirre@example.com,Data Analyst,Failed,7,3,17,0
Katherine_Mcdowell,katherine.mcdowell@example.com,Data Analyst,Failed,10,4,7,6
Lynn_Wood,lynn.wood@example.com,Data Analyst,Passed,23,19,18,2
Isaiah_Roman,isaiah.roman@example.com,ML Engineer,Pending,17,16,12,14
Christopher_Ho,christopher.ho@example.com,ML Engineer,Failed,0,7,1,2
Heather_Moody,heather.moody@example.com,ML Engineer,Failed,3,2,6,24
Rachael_King,rachael.king@example.com,Product Manager,Pending,5,11,13,23
James_Kelly,james.kelly@example.com,Data Analyst,Failed,5,12,3,13
Heidi_Owens,heidi.owens@example.com,Product Manager,Pending,10,10,16,13
Michael_Phillips,michael.phillips@example.com,ML Engineer,Pending,17,4,7,19
Karen_Vasquez,karen.vasquez@example.com,Data Analyst,Pending,11,21,6,18
Noah_Roberts,noah.roberts@example.com,Backend Developer,Failed,3,0,7,1
Jim_Ramirez,jim.ramirez@example.com,ML Engineer,Passed,10,21,16,24
Heather_Jackson,heather.jackson@example.com,Data Analyst,Passed,24,22,20,1
Jacob_Humphrey,jacob.humphrey@example.com,Data Analyst,Pending,18,17,0,16
Laura_Carter,laura.carter@example.com,Backend Developer,Failed,2,10,4,12
Deborah_Foley,deborah.foley@example.com,ML Engineer,Passed,25,25,8,3
William_Jenkins,william.jenkins@example.com,Product Manager,Failed,10,3,6,9
Amanda_Elliott,amanda.elliott@example.com,ML Engineer,Pending,2,21,8,21
Linda_Garcia,linda.garcia@example.com,Data Analyst,Passed,16,10,22,14
Matthew_Morris,matthew.morris@example.com,Data Analyst,Pending,8,13,23,9
Blake_Hicks,blake.hicks@example.com,Data Analyst,Pending,12,23,2,20
Anthony_Walsh,anthony.walsh@example.com,Product Manager,Passed,17,18,17,19
Karen_Johnson,karen.johnson@example.com,Data Analyst,Passed,24,22,3,14
Patrick_Walters,patrick.walters@example.com,Product Manager,Failed,5,1,5,7
Brenda_Martinez,brenda.martinez@example.com,Backend Developer,Pending,23,0,6,17
Mallory_Williams,mallory.williams@example.com,ML Engineer,Passed,18,25,16,15
Sherri_Williams,sherri.williams@example.com,ML Engineer,Passed,13,15,19,19
Amanda_Lara,amanda.lara@example.com,Product Manager,Pending,0,14,18,13
Brian_Powers,brian.powers@example.com,Backend Developer,Pending,3,3,24,24
Robert_Mitchell,robert.mitchell@example.com,ML Engineer,Passed,23,3,20,18
Eric_Stone,eric.stone@example.com,Data Analyst,Pending,6,12,0,22
Eric_Franklin,eric.franklin@example.com,Data Analyst,Pending,17,4,20,9
Christopher_Bryan,christopher.bryan@example.com,Product Manager,Passed,6,21,22,18
Corey_Gonzalez,corey.gonzalez@example.com,Backend Developer,Passed,17,11,20,12
Bethany_Hill,bethany.hill@example.com,Backend Developer,Passed,14,21,12,20
Robert_Cohen,robert.cohen@example.com,Product Manager,Pending,13,12,18,8
Karen_Harper,karen.harper@example.com,Data Analyst,Passed,15,24,8,20
Pamela_Jones,pamela.jones@example.com,Data Analyst,Failed,2,13,9,5
Katherine_Wyatt,katherine.wyatt@example.com,ML Engineer,Passed,18,11,12,19
Tara_Diaz,tara.diaz@example.com,ML Engineer,Failed,14,2,11,10
Lisa_Horn,lisa.horn@example.com,Product Manager,Passed,18,25,15,21
Hannah_Patterson,hannah.patterson@example.com,Product Manager,Pending,0,25,16,15
Rachel_Prince,rachel.prince@example.com,ML Engineer,Pending,11,10,12,11
Anna_Dixon,anna.dixon@example.com,Backend Developer,Pending,17,21,6,13
Michael_Lopez,michael.lopez@example.com,Data Analyst,Passed,25,6,8,23
Stephen_Miller,stephen.miller@example.com,Product Manager,Pending,19,16,1,20
Whitney_Riley,whitney.riley@example.com,Product Manager,Pending,13,3,21,15
Stephen_Bishop,stephen.bishop@example.com,Backend Developer,Passed,15,20,12,15
Joseph_Morales,joseph.morales@example.com,Data Analyst,Passed,12,25,13,10
Travis_Burgess,travis.burgess@example.com,Backend Developer,Passed,19,13,22,7
Charles_Rodriguez,charles.rodriguez@example.com,Data Analyst,Passed,1,25,10,25
Matthew_Vasquez,matthew.vasquez@example.com,ML Engineer,Passed,12,23,24,8
Susan_Hernandez,susan.hernandez@example.com,ML Engineer,Pending,15,11,5,16
Heather_Schaefer,heather.schaefer@example.com,Data Analyst,Failed,11,7,16,0
Shannon_Osborn,shannon.osborn@example.com,ML Engineer,Pending,6,21,5,17
Gregory_West,gregory.west@example.com,Product Manager,Pending,11,7,15,9
Travis_Romero,travis.romero@example.com,Product Manager,Passed,20,7,21,19
Heather_Santos,heather.santos@example.com,ML Engineer,Pending,13,5,15,12
Tommy_Martinez,tommy.martinez@example.com,ML Engineer,Pending,7,14,11,12
Rebecca_Gilbert,rebecca.gilbert@example.com,Backend Developer,Pending,9,10,20,11
Juan_Lozano,juan.lozano@example.com,Backend Developer,Passed,15,25,19,8
Andrew_Stone,andrew.stone@example.com,ML Engineer,Failed,14,9,3,4
Lacey_Duncan,lacey.duncan@example.com,ML Engineer,Failed,17,3,5,2
Daniel_Johnson,daniel.johnson@example.com,Product Manager,Failed,7,10,0,3
Olivia_Castillo,olivia.castillo@example.com,ML Engineer,Pending,7,12,23,11
Shane_Norris,shane.norris@example.com,Data Analyst,Passed,4,21,18,19
Holly_Mcguire,holly.mcguire@example.com,Product Manager,Pending,3,9,19,20
Robert_Blair,robert.blair@example.com,Product Manager,Passed,17,19,12,23
Victor_King,victor.king@example.com,Product Manager,Passed,25,16,14,23
Mary_Wilson,mary.wilson@example.com,ML Engineer,Pending,1,15,11,22
Jacob_Chung,jacob.chung@example.com,Product Manager,Failed,3,7,3,15
Michael_Powell,michael.powell@example.com,Backend Developer,Pending,20,17,1,17
James_Wilcox,james.wilcox@example.com,Product Manager,Pending,17,10,21,5
Robert_Kirby,robert.kirby@example.com,ML Engineer,Passed,23,12,24,12
Rebecca_Simmons,rebecca.simmons@example.com,Backend Developer,Failed,14,2,17,2
James_Barrett,james.barrett@example.com,Backend Developer,Failed,1,14,1,17
Sarah_Boyd,sarah.boyd@example.com,Product Manager,Pending,18,18,0,20
Timothy_Robinson,timothy.robinson@example.com,Product Manager,Passed,7,25,25,7
Kimberly_Young,kimberly.young@example.com,Data Analyst,Failed,4,4,6,8
Eddie_King,eddie.king@example.com,Product Manager,Failed,1,3,22,12
Nicole_Stewart,nicole.stewart@example.com,Data Analyst,Pending,5,9,11,24
Valerie_Williams,valerie.williams@example.com,ML Engineer,Pending,18,14,9,2
Robert_Burton,robert.burton@example.com,Product Manager,Failed,3,2,3,10
Mary_Hartman,mary.hartman@example.com,ML Engineer,Pending,13,2,8,22
Joshua_Hester,joshua.hester@example.com,Backend Developer,Passed,24,24,0,16
Jeremy_Johnson,jeremy.johnson@example.com,ML Engineer,Pending,23,21,2,4
Kathryn_Garcia,kathryn.garcia@example.com,Product Manager,Failed,3,5,10,9
Christopher_Martin,christopher.martin@example.com,Backend Developer,Passed,24,19,13,19
Whitney_Nguyen,whitney.nguyen@example.com,Backend Developer,Passed,0,25,18,20
Barbara_Gardner,barbara.gardner@example.com,Product Manager,Passed,23,20,23,0
Austin_Franklin,austin.franklin@example.com,Data Analyst,Pending,4,24,9,9
Laura_Moody,laura.moody@example.com,Data Analyst,Pending,7,23,12,0
Sara_Wade,sara.wade@example.com,Product Manager,Passed,10,7,25,24
Donald_Parsons,donald.parsons@example.com,Data Analyst,Pending,23,0,6,14
Jacob_Gonzales,jacob.gonzales@example.com,ML Engineer,Pending,7,16,16,16
Tammy_Roberts,tammy.roberts@example.com,ML Engineer,Pending,21,4,10,10
Latasha_Goodwin,latasha.goodwin@example.com,Data Analyst,Pending,5,17,0,20
Jennifer_Clark,jennifer.clark@example.com,Backend Developer,Pending,12,17,7,18
Haley_Conway,haley.conway@example.com,Backend Developer,Pending,18,19,12,6
Bradley_Taylor,bradley.taylor@example.com,Product Manager,Pending,7,15,21,0
Joseph_Wade,joseph.wade@example.com,Data Analyst,Passed,9,16,21,14
Jordan_Ramirez,jordan.ramirez@example.com,Backend Developer,Failed,24,2,3,2
Ashley_Flynn,ashley.flynn@example.com,Backend Developer,Pending,5,6,6,23
Julie_Durham,julie.durham@example.com,Backend Developer,Passed,10,18,18,18
Maureen_Gonzalez,maureen.gonzalez@example.com,Data Analyst,Pending,10,5,17,16
Jonathan_Ramsey,jonathan.ramsey@example.com,Product Manager,Failed,2,10,2,23
Katherine_Petersen,katherine.petersen@example.com,ML Engineer,Failed,9,4,13,9
Jeremiah_Schmidt,jeremiah.schmidt@example.com,Data Analyst,Pending,10,2,15,23
William_Romero,william.romero@example.com,Backend Developer,Passed,24,17,16,6
Rachel_Gonzales,rachel.gonzales@example.com,Data Analyst,Pending,21,6,13,2
Donald_Melendez,donald.melendez@example.com,ML Engineer,Pending,12,13,4,24
Kathleen_Paul,kathleen.paul@example.com,Product Manager,Pending,15,1,18,14
Leslie_Roberts,leslie.roberts@example.com,Backend Developer,Passed,24,24,23,20
Troy_English,troy.english@example.com,ML Engineer,Failed,10,6,2,19
Gregory_White,gregory.white@example.com,Data Analyst,Passed,23,3,25,16
Paige_Warren,paige.warren@example.com,Backend Developer,Pending,9,19,4,23
Nicole_Carter,nicole.carter@example.com,Product Manager,Pending,1,18,5,18
Joseph_Fields,joseph.fields@example.com,ML Engineer,Passed,17,25,25,0
Kim_Riley,kim.riley@example.com,Data Analyst,Pending,3,23,20,5
Sierra_Johnson,sierra.johnson@example.com,Product Manager,Pending,18,11,11,18
Brian_Delacruz,brian.delacruz@example.com,Data Analyst,Pending,23,21,9,6
Andrea_Russell,andrea.russell@example.com,ML Engineer,Failed,13,0,1,17
Stephanie_Rogers,stephanie.rogers@example.com,Product Manager,Pending,7,8,19,11
Lisa_Mccarthy,lisa.mccarthy@example.com,Data Analyst,Failed,11,0,19,4
Donna_Newman,donna.newman@example.com,ML Engineer,Pending,20,4,24,3
Brandy_Little,brandy.little@example.com,ML Engineer,Passed,18,20,8,21
Penny_Williams,penny.williams@example.com,ML Engineer,Passed,17,20,19,9
Jonathan_Thomas,jonathan.thomas@example.com,ML Engineer,Pending,7,4,21,9
Mary_Smith,mary.smith@example.com,Product Manager,Pending,6,24,11,18
Claire_Berger,claire.berger@example.com,Backend Developer,Failed,7,4,5,16
Elizabeth_Weeks,elizabeth.weeks@example.com,Backend Developer,Passed,25,25,25,7
Albert_Martinez,albert.martinez@example.com,Product Manager,Pending,3,25,4,20
Alvin_Montgomery,alvin.montgomery@example.com,Product Manager,Passed,15,16,15,23
Jeremy_Gilmore,jeremy.gilmore@example.com,Data Analyst,Pending,7,7,20,8
Karen_Powell,karen.powell@example.com,Data Analyst,Pending,17,10,8,7
Sandra_Vazquez,sandra.vazquez@example.com,Product Manager,Failed,1,7,7,15
Tony_Patterson,tony.patterson@example.com,ML Engineer,Passed,25,24,17,14
Kim_Bradford,kim.bradford@example.com,Product Manager,Pending,16,4,6,14
Juan_Owens,juan.owens@example.com,Product Manager,Passed,8,15,21,21
Allison_Robinson,allison.robinson@example.com,Backend Developer,Pending,1,1,20,21
Lauren_Gutierrez,lauren.gutierrez@example.com,Product Manager,Pending,11,2,19,22
Thomas_Lee,thomas.lee@example.com,Backend Developer,Passed,20,25,5,20
Crystal_Freeman,crystal.freeman@example.com,Backend Developer,Failed,16,7,3,13
Gina_Buck,gina.buck@example.com,Product Manager,Passed,24,13,25,14
Kimberly_Cline,kimberly.cline@example.com,Product Manager,Pending,19,15,3,15
Nancy_Hoover,nancy.hoover@example.com,Data Analyst,Failed,6,10,8,15
Alexander_Booker,alexander.booker@example.com,Data Analyst,Pending,19,8,24,3
Ann_Allen,ann.allen@example.com,Data Analyst,Passed,15,15,18,21
Beth_Mcbride,beth.mcbride@example.com,Backend Developer,Passed,18,17,7,23
Michael_Holden,michael.holden@example.com,ML Engineer,Passed,17,3,23,21
Tina_Bryan,tina.bryan@example.com,Data Analyst,Passed,7,25,20,11
Karen_Daniels,karen.daniels@example.com,Product Manager,Failed,6,4,8,2
Veronica_Adams,veronica.adams@example.com,Data Analyst,Pending,10,2,18,14
Shawn_Kennedy,shawn.kennedy@example.com,Data Analyst,Failed,17,11,6,0
Philip_Brewer,philip.brewer@example.com,ML Engineer,Passed,20,18,4,18
Cristian_Lopez,cristian.lopez@example.com,ML Engineer,Pending,24,8,24,1
Dennis_Ruiz,dennis.ruiz@example.com,ML Engineer,Pending,5,16,13,18
Christopher_Francis,christopher.francis@example.com,Product Manager,Pending,4,13,22,13
Antonio_Cohen,antonio.cohen@example.com,Data Analyst,Failed,8,6,8,5
Sheila_Martinez,sheila.martinez@example.com,Data Analyst,Failed,2,21,5,0
Sherry_Young,sherry.young@example.com,Product Manager,Passed,18,14,19,25
Michael_King,michael.king@example.com,ML Engineer,Pending,2,18,19,16
Timothy_Walker,timothy.walker@example.com,ML Engineer,Pending,21,1,11,17
Richard_Escobar,richard.escobar@example.com,Data Analyst,Failed,4,21,1,13
Kathryn_Martinez,kathryn.martinez@example.com,Product Manager,Pending,7,12,11,20
Rachael_Miller,rachael.miller@example.com,Backend Developer,Passed,17,14,10,25
Allen_Sanchez,allen.sanchez@example.com,Backend Developer,Pending,12,13,14,7
Timothy_Hampton,timothy.hampton@example.com,Data Analyst,Pending,25,12,2,1
Danielle_Sanders,danielle.sanders@example.com,Backend Developer,Passed,24,3,24,10
Joseph_Smith,joseph.smith@example.com,ML Engineer,Passed,22,23,7,22
Brandy_Heath,brandy.heath@example.com,Data Analyst,Pending,20,14,6,18
Jeffery_Wilkerson,jeffery.wilkerson@example.com,Data Analyst,Pending,18,6,17,4
Crystal_Sanchez,crystal.sanchez@example.com,Data Analyst,Pending,25,12,8,4
Peter_Martinez,peter.martinez@example.com,Product Manager,Failed,1,2,19,14
Stephen_Sandoval,stephen.sandoval@example.com,Product Manager,Failed,2,7,10,13
James_Garcia,james.garcia@example.com,Backend Developer,Pending,14,7,14,9
Ronald_Diaz,ronald.diaz@example.com,Product Manager,Failed,15,19,2,0
Scott_Wilson,scott.wilson@example.com,Data Analyst,Pending,20,5,14,14
Jason_Jacobson,jason.jacobson@example.com,Product Manager,Passed,15,23,6,19
Eric_Donaldson,eric.donaldson@example.com,Product Manager,Failed,0,2,2,11
Victor_Bender,victor.bender@example.com,ML Engineer,Pending,12,18,21,5
Patrick_Simmons,patrick.simmons@example.com,ML Engineer,Pending,14,3,23,0
Angela_Richardson,angela.richardson@example.com,ML Engineer,Pending,8,20,5,18
Bradley_Miller,bradley.miller@example.com,Product Manager,Pending,6,15,24,0
April_Cortez,april.cortez@example.com,Product Manager,Failed,13,8,3,8
Karen_Simmons,karen.simmons@example.com,ML Engineer,Pending,19,12,20,5
Rachel_Lee,rachel.lee@example.com,Backend Developer,Failed,0,13,0,14
Patrick_Wong,patrick.wong@example.com,Backend Developer,Passed,13,25,18,5
Chris_Todd,chris.todd@example.com,ML Engineer,Failed,11,2,6,0
Lindsay_Sullivan,lindsay.sullivan@example.com,Backend Developer,Passed,15,20,16,18
Brandy_Brooks,brandy.brooks@example.com,Backend Developer,Pending,7,7,21,21
Eric_Whitney,eric.whitney@example.com,ML Engineer,Pending,7,9,3,21
Brian_Andrade,brian.andrade@example.com,Backend Developer,Passed,20,19,21,22
Scott_Mccormick,scott.mccormick@example.com,Backend Developer,Passed,20,22,11,25
Victor_Garrett,victor.garrett@example.com,ML Engineer,Failed,0,14,13,4
Ryan_Davis,ryan.davis@example.com,Data Analyst,Failed,11,13,14,0
Jonathan_Petty,jonathan.petty@example.com,Data Analyst,Pending,9,22,14,12
Adam_Reid,adam.reid@example.com,Product Manager,Pending,2,22,20,12
Yolanda_Jones,yolanda.jones@example.com,Backend Developer,Passed,20,21,15,18
David_Kent,david.kent@example.com,Product Manager,Pending,16,7,7,20
Diana_Thomas,diana.thomas@example.com,Backend Developer,Pending,24,9,14,11
David_Lopez,david.lopez@example.com,Product Manager,Pending,2,6,15,18
Jonathan_Blake,jonathan.blake@example.com,Product Manager,Passed,12,24,22,24
Tyler_Finley,tyler.finley@example.com,Product Manager,Failed,5,16,4,11
Jaime_Cervantes,jaime.cervantes@example.com,Product Manager,Passed,14,17,7,24
Kaylee_Johnson,kaylee.johnson@example.com,Data Analyst,Failed,8,9,17,0
Tiffany_Walsh,tiffany.walsh@example.com,ML Engineer,Pending,18,18,2,3
Kelly_Dean,kelly.dean@example.com,ML Engineer,Pending,15,20,4,10
Victoria_White,victoria.white@example.com,Backend Developer,Pending,11,24,6,17
Keith_Odom,keith.odom@example.com,Backend Developer,Passed,20,18,23,0
Susan_Quinn,susan.quinn@example.com,Data Analyst,Pending,2,20,11,14
Nathan_Dyer,nathan.dyer@example.com,Data Analyst,Passed,10,13,25,16
John_Nelson,john.nelson@example.com,Data Analyst,Pending,12,9,11,18
Tina_Chapman,tina.chapman@example.com,ML Engineer,Passed,16,18,21,6
Benjamin_Stevens,benjamin.stevens@example.com,ML Engineer,Passed,11,25,14,17
Marilyn_Beard,marilyn.beard@example.com,ML Engineer,Pending,1,3,22,20
Michael_Brooks,michael.brooks@example.com,Data Analyst,Failed,1,17,12,7
Leon_Weaver,leon.weaver@example.com,Data Analyst,Failed,18,3,6,8
Antonio_Martin,antonio.martin@example.com,Data Analyst,Failed,5,21,2,7
Rachel_Blevins,rachel.blevins@example.com,ML Engineer,Pending,1,1,20,22
Erica_Lloyd,erica.lloyd@example.com,Product Manager,Failed,12,8,7,5
Michael_Lambert,michael.lambert@example.com,ML Engineer,Pending,21,14,4,16
Eric_Wilkinson,eric.wilkinson@example.com,ML Engineer,Failed,8,6,17,8
Rachel_Garcia,rachel.garcia@example.com,ML Engineer,Failed,4,20,0,13
Amanda_Phillips,amanda.phillips@example.com,Data Analyst,Passed,9,10,23,23
Brandy_Beasley,brandy.beasley@example.com,Backend Developer,Passed,11,21,15,20
Mark_Harrell,mark.harrell@example.com,ML Engineer,Pending,9,24,2,12
Lisa_Gonzales,lisa.gonzales@example.com,Backend Developer,Failed,11,4,22,0
Curtis_Day,curtis.day@example.com,ML Engineer,Passed,15,23,6,20
Vanessa_Dorsey,vanessa.dorsey@example.com,ML Engineer,Passed,1,13,24,25
James_Taylor,james.taylor@example.com,Data Analyst,Passed,8,23,22,24
Richard_Rodriguez,richard.rodriguez@example.com,Data Analyst,Failed,3,4,22,3
Richard_Thomas,richard.thomas@example.com,Backend Developer,Pending,14,0,22,16
Michelle_Butler,michelle.butler@example.com,Backend Developer,Pending,10,11,14,6
Robert_Cunningham,robert.cunningham@example.com,Product Manager,Passed,8,14,25,14
Christopher_Anderson,christopher.anderson@example.com,Backend Developer,Failed,4,1,15,3
Martha_Thompson,martha.thompson@example.com,Data Analyst,Passed,16,12,21,13
Angela_Sullivan,angela.sullivan@example.com,Backend Developer,Failed,7,12,5,7
Allison_Adams,allison.adams@example.com,Backend Developer,Pending,13,18,16,11
Carmen_Charles,carmen.charles@example.com,Backend Developer,Failed,0,7,25,3
Gregory_Morgan,gregory.morgan@example.com,Data Analyst,Passed,23,9,23,11
Adam_Howe,adam.howe@example.com,Backend Developer,Passed,8,23,24,17
Ryan_Williams,ryan.williams@example.com,Data Analyst,Passed,24,19,16,8
Nicole_Noble,nicole.noble@example.com,Data Analyst,Passed,22,19,1,23
Martin_Phillips,martin.phillips@example.com,Backend Developer,Pending,2,20,23,9
Sabrina_Clark,sabrina.clark@example.com,Product Manager,Pending,11,14,25,1
Jeffrey_Gentry,jeffrey.gentry@example.com,Backend Developer,Passed,9,25,22,10
Richard_Rush,richard.rush@example.com,Data Analyst,Passed,19,9,10,24
Marcia_Cross,marcia.cross@example.com,Backend Developer,Pending,13,3,14,22
Brandon_Miranda,brandon.miranda@example.com,ML Engineer,Failed,3,13,1,9
Maria_King,maria.king@example.com,ML Engineer,Pending,1,14,25,4
Cynthia_Case,cynthia.case@example.com,Data Analyst,Failed,1,10,3,7
Christine_Morales,christine.morales@example.com,Data Analyst,Passed,1,24,25,17
Catherine_Powell,catherine.powell@example.com,Backend Developer,Pending,22,9,7,18
Andrew_Kelley,andrew.kelley@example.com,ML Engineer,Pending,16,14,14,5
Scott_Johnson,scott.johnson@example.com,Backend Developer,Passed,22,9,25,23
Christopher_Guerra,christopher.guerra@example.com,Product Manager,Passed,10,17,17,18
Carolyn_Duran,carolyn.duran@example.com,Product Manager,Pending,1,13,14,15
Steven_White,steven.white@example.com,Backend Developer,Pending,2,16,15,17
Carmen_Smith,carmen.smith@example.com,Backend Developer,Failed,22,11,4,1
Donna_Barrett,donna.barrett@example.com,ML Engineer,Passed,24,17,19,22
Derek_Leon,derek.leon@example.com,ML Engineer,Failed,4,11,3,14
Jennifer_Koch,jennifer.koch@example.com,Product Manager,Passed,19,18,16,22
Walter_Delgado,walter.delgado@example.com,Backend Developer,Passed,4,25,20,22
Chelsea_Torres,chelsea.torres@example.com,Backend Developer,Pending,16,10,14,12
Matthew_Mckinney,matthew.mckinney@example.com,Data Analyst,Pending,5,13,11,21
Francisco_Ward,francisco.ward@example.com,Backend Developer,Pending,1,22,17,7
Robert_Montgomery,robert.montgomery@example.com,ML Engineer,Failed,5,11,7,4
Jonathan_Ortega,jonathan.ortega@example.com,Backend Developer,Failed,15,12,3,8
Briana_Clark,briana.clark@example.com,ML Engineer,Pending,15,15,20,1
William_Hale,william.hale@example.com,Product Manager,Pending,11,14,2,15
Angela_Harrell,angela.harrell@example.com,Product Manager,Passed,6,14,24,18
Erica_Arias,erica.arias@example.com,ML Engineer,Pending,18,11,24,3
Ana_Garcia,ana.garcia@example.com,Product Manager,Pending,9,6,18,8
Amy_Cabrera,amy.cabrera@example.com,Product Manager,Passed,0,19,21,20
Michael_Vega,michael.vega@example.com,Product Manager,Pending,4,18,10,16
Marcia_Price,marcia.price@example.com,Backend Developer,Pending,4,24,13,8
Kayla_Cross,kayla.cross@example.com,ML Engineer,Failed,8,9,8,5
Erica_Mahoney,erica.mahoney@example.com,Data Analyst,Failed,0,7,21,9
Kevin_Frank,kevin.frank@example.com,Backend Developer,Pending,25,17,10,4
Albert_Gonzalez,albert.gonzalez@example.com,Backend Developer,Failed,6,8,12,9
Natalie_Roberts,natalie.roberts@example.com,ML Engineer,Failed,17,3,1,12
Diane_King,diane.king@example.com,Data Analyst,Pending,13,9,6,17
Anne_Lawson,anne.lawson@example.com,Data Analyst,Failed,16,6,13,3
Sarah_Horn,sarah.horn@example.com,ML Engineer,Failed,1,9,12,6
Sandra_Roth,sandra.roth@example.com,ML Engineer,Pending,16,7,5,25
Elizabeth_Flynn,elizabeth.flynn@example.com,Product Manager,Failed,1,22,9,4
Kaylee_Hopkins,kaylee.hopkins@example.com,Data Analyst,Pending,5,23,0,12
Lauren_Brock,lauren.brock@example.com,Product Manager,Passed,20,11,19,24
Michael_Hines,michael.hines@example.com,Product Manager,Failed,18,7,11,2
Justin_Brown,justin.brown@example.com,Product Manager,Failed,5,14,3,2
Sara_Bennett,sara.bennett@example.com,Data Analyst,Pending,17,19,5,18
Tanya_Nelson,tanya.nelson@example.com,Backend Developer,Passed,22,11,21,9
Kendra_Barrett,kendra.barrett@example.com,ML Engineer,Pending,21,2,12,15
Heather_Wilson,heather.wilson@example.com,Backend Developer,Passed,12,21,21,22
April_Chandler,april.chandler@example.com,Data Analyst,Pending,15,4,18,3
James_Evans,james.evans@example.com,Data Analyst,Passed,13,17,18,24
Michael_Lara,michael.lara@example.com,ML Engineer,Failed,3,3,6,14
Joyce_Moore,joyce.moore@example.com,ML Engineer,Pending,11,19,16,11
David_Davis,david.davis@example.com,Product Manager,Passed,24,15,14,22
Morgan_Price,morgan.price@example.com,Backend Developer,Failed,2,12,3,18
Erin_Gray,erin.gray@example.com,ML Engineer,Failed,4,5,0,1
William_Brooks,william.brooks@example.com,Product Manager,Failed,1,4,7,13
Tiffany_Cole,tiffany.cole@example.com,Data Analyst,Pending,6,16,21,4
Ashley_Hall,ashley.hall@example.com,Product Manager,Pending,8,20,24,5
Daniel_Lopez,daniel.lopez@example.com,Backend Developer,Passed,19,20,25,11
Jeffrey_Moore,jeffrey.moore@example.com,ML Engineer,Pending,6,19,8,19
Mary_Jefferson,mary.jefferson@example.com,Data Analyst,Failed,3,0,20,8
Scott_Vincent,scott.vincent@example.com,Product Manager,Passed,10,12,22,17
Christopher_White,christopher.white@example.com,ML Engineer,Pending,0,3,20,25
Dalton_Spencer,dalton.spencer@example.com,Backend Developer,Passed,18,17,22,17
Angela_Schaefer,angela.schaefer@example.com,Backend Developer,Passed,17,24,6,23
Calvin_Rush,calvin.rush@example.com,Data Analyst,Pending,13,11,19,5
Joshua_Sanchez,joshua.sanchez@example.com,Data Analyst,Pending,1,16,11,15
Sean_Benson,sean.benson@example.com,Data Analyst,Failed,12,0,9,12
Elizabeth_Jones,elizabeth.jones@example.com,Backend Developer,Passed,20,6,23,23
Kelly_Martinez,kelly.martinez@example.com,ML Engineer,Pending,6,19,20,13
Vincent_Hernandez,vincent.hernandez@example.com,ML Engineer,Passed,24,13,24,3
Randy_Curtis,randy.curtis@example.com,ML Engineer,Pending,6,6,19,16
George_Smith,george.smith@example.com,Backend Developer,Passed,25,19,16,10
Kayla_Bradley,kayla.bradley@example.com,ML Engineer,Passed,8,20,24,18
Adrian_Martinez,adrian.martinez@example.com,Backend Developer,Failed,18,2,7,10
Miranda_Mcgee,miranda.mcgee@example.com,Backend Developer,Pending,17,22,4,6
Helen_Robles,helen.robles@example.com,Backend Developer,Pending,9,14,16,13
Robert_Owen,robert.owen@example.com,ML Engineer,Pending,1,23,20,13
Ryan_Johnson,ryan.johnson@example.com,Data Analyst,Pending,11,17,2,22
Alex_Medina,alex.medina@example.com,ML Engineer,Passed,21,24,4,24
Perry_Thompson,perry.thompson@example.com,Data Analyst,Failed,1,6,0,24
Charles_Green,charles.green@example.com,Product Manager,Passed,24,23,21,18
Darlene_Long,darlene.long@example.com,Backend Developer,Passed,13,20,19,13
Pamela_Padilla,pamela.padilla@example.com,Data Analyst,Pending,14,4,18,15
Nathan_Cook,nathan.cook@example.com,ML Engineer,Failed,18,0,3,3
Nicole_Bird,nicole.bird@example.com,Data Analyst,Passed,24,10,9,18
David_Daniels,david.daniels@example.com,Backend Developer,Pending,14,3,25,0
Joshua_Jones,joshua.jones@example.com,Backend Developer,Pending,22,9,15,12
Michael_Patel,michael.patel@example.com,ML Engineer,Pending,18,3,14,17
Eric_Flores,eric.flores@example.com,Data Analyst,Passed,16,8,12,25
Mary_Gallagher,mary.gallagher@example.com,Data Analyst,Failed,0,5,7,18
Krista_Moore,krista.moore@example.com,Product Manager,Passed,23,21,6,22
Bryce_Goodwin,bryce.goodwin@example.com,ML Engineer,Passed,18,17,21,5
John_Lee,john.lee@example.com,Backend Developer,Failed,4,22,2,1
John_Hanson,john.hanson@example.com,ML Engineer,Pending,1,25,17,11
Todd_Garza,todd.garza@example.com,Backend Developer,Failed,5,2,9,18
Jonathan_Vega,jonathan.vega@example.com,ML Engineer,Pending,23,0,13,22
Amy_Archer,amy.archer@example.com,Product Manager,Pending,19,5,9,17
Jesse_White,jesse.white@example.com,Product Manager,Pending,19,17,10,8
Darren_Bryant,darren.bryant@example.com,ML Engineer,Failed,4,14,18,3
Matthew_Kelly,matthew.kelly@example.com,Backend Developer,Pending,6,22,19,2
Jeremiah_Mendoza,jeremiah.mendoza@example.com,Backend Developer,Pending,5,3,17,18
Ronald_Brown,ronald.brown@example.com,Product Manager,Passed,8,16,23,13
Anthony_Lloyd,anthony.lloyd@example.com,Product Manager,Pending,7,18,24,4
Jose_Ramirez,jose.ramirez@example.com,Product Manager,Failed,7,8,21,1
Alicia_Martinez,alicia.martinez@example.com,ML Engineer,Pending,8,5,11,16
Denise_Tanner,denise.tanner@example.com,Backend Developer,Failed,2,5,6,5
Linda_Melendez,linda.melendez@example.com,ML Engineer,Passed,11,19,17,13
Katrina_Jenkins,katrina.jenkins@example.com,Data Analyst,Passed,23,20,14,16
Mark_Monroe,mark.monroe@example.com,Data Analyst,Passed,16,4,24,25
Cynthia_Patterson,cynthia.patterson@example.com,Data Analyst,Pending,2,11,15,25
Kimberly_Gonzalez,kimberly.gonzalez@example.com,ML Engineer,Failed,1,13,1,22
Mark_Becker,mark.becker@example.com,Product Manager,Failed,4,22,7,0
Patrick_Alexander,patrick.alexander@example.com,Backend Developer,Failed,3,3,9,23
Ronald_Nielsen,ronald.nielsen@example.com,ML Engineer,Pending,12,13,9,6
Dale_Haynes,dale.haynes@example.com,Backend Developer,Pending,13,8,4,20
Bradley_Rodriguez,bradley.rodriguez@example.com,ML Engineer,Passed,18,10,17,15
Evan_Alvarez,evan.alvarez@example.com,ML Engineer,Pending,11,8,6,19
Gregory_Dillon,gregory.dillon@example.com,ML Engineer,Pending,15,0,20,8
Sherri_Ray,sherri.ray@example.com,Product Manager,Passed,25,18,10,7
Miguel_Hart,miguel.hart@example.com,Data Analyst,Pending,15,9,23,8
Wendy_Baker,wendy.baker@example.com,Backend Developer,Pending,19,7,6,23
Leslie_Jones,leslie.jones@example.com,Backend Developer,Pending,17,14,6,6
Jose_Horne,jose.horne@example.com,Product Manager,Pending,17,3,15,19
Melissa_Johnson,melissa.johnson@example.com,Data Analyst,Pending,19,7,12,10
Brandon_Arnold,brandon.arnold@example.com,ML Engineer,Failed,13,2,6,11
Kristin_Nunez,kristin.nunez@example.com,Backend Developer,Passed,16,17,23,22
Benjamin_Thompson,benjamin.thompson@example.com,ML Engineer,Pending,16,0,6,20
Kristen_Taylor,kristen.taylor@example.com,ML Engineer,Pending,20,8,13,6
Drew_Moore,drew.moore@example.com,Data Analyst,Failed,13,3,10,3
Amy_Brooks,amy.brooks@example.com,ML Engineer,Failed,0,15,12,1
Kristen_Gonzalez,kristen.gonzalez@example.com,Product Manager,Passed,20,24,23,20
Antonio_Fisher,antonio.fisher@example.com,ML Engineer,Passed,21,3,23,23
Nicole_Nelson,nicole.nelson@example.com,Backend Developer,Pending,7,11,25,13
Melinda_Mills,melinda.mills@example.com,Backend Developer,Pending,16,24,1,17
Joshua_Jackson,joshua.jackson@example.com,Backend Developer,Pending,24,0,5,16
Margaret_Moore,margaret.moore@example.com,ML Engineer,Passed,16,24,25,6
Amanda_Mccullough,amanda.mccullough@example.com,Backend Developer,Passed,22,19,21,16
Destiny_Wood,destiny.wood@example.com,Data Analyst,Pending,13,3,19,8
Cory_Martin,cory.martin@example.com,Data Analyst,Pending,19,19,10,6
Rebecca_Greene,rebecca.greene@example.com,Backend Developer,Failed,15,6,15,2
Courtney_Kim,courtney.kim@example.com,ML Engineer,Pending,6,14,10,16
James_Holmes,james.holmes@example.com,Data Analyst,Pending,18,8,17,4
Anna_Lopez,anna.lopez@example.com,Backend Developer,Failed,2,0,24,3
Sheila_Cannon,sheila.cannon@example.com,Backend Developer,Passed,25,10,1,24
Kevin_Frost,kevin.frost@example.com,Product Manager,Failed,4,9,12,8
Jose_Blake,jose.blake@example.com,Data Analyst,Pending,20,17,9,7
Jerry_Brooks,jerry.brooks@example.com,Data Analyst,Pending,5,19,10,22
Christine_Garcia,christine.garcia@example.com,Data Analyst,Failed,10,20,5,1
Susan_Park,susan.park@example.com,Backend Developer,Pending,22,7,0,24
Nicholas_Newton,nicholas.newton@example.com,Data Analyst,Pending,25,2,14,11
Alan_Smith,alan.smith@example.com,Product Manager,Pending,16,7,5,25
Calvin_Wilson,calvin.wilson@example.com,Backend Developer,Failed,14,5,2,11
Michael_Duran,michael.duran@example.com,Data Analyst,Pending,21,18,19,1
Brian_Sexton,brian.sexton@example.com,ML Engineer,Passed,12,16,22,21
Tony_Cross,tony.cross@example.com,ML Engineer,Passed,11,24,9,22
Kathy_Banks,kathy.banks@example.com,Product Manager,Pending,4,25,1,25
Madison_Moore,madison.moore@example.com,ML Engineer,Pending,11,15,14,12
David_Meyers,david.meyers@example.com,Data Analyst,Pending,13,13,2,21
Edgar_Arroyo,edgar.arroyo@example.com,Backend Developer,Passed,17,20,25,23
Sheri_Patton,sheri.patton@example.com,ML Engineer,Passed,6,15,20,20
Jessica_Norris,jessica.norris@example.com,Data Analyst,Pending,5,20,18,5
John_Jones,john.jones@example.com,Data Analyst,Passed,9,25,8,18
Ashley_Barber,ashley.barber@example.com,Backend Developer,Passed,21,7,21,20
Joy_Johnson,joy.johnson@example.com,ML Engineer,Passed,19,0,20,25
Timothy_Fox,timothy.fox@example.com,Product Manager,Passed,17,13,13,24
Cassandra_Edwards,cassandra.edwards@example.com,Product Manager,Passed,21,10,21,15
Dustin_Tapia,dustin.tapia@example.com,Backend Developer,Pending,2,1,19,19
Sarah_Ford,sarah.ford@example.com,Product Manager,Pending,7,7,22,6
Shelia_Harvey,shelia.harvey@example.com,Data Analyst,Pending,14,21,9,11
Bruce_Cole,bruce.cole@example.com,Data Analyst,Passed,14,19,25,13
Patricia_Knox,patricia.knox@example.com,Product Manager,Pending,18,3,25,13
Samuel_Santiago,samuel.santiago@example.com,Data Analyst,Passed,21,11,23,19
Susan_Olson,susan.olson@example.com,Product Manager,Passed,18,17,25,25
Julie_Shelton,julie.shelton@example.com,Data Analyst,Failed,5,22,0,4
Erin_Torres,erin.torres@example.com,Backend Developer,Passed,23,17,21,24
Alexander_Oliver,alexander.oliver@example.com,Product Manager,Pending,6,13,1,23
Jonathan_Clark,jonathan.clark@example.com,ML Engineer,Failed,18,1,19,1
Jennifer_Hicks,jennifer.hicks@example.com,Backend Developer,Pending,13,25,0,5
Diana_Davis,diana.davis@example.com,Product Manager,Passed,3,22,23,17
Erin_Brown,erin.brown@example.com,Product Manager,Pending,9,3,19,23
Sara_Nguyen,sara.nguyen@example.com,Data Analyst,Passed,3,23,23,16
Michael_Gordon,michael.gordon@example.com,ML Engineer,Failed,10,1,1,10
Chad_Morgan,chad.morgan@example.com,Data Analyst,Failed,4,23,8,0
Tiffany_Molina,tiffany.molina@example.com,ML Engineer,Pending,20,8,10,18
Erin_Smith,erin.smith@example.com,Backend Developer,Pending,9,12,16,14
Pamela_Ramsey,pamela.ramsey@example.com,Data Analyst,Failed,12,5,5,2
Anne_Graves,anne.graves@example.com,Backend Developer,Passed,22,23,13,12
Jacob_Scott,jacob.scott@example.com,Backend Developer,Pending,24,10,16,6
Danielle_Butler,danielle.butler@example.com,Backend Developer,Failed,5,2,18,6
Briana_Greene,briana.greene@example.com,Product Manager,Pending,14,17,4,9
Rhonda_Armstrong,rhonda.armstrong@example.com,ML Engineer,Pending,2,18,16,20
Lawrence_Lopez,lawrence.lopez@example.com,ML Engineer,Passed,16,19,25,6
Amanda_Garrett,amanda.garrett@example.com,Product Manager,Passed,17,15,23,19
Shelia_White,shelia.white@example.com,ML Engineer,Passed,25,19,20,1
Jackie_George,jackie.george@example.com,Backend Developer,Passed,22,4,15,23
Stephanie_Taylor,stephanie.taylor@example.com,ML Engineer,Pending,24,16,5,8
Nicholas_Jones,nicholas.jones@example.com,Product Manager,Passed,24,16,6,17
Maria_Lin,maria.lin@example.com,Product Manager,Pending,2,15,14,25
Wesley_Copeland,wesley.copeland@example.com,Backend Developer,Pending,1,18,13,16
Raymond_Hernandez,raymond.hernandez@example.com,Data Analyst,Pending,8,1,18,15
Brandy_Bradshaw,brandy.bradshaw@example.com,Data Analyst,Passed,20,20,5,18
Craig_Wagner,craig.wagner@example.com,Data Analyst,Failed,2,6,8,7
Benjamin_Boyd,benjamin.boyd@example.com,Backend Developer,Pending,4,22,18,0
Kristin_Martinez,kristin.martinez@example.com,Data Analyst,Pending,20,9,7,18
Robert_Wheeler,robert.wheeler@example.com,Product Manager,Passed,20,21,20,16
Kathryn_Cole,kathryn.cole@example.com,Data Analyst,Passed,12,16,17,22
Ashley_Bennett,ashley.bennett@example.com,Data Analyst,Pending,11,8,21,7
Ashley_Baker,ashley.baker@example.com,Backend Developer,Pending,7,14,14,9
Thomas_Gonzalez,thomas.gonzalez@example.com,ML Engineer,Pending,12,19,16,2
Jacob_Wallace,jacob.wallace@example.com,ML Engineer,Pending,23,22,7,3
Joseph_Dixon,joseph.dixon@example.com,Product Manager,Failed,3,0,17,10
Tyrone_Morris,tyrone.morris@example.com,Backend Developer,Passed,22,14,14,15
Nathan_Browning,nathan.browning@example.com,Backend Developer,Pending,3,15,23,3
Derek_Boyer,derek.boyer@example.com,Backend Developer,Passed,7,14,22,18
Samantha_Sheppard,samantha.sheppard@example.com,Product Manager,Passed,9,15,15,22
Danielle_Nolan,danielle.nolan@example.com,Data Analyst,Failed,2,2,8,18
Nathan_Watkins,nathan.watkins@example.com,Product Manager,Passed,22,15,24,2
James_Foley,james.foley@example.com,Data Analyst,Pending,14,14,16,7
Elizabeth_Taylor,elizabeth.taylor@example.com,Backend Developer,Pending,8,2,20,13
Jody_Noble,jody.noble@example.com,Data Analyst,Pending,17,6,19,16
Alexa_Blake,alexa.blake@example.com,ML Engineer,Passed,20,23,17,25
Justin_Munoz,justin.munoz@example.com,Product Manager,Failed,7,0,11,6
Steve_Miller,steve.miller@example.com,Data Analyst,Failed,3,1,14,0
Morgan_Jones,morgan.jones@example.com,Backend Developer,Passed,24,4,17,19
Heather_Bishop,heather.bishop@example.com,Data Analyst,Failed,4,11,3,14
Joanna_Foster,joanna.foster@example.com,Backend Developer,Passed,12,25,25,25
Luke_Jenkins,luke.jenkins@example.com,Data Analyst,Passed,6,18,20,18
Mark_Lester,mark.lester@example.com,ML Engineer,Failed,12,6,7,7
Timothy_Martin,timothy.martin@example.com,Product Manager,Pending,17,7,21,2
Albert_Watts,albert.watts@example.com,ML Engineer,Pending,14,8,6,14
Stephanie_Cook,stephanie.cook@example.com,Product Manager,Passed,17,20,19,13
Reginald_Costa,reginald.costa@example.com,Product Manager,Pending,7,2,25,23
Jason_Sweeney,jason.sweeney@example.com,Backend Developer,Pending,24,14,15,3
Julie_Thomas,julie.thomas@example.com,ML Engineer,Passed,2,17,21,20
Dawn_Hart,dawn.hart@example.com,Data Analyst,Pending,14,25,8,3
Joanna_Hull,joanna.hull@example.com,ML Engineer,Passed,11,14,15,25
Luis_Hughes,luis.hughes@example.com,Backend Developer,Failed,7,0,5,10
Joseph_Reed,joseph.reed@example.com,ML Engineer,Pending,23,13,11,7
Angela_Garcia,angela.garcia@example.com,Data Analyst,Pending,13,3,10,22
Sarah_Ingram,sarah.ingram@example.com,Product Manager,Pending,16,12,12,12
Michael_Shepard,michael.shepard@example.com,Product Manager,Pending,19,6,18,7
Morgan_Curry,morgan.curry@example.com,Backend Developer,Pending,10,19,24,6
Lauren_Martinez,lauren.martinez@example.com,Backend Developer,Pending,20,12,7,2
Matthew_Austin,matthew.austin@example.com,Product Manager,Failed,6,11,15,4
John_Edwards,john.edwards@example.com,Backend Developer,Passed,13,18,15,18
Steven_Lee,steven.lee@example.com,Product Manager,Pending,21,8,18,10
Andrea_Jackson,andrea.jackson@example.com,Product Manager,Pending,16,4,12,20
Tina_Smith,tina.smith@example.com,ML Engineer,Failed,16,6,14,2
Megan_Johnson,megan.johnson@example.com,ML Engineer,Failed,2,4,20,6
Samantha_Christensen,samantha.christensen@example.com,Data Analyst,Pending,10,15,11,7
Jeffrey_Perez,jeffrey.perez@example.com,Product Manager,Failed,13,7,14,4
Joseph_Mason,joseph.mason@example.com,ML Engineer,Passed,14,24,24,20
James_Arnold,james.arnold@example.com,ML Engineer,Pending,1,17,13,21
Robert_Shaw,robert.shaw@example.com,Product Manager,Failed,15,0,8,2
William_Perez,william.perez@example.com,ML Engineer,Failed,4,12,4,13
Lisa_Chang,lisa.chang@example.com,Backend Developer,Pending,21,3,16,17
Madison_Khan,madison.khan@example.com,Backend Developer,Failed,2,24,7,4
Molly_Stephenson,molly.stephenson@example.com,Data Analyst,Pending,21,12,21,0
Diane_Johnson,diane.johnson@example.com,Backend Developer,Failed,5,6,4,5
Scott_Brown,scott.brown@example.com,Data Analyst,Passed,20,24,16,25
Patricia_Perry,patricia.perry@example.com,ML Engineer,Pending,7,12,4,24
Cameron_Hernandez,cameron.hernandez@example.com,Data Analyst,Pending,19,21,8,5
Anthony_Rogers,anthony.rogers@example.com,Backend Developer,Pending,9,16,7,20
Maria_Williams,maria.williams@example.com,Product Manager,Pending,3,19,10,24
Joan_Valdez,joan.valdez@example.com,Data Analyst,Passed,25,16,22,19
Nathan_Shea,nathan.shea@example.com,Backend Developer,Passed,18,3,18,22
Julie_Conrad,julie.conrad@example.com,Backend Developer,Passed,25,5,25,20
Shelby_Steele,shelby.steele@example.com,Product Manager,Pending,10,20,5,14
Harold_Terry,harold.terry@example.com,Product Manager,Failed,10,4,2,6
Stacie_Bishop,stacie.bishop@example.com,Product Manager,Failed,2,15,2,0
Kathryn_Roberts,kathryn.roberts@example.com,Product Manager,Passed,22,11,23,24
Tiffany_Williams,tiffany.williams@example.com,Product Manager,Failed,21,1,5,10
Pamela_Brown,pamela.brown@example.com,ML Engineer,Failed,10,0,11,3
Michele_Ross,michele.ross@example.com,Product Manager,Pending,17,20,7,7
Penny_Taylor,penny.taylor@example.com,Data Analyst,Pending,16,11,24,7
Lance_Gonzalez,lance.gonzalez@example.com,Backend Developer,Pending,12,13,9,16
Julie_Payne,julie.payne@example.com,Backend Developer,Passed,19,22,22,1
Steven_Weeks,steven.weeks@example.com,Backend Developer,Pending,22,11,5,15
Michelle_Torres,michelle.torres@example.com,ML Engineer,Pending,23,7,9,17
Michael_Norris,michael.norris@example.com,ML Engineer,Failed,3,0,0,5
Eddie_Johnson,eddie.johnson@example.com,Data Analyst,Failed,24,1,0,4
Christy_Garcia,christy.garcia@example.com,Product Manager,Pending,19,25,6,9
Joe_Ferrell,joe.ferrell@example.com,Product Manager,Passed,21,16,17,22
Shelley_Martinez,shelley.martinez@example.com,ML Engineer,Passed,10,19,17,20
Paul_Davidson,paul.davidson@example.com,Product Manager,Pending,13,2,22,4
Jeffrey_Mitchell,jeffrey.mitchell@example.com,Data Analyst,Passed,23,7,25,5
Tricia_Gross,tricia.gross@example.com,Backend Developer,Passed,24,19,23,8
Gabriel_Wright,gabriel.wright@example.com,Data Analyst,Pending,11,13,18,7
William_Hancock,william.hancock@example.com,Product Manager,Pending,11,16,9,16
Kelly_Christian,kelly.christian@example.com,Data Analyst,Pending,13,13,11,17
Cody_Hartman,cody.hartman@example.com,Product Manager,Pending,22,5,2,25
Jennifer_Molina,jennifer.molina@example.com,Backend Developer,Failed,7,2,24,0
Rebecca_Cooper,rebecca.cooper@example.com,Backend Developer,Failed,18,0,8,0
Andrew_Williamson,andrew.williamson@example.com,Backend Developer,Failed,14,6,0,16
Kevin_Hill,kevin.hill@example.com,Backend Developer,Pending,0,0,23,25
Justin_Jackson,justin.jackson@example.com,Backend Developer,Failed,11,8,4,3
Julia_Reeves,julia.reeves@example.com,Data Analyst,Passed,12,16,17,20
Cody_Suarez,cody.suarez@example.com,ML Engineer,Pending,19,6,6,18
Philip_Delacruz,philip.delacruz@example.com,Backend Developer,Pending,13,17,6,6
Virginia_Green,virginia.green@example.com,Product Manager,Passed,14,15,13,24
Brenda_Morales,brenda.morales@example.com,Product Manager,Failed,2,3,5,15
Johnathan_Welch,johnathan.welch@example.com,ML Engineer,Pending,13,1,22,10
Tami_Garcia,tami.garcia@example.com,Backend Developer,Passed,15,5,20,20
Katherine_Sims,katherine.sims@example.com,Product Manager,Passed,12,18,11,24
Lauren_Pham,lauren.pham@example.com,Backend Developer,Pending,2,1,14,25
Danny_Hunt,danny.hunt@example.com,ML Engineer,Passed,11,22,15,22
Cameron_Shah,cameron.shah@example.com,Product Manager,Passed,13,17,13,17
April_Levine,april.levine@example.com,Backend Developer,Failed,12,1,1,22
Robert_Boyer,robert.boyer@example.com,ML Engineer,Passed,19,3,21,19
Natalie_Baird,natalie.baird@example.com,Data Analyst,Passed,20,25,21,10
Lacey_Jones,lacey.jones@example.com,Backend Developer,Failed,1,16,11,7
Deborah_Vang,deborah.vang@example.com,ML Engineer,Pending,19,24,12,0
Michael_Wright,michael.wright@example.com,ML Engineer,Failed,0,18,0,16
Katie_Bennett,katie.bennett@example.com,Backend Developer,Failed,1,17,0,11
Philip_Anthony,philip.anthony@example.com,ML Engineer,Failed,13,19,0,7
William_Mitchell,william.mitchell@example.com,ML Engineer,Pending,19,11,1,25
Denise_Kennedy,denise.kennedy@example.com,Product Manager,Failed,14,0,9,13
Julie_Davis,julie.davis@example.com,Data Analyst,Pending,10,17,21,3
Elizabeth_Bridges,elizabeth.bridges@example.com,Product Manager,Failed,5,5,1,18
Daniel_Nguyen,daniel.nguyen@example.com,Product Manager,Failed,7,6,2,1
Noah_Harris,noah.harris@example.com,Backend Developer,Failed,18,5,5,0
Scott_Carr,scott.carr@example.com,ML Engineer,Pending,2,2,24,12
Brian_Smith,brian.smith@example.com,Product Manager,Pending,11,1,19,24
Thomas_Foster,thomas.foster@example.com,Product Manager,Pending,16,3,13,24
Amanda_Jones,amanda.jones@example.com,Data Analyst,Pending,6,19,11,7
Keith_Garcia,keith.garcia@example.com,ML Engineer,Pending,8,12,21,7
Sara_Brown,sara.brown@example.com,Product Manager,Passed,8,14,22,17
Kristen_Castaneda,kristen.castaneda@example.com,Product Manager,Passed,11,8,23,18
Raymond_Brady,raymond.brady@example.com,Product Manager,Passed,11,25,12,14
Jessica_Oneill,jessica.oneill@example.com,Backend Developer,Passed,5,12,23,22
Robert_Anderson,robert.anderson@example.com,Data Analyst,Failed,13,0,10,13
Manuel_Scott,manuel.scott@example.com,Product Manager,Pending,7,17,8,14
Barry_Wright,barry.wright@example.com,Backend Developer,Pending,22,7,11,17
Adam_Williams,adam.williams@example.com,ML Engineer,Failed,0,17,4,12
Desiree_Ellis,desiree.ellis@example.com,Data Analyst,Pending,13,16,17,0
Sean_Walker,sean.walker@example.com,ML Engineer,Failed,10,10,17,0
Adam_Sharp,adam.sharp@example.com,Backend Developer,Pending,21,20,7,8
William_Anderson,william.anderson@example.com,ML Engineer,Failed,0,16,3,20
Donna_Gray,donna.gray@example.com,Backend Developer,Passed,6,21,24,12
Helen_Davis,helen.davis@example.com,ML Engineer,Passed,23,18,24,11
Ashley_Mcguire,ashley.mcguire@example.com,ML Engineer,Pending,9,14,7,10
Joel_Gill,joel.gill@example.com,Product Manager,Failed,9,4,5,19
Travis_Conway,travis.conway@example.com,Backend Developer,Pending,0,14,24,21
Stephen_Anderson,stephen.anderson@example.com,ML Engineer,Failed,16,3,3,1
Melanie_Pitts,melanie.pitts@example.com,Data Analyst,Pending,11,14,7,12
Monica_Gonzalez,monica.gonzalez@example.com,Backend Developer,Pending,20,10,1,23
Tyler_Barton,tyler.barton@example.com,Backend Developer,Pending,19,4,13,20
Vickie_Ortiz,vickie.ortiz@example.com,Data Analyst,Pending,25,4,6,9
Jamie_Stone,jamie.stone@example.com,Product Manager,Passed,13,11,18,22
Laura_Yates,laura.yates@example.com,Data Analyst,Passed,24,17,19,8
John_Turner,john.turner@example.com,Data Analyst,Failed,20,1,5,4
Kenneth_Armstrong,kenneth.armstrong@example.com,Data Analyst,Failed,4,21,1,6
Craig_Coleman,craig.coleman@example.com,Backend Developer,Pending,8,20,13,1
Tammy_Smith,tammy.smith@example.com,ML Engineer,Passed,25,21,6,11
Alyssa_Wright,alyssa.wright@example.com,Product Manager,Pending,10,25,6,0
Angela_Orozco,angela.orozco@example.com,Backend Developer,Pending,13,11,21,13
Catherine_Garrett,catherine.garrett@example.com,Data Analyst,Passed,17,19,24,10
Peter_Chapman,peter.chapman@example.com,Backend Developer,Pending,14,7,12,21
Jimmy_Soto,jimmy.soto@example.com,Data Analyst,Pending,11,0,16,20
Tammy_Robles,tammy.robles@example.com,ML Engineer,Pending,11,11,14,23
Tiffany_Smith,tiffany.smith@example.com,ML Engineer,Failed,14,7,2,4
Kenneth_Brock,kenneth.brock@example.com,Backend Developer,Passed,18,15,24,19
Jasmine_Lawson,jasmine.lawson@example.com,ML Engineer,Passed,13,18,25,12
Brittany_Gomez,brittany.gomez@example.com,Backend Developer,Pending,16,23,1,6
David_Hodge,david.hodge@example.com,ML Engineer,Pending,12,2,9,23
Misty_Lopez,misty.lopez@example.com,ML Engineer,Pending,18,16,13,3
Frank_Lucero,frank.lucero@example.com,Product Manager,Pending,4,18,14,11
David_Carrillo,david.carrillo@example.com,Product Manager,Failed,2,7,4,21
Valerie_Johnston,valerie.johnston@example.com,Backend Developer,Pending,18,19,13,6
James_Dennis,james.dennis@example.com,ML Engineer,Passed,24,21,8,7
Crystal_Wood,crystal.wood@example.com,ML Engineer,Pending,5,21,11,20
Jonathan_Wolfe,jonathan.wolfe@example.com,ML Engineer,Passed,24,17,10,11
Austin_Good,austin.good@example.com,ML Engineer,Pending,6,11,24,5
Patrick_Curry,patrick.curry@example.com,ML Engineer,Pending,9,16,13,3
Grant_Ramirez,grant.ramirez@example.com,ML Engineer,Failed,6,1,12,17
Tiffany_Davila,tiffany.davila@example.com,Backend Developer,Pending,18,8,9,13
Amber_Garcia,amber.garcia@example.com,Data Analyst,Passed,20,17,6,24
Joshua_Morales,joshua.morales@example.com,ML Engineer,Failed,8,1,4,14
Dalton_Brown,dalton.brown@example.com,ML Engineer,Failed,4,6,9,17
Donna_Patterson,donna.patterson@example.com,Backend Developer,Pending,1,18,23,2
Abigail_Wells,abigail.wells@example.com,Backend Developer,Pending,15,8,0,18
Lisa_Evans,lisa.evans@example.com,Data Analyst,Pending,2,12,16,13
Mark_Wilson,mark.wilson@example.com,ML Engineer,Pending,17,20,5,3
Joseph_Berger,joseph.berger@example.com,ML Engineer,Passed,15,19,16,11
Chelsea_Foster,chelsea.foster@example.com,Product Manager,Pending,12,11,11,23
Melanie_Williams,melanie.williams@example.com,ML Engineer,Passed,13,24,16,14
Richard_Chavez,richard.chavez@example.com,Product Manager,Pending,9,23,16,2
Joshua_Jenkins,joshua.jenkins@example.com,Product Manager,Pending,22,11,13,0
Joseph_Hill,joseph.hill@example.com,Backend Developer,Pending,6,14,10,14
Connie_Wilson,connie.wilson@example.com,Product Manager,Pending,10,25,4,3
Nichole_Clark,nichole.clark@example.com,Data Analyst,Passed,8,11,24,21
Eric_Gross,eric.gross@example.com,ML Engineer,Pending,4,9,19,25
Megan_Gordon,megan.gordon@example.com,Data Analyst,Failed,8,0,9,17
Timothy_Sheppard,timothy.sheppard@example.com,Product Manager,Failed,7,0,15,16
Daniel_Morris,daniel.morris@example.com,Data Analyst,Pending,20,0,14,9
Tim_Lewis,tim.lewis@example.com,Data Analyst,Passed,13,22,16,25
Lori_Mcconnell,lori.mcconnell@example.com,Backend Developer,Failed,0,25,5,4
Jeff_Osborne,jeff.osborne@example.com,Product Manager,Failed,10,7,4,2
Victoria_Johnson,victoria.johnson@example.com,Product Manager,Passed,4,22,22,23
Bruce_Reed,bruce.reed@example.com,Product Manager,Failed,4,22,6,4
Zachary_Wilson,zachary.wilson@example.com,ML Engineer,Pending,11,23,0,17
Michael_Morris,michael.morris@example.com,Backend Developer,Pending,24,18,2,5
Tanner_Brewer,tanner.brewer@example.com,Data Analyst,Pending,9,19,1,21
Richard_Berger,richard.berger@example.com,Product Manager,Pending,2,16,17,20
Danielle_Walker,danielle.walker@example.com,Backend Developer,Pending,3,22,16,11
Paul_Lindsey,paul.lindsey@example.com,Product Manager,Failed,16,8,3,6
Paul_Mckay,paul.mckay@example.com,Backend Developer,Passed,10,12,22,20
Jason_Bates,jason.bates@example.com,Backend Developer,Pending,0,19,24,0
Richard_Olson,richard.olson@example.com,Data Analyst,Passed,20,17,22,5
Kristy_Novak,kristy.novak@example.com,Data Analyst,Failed,4,7,8,18
Diane_Harvey,diane.harvey@example.com,ML Engineer,Failed,3,10,5,17
David_King,david.king@example.com,Product Manager,Failed,3,4,14,15
Michael_Barnes,michael.barnes@example.com,Backend Developer,Pending,22,4,25,4
Patricia_Robinson,patricia.robinson@example.com,Data Analyst,Passed,6,13,22,21
Melissa_Wilcox,melissa.wilcox@example.com,Product Manager,Pending,7,16,19,5
Susan_Willis,susan.willis@example.com,Data Analyst,Pending,4,7,5,25
Dustin_Ortiz,dustin.ortiz@example.com,Product Manager,Passed,24,16,3,18
Allison_Jennings,allison.jennings@example.com,ML Engineer,Pending,13,24,2,14
Sheri_Griffith,sheri.griffith@example.com,Backend Developer,Failed,7,12,18,0
Jimmy_Brock,jimmy.brock@example.com,Product Manager,Pending,7,19,0,17
Jeremiah_Thomas,jeremiah.thomas@example.com,Data Analyst,Pending,20,5,5,18
Brenda_Smith,brenda.smith@example.com,Backend Developer,Pending,1,14,7,21
David_Garcia,david.garcia@example.com,Data Analyst,Pending,4,10,14,25
David_Wagner,david.wagner@example.com,Backend Developer,Failed,14,2,13,5
Cindy_Cain,cindy.cain@example.com,Product Manager,Pending,22,3,14,13
Lisa_Lewis,lisa.lewis@example.com,Product Manager,Pending,12,4,22,12
Sandra_Dalton,sandra.dalton@example.com,Data Analyst,Pending,1,20,2,21
Michael_Peterson,michael.peterson@example.com,Backend Developer,Pending,18,5,11,7
Daniel_Morales,daniel.morales@example.com,Product Manager,Pending,6,24,7,6
Leah_White,leah.white@example.com,Backend Developer,Failed,7,4,6,18
Tyler_Hill,tyler.hill@example.com,Backend Developer,Failed,14,0,7,12
Samantha_Lane,samantha.lane@example.com,Data Analyst,Pending,20,1,5,21
Shelly_Graham,shelly.graham@example.com,Product Manager,Passed,5,25,12,22
Andrew_Rodriguez,andrew.rodriguez@example.com,ML Engineer,Failed,3,16,10,10
Pamela_Rodriguez,pamela.rodriguez@example.com,Data Analyst,Passed,24,11,13,22
Laura_Richards,laura.richards@example.com,ML Engineer,Pending,15,19,12,6
James_Jones,james.jones@example.com,Backend Developer,Failed,9,15,7,3
Jacob_Campbell,jacob.campbell@example.com,ML Engineer,Failed,5,18,5,5
Peter_Thomas,peter.thomas@example.com,Backend Developer,Pending,13,6,10,16
Brittany_Hurst,brittany.hurst@example.com,ML Engineer,Pending,6,19,24,6
Marcus_King,marcus.king@example.com,Backend Developer,Pending,13,19,14,2
Craig_Hale,craig.hale@example.com,Data Analyst,Pending,19,3,15,3
Daniel_Crawford,daniel.crawford@example.com,Backend Developer,Failed,22,7,5,2
Judith_Vance,judith.vance@example.com,Product Manager,Pending,14,24,15,4
Monica_Williams,monica.williams@example.com,ML Engineer,Pending,10,5,22,6
William_Huff,william.huff@example.com,Data Analyst,Passed,7,22,11,25
Christopher_Jackson,christopher.jackson@example.com,Backend Developer,Passed,17,21,14,21
Karen_Summers,karen.summers@example.com,Backend Developer,Failed,3,16,15,0
Joshua_Roberson,joshua.roberson@example.com,Data Analyst,Passed,9,16,18,21
Jose_Thompson,jose.thompson@example.com,Backend Developer,Pending,16,14,16,3
Fernando_Barrett,fernando.barrett@example.com,ML Engineer,Pending,10,5,10,18
Amber_Wilson,amber.wilson@example.com,Backend Developer,Failed,18,11,0,8
Alejandro_Gordon,alejandro.gordon@example.com,Backend Developer,Passed,12,18,20,22
Steven_Robertson,steven.robertson@example.com,Product Manager,Pending,7,3,13,23
Candace_Ortiz,candace.ortiz@example.com,Data Analyst,Pending,21,10,22,2
Gregory_Chen,gregory.chen@example.com,Backend Developer,Pending,2,13,19,12
Samuel_Morrison,samuel.morrison@example.com,Product Manager,Pending,9,4,22,23
Leslie_Palmer,leslie.palmer@example.com,Product Manager,Passed,21,22,14,24
Patrick_Atkins,patrick.atkins@example.com,Data Analyst,Pending,12,20,0,9
Deborah_Bowen,deborah.bowen@example.com,Data Analyst,Passed,24,5,23,10
Elizabeth_Lopez,elizabeth.lopez@example.com,Product Manager,Pending,24,17,3,14
Daniel_Porter,daniel.porter@example.com,Data Analyst,Pending,24,8,2,21
Michelle_Evans,michelle.evans@example.com,Data Analyst,Pending,9,1,15,18
Tommy_Miller,tommy.miller@example.com,Product Manager,Pending,4,3,22,25
Alan_Adams,alan.adams@example.com,Data Analyst,Pending,15,14,6,11
Amy_Hernandez,amy.hernandez@example.com,ML Engineer,Passed,21,25,11,8
Brian_Reyes,brian.reyes@example.com,Data Analyst,Failed,16,2,6,2
Cindy_Baker,cindy.baker@example.com,Data Analyst,Pending,4,24,25,4
Mary_Wong,mary.wong@example.com,Product Manager,Passed,24,21,6,10
Jeffery_Shepherd,jeffery.shepherd@example.com,Product Manager,Pending,0,15,22,3
Donna_Woodard,donna.woodard@example.com,ML Engineer,Passed,24,7,14,19
Tara_Montgomery,tara.montgomery@example.com,Data Analyst,Pending,22,2,13,16
Michael_Solomon,michael.solomon@example.com,Product Manager,Passed,18,17,18,16
Christina_Bernard,christina.bernard@example.com,Data Analyst,Pending,11,2,8,19
Jesse_Lee,jesse.lee@example.com,Data Analyst,Pending,12,23,20,2
Kelly_Martin,kelly.martin@example.com,Data Analyst,Pending,7,18,14,1
Michael_Calderon,michael.calderon@example.com,ML Engineer,Passed,19,21,24,5
Julia_Santos,julia.santos@example.com,Data Analyst,Passed,18,4,24,20
Eric_Griffith,eric.griffith@example.com,Backend Developer,Passed,21,23,3,25
Emily_Taylor,emily.taylor@example.com,Product Manager,Pending,9,1,19,21
Sarah_Moore,sarah.moore@example.com,Data Analyst,Passed,11,6,22,21
Stephen_Evans,stephen.evans@example.com,Product Manager,Pending,5,11,12,22
Ronnie_Richards,ronnie.richards@example.com,Product Manager,Passed,24,25,15,22
Justin_Newman,justin.newman@example.com,Product Manager,Pending,23,15,13,1
Steve_Jones,steve.jones@example.com,ML Engineer,Failed,6,4,3,16
Tricia_Larson,tricia.larson@example.com,ML Engineer,Failed,13,5,1,6
Jonathon_Ruiz,jonathon.ruiz@example.com,Data Analyst,Failed,11,8,6,11
Stephen_Smith,stephen.smith@example.com,Backend Developer,Passed,18,24,24,1
Linda_Hernandez,linda.hernandez@example.com,Data Analyst,Pending,3,21,21,6
Edward_Farrell,edward.farrell@example.com,ML Engineer,Failed,1,6,5,5
Ruben_Thompson,ruben.thompson@example.com,Product Manager,Failed,18,9,3,4
Gerald_Blake,gerald.blake@example.com,Product Manager,Passed,20,20,12,23
Karen_Garcia,karen.garcia@example.com,Backend Developer,Failed,2,0,11,17
Melanie_Foley,melanie.foley@example.com,ML Engineer,Pending,18,18,0,14
Sandy_Reilly,sandy.reilly@example.com,Backend Developer,Pending,17,12,20,10
Austin_Garcia,austin.garcia@example.com,Backend Developer,Pending,7,24,9,14
Nancy_Glover,nancy.glover@example.com,Backend Developer,Failed,23,4,0,11
Paul_Harvey,paul.harvey@example.com,Product Manager,Failed,13,1,25,0
Sharon_Baker,sharon.baker@example.com,Backend Developer,Pending,24,7,13,7
Jill_Garrison,jill.garrison@example.com,Data Analyst,Passed,22,14,24,13
Christopher_Miller,christopher.miller@example.com,ML Engineer,Failed,6,3,21,4
Timothy_Preston,timothy.preston@example.com,Backend Developer,Passed,5,24,25,8
Stephen_Valentine,stephen.valentine@example.com,ML Engineer,Pending,3,24,15,10
Jonathan_Campos,jonathan.campos@example.com,ML Engineer,Pending,3,10,21,22
David_Alexander,david.alexander@example.com,ML Engineer,Pending,18,13,19,7
Robert_Kelly,robert.kelly@example.com,Product Manager,Pending,19,7,13,17
Theresa_Brown,theresa.brown@example.com,ML Engineer,Failed,18,11,3,2
Linda_Bailey,linda.bailey@example.com,Data Analyst,Failed,1,20,7,6
Christy_West,christy.west@example.com,Backend Developer,Pending,2,9,19,13
James_James,james.james@example.com,Product Manager,Pending,18,11,9,9
Mikayla_Rodriguez,mikayla.rodriguez@example.com,Backend Developer,Pending,10,16,17,14
Michelle_Mitchell,michelle.mitchell@example.com,Data Analyst,Pending,2,23,22,7
Sandra_Wilson,sandra.wilson@example.com,Backend Developer,Pending,18,24,10,4
Jessica_Jensen,jessica.jensen@example.com,Product Manager,Pending,12,6,15,10
James_Smith,james.smith@example.com,Data Analyst,Pending,2,20,16,5
Timothy_Carroll,timothy.carroll@example.com,Backend Developer,Pending,24,6,11,16
Debbie_Baldwin,debbie.baldwin@example.com,ML Engineer,Failed,19,1,17,1
Mathew_Wong,mathew.wong@example.com,Data Analyst,Pending,14,21,22,1
Marissa_Adams,marissa.adams@example.com,Backend Developer,Passed,10,24,17,24
Troy_Vasquez,troy.vasquez@example.com,Product Manager,Failed,2,6,6,0
Thomas_Kemp,thomas.kemp@example.com,Product Manager,Passed,25,18,4,16
Seth_Lutz,seth.lutz@example.com,Product Manager,Passed,12,16,23,19
Drew_Chen,drew.chen@example.com,Data Analyst,Passed,22,2,15,24
Eddie_Torres,eddie.torres@example.com,ML Engineer,Pending,10,25,2,13
Paula_Green,paula.green@example.com,ML Engineer,Passed,20,19,9,19
Tamara_Humphrey,tamara.humphrey@example.com,ML Engineer,Failed,23,0,1,3
Jeff_Mclaughlin,jeff.mclaughlin@example.com,Product Manager,Pending,18,2,12,12
Erin_Dougherty,erin.dougherty@example.com,ML Engineer,Pending,11,13,5,14
Alexa_White,alexa.white@example.com,Product Manager,Failed,13,7,13,3
Joseph_Evans,joseph.evans@example.com,Data Analyst,Failed,11,9,0,5
Rachel_Ramos,rachel.ramos@example.com,Product Manager,Passed,0,25,22,18
Timothy_Schultz,timothy.schultz@example.com,Product Manager,Pending,7,7,15,23
Nicole_Johnson,nicole.johnson@example.com,Data Analyst,Passed,18,23,17,14
Cynthia_Parker,cynthia.parker@example.com,Data Analyst,Pending,18,0,16,18
Vanessa_Oliver,vanessa.oliver@example.com,ML Engineer,Passed,7,15,24,17
Robert_Washington,robert.washington@example.com,Product Manager,Passed,21,18,23,12
Roy_Irwin,roy.irwin@example.com,Product Manager,Passed,8,17,17,25
Michael_West,michael.west@example.com,Backend Developer,Pending,17,20,1,2
Angela_Bridges,angela.bridges@example.com,ML Engineer,Pending,10,24,8,10
Gregory_Orr,gregory.orr@example.com,Product Manager,Passed,21,23,9,10
Linda_Taylor,linda.taylor@example.com,Data Analyst,Passed,24,0,21,19
Carlos_Taylor,carlos.taylor@example.com,ML Engineer,Pending,19,1,2,23
John_Dalton,john.dalton@example.com,Product Manager,Pending,12,11,12,5
Amber_Wood,amber.wood@example.com,ML Engineer,Pending,17,18,18,6
Sharon_Lindsey,sharon.lindsey@example.com,Backend Developer,Failed,13,1,19,1
Sandra_Simmons,sandra.simmons@example.com,Data Analyst,Pending,4,6,23,16
Emily_Brown,emily.brown@example.com,Product Manager,Pending,25,4,24,3
Megan_Mendoza,megan.mendoza@example.com,Data Analyst,Pending,19,19,21,0
Troy_Adkins,troy.adkins@example.com,ML Engineer,Failed,11,5,4,13
John_Harrell,john.harrell@example.com,Product Manager,Failed,1,8,2,5
Michelle_Griffith,michelle.griffith@example.com,Backend Developer,Passed,9,8,22,25
John_Moore,john.moore@example.com,Data Analyst,Failed,6,3,24,5
Tony_Delgado,tony.delgado@example.com,Product Manager,Pending,19,15,10,15
Nicole_Stevens,nicole.stevens@example.com,Backend Developer,Failed,2,0,18,5
Jerry_Thomas,jerry.thomas@example.com,Backend Developer,Passed,12,24,17,11
Stephanie_Chase,stephanie.chase@example.com,Product Manager,Passed,22,22,23,17
Wayne_Martin,wayne.martin@example.com,Backend Developer,Failed,2,1,0,12
Lori_Alexander,lori.alexander@example.com,Backend Developer,Pending,5,7,21,7
Teresa_Rose,teresa.rose@example.com,ML Engineer,Pending,11,14,7,9
Brenda_Levy,brenda.levy@example.com,Backend Developer,Failed,4,0,22,12
Vincent_Ellis,vincent.ellis@example.com,Data Analyst,Pending,23,1,14,7
Bruce_Bennett,bruce.bennett@example.com,Product Manager,Passed,8,20,18,14
Natalie_Fernandez,natalie.fernandez@example.com,Product Manager,Pending,17,9,23,4
Christina_Sims,christina.sims@example.com,Data Analyst,Passed,17,24,25,22
Monique_Reed,monique.reed@example.com,ML Engineer,Pending,23,16,10,0
Tammy_Herrera,tammy.herrera@example.com,ML Engineer,Pending,20,13,21,1
Beverly_Faulkner,beverly.faulkner@example.com,Data Analyst,Pending,23,9,16,10
Rhonda_Carpenter,rhonda.carpenter@example.com,Backend Developer,Failed,15,3,8,13
Dana_Rowe,dana.rowe@example.com,Product Manager,Passed,25,8,17,22
April_Rush,april.rush@example.com,Data Analyst,Passed,25,20,16,5
Elizabeth_Mcclain,elizabeth.mcclain@example.com,Product Manager,Passed,18,24,10,22
Janice_Gray,janice.gray@example.com,Backend Developer,Pending,9,17,10,7
Vanessa_Joyce,vanessa.joyce@example.com,Data Analyst,Passed,21,19,23,13
Jose_Smith,jose.smith@example.com,Product Manager,Failed,6,1,14,12
Ashley_Knapp,ashley.knapp@example.com,Backend Developer,Pending,13,6,22,14
Angela_Coleman,angela.coleman@example.com,Product Manager,Failed,6,17,8,5
Michelle_Fields,michelle.fields@example.com,Data Analyst,Pending,20,17,7,5
Michael_Sanchez,michael.sanchez@example.com,Data Analyst,Pending,22,17,4,2
James_Farrell,james.farrell@example.com,ML Engineer,Passed,15,21,23,1
Ray_Costa,ray.costa@example.com,Data Analyst,Pending,1,17,13,22
Mary_Gonzalez,mary.gonzalez@example.com,ML Engineer,Failed,8,1,6,18
Erika_Montgomery,erika.montgomery@example.com,Backend Developer,Passed,21,12,15,21
Bryan_Young,bryan.young@example.com,Data Analyst,Pending,17,1,20,19
Richard_Moore,richard.moore@example.com,Backend Developer,Pending,11,9,9,22
Tabitha_Morris,tabitha.morris@example.com,Backend Developer,Passed,24,23,3,11
Tammy_Gonzales,tammy.gonzales@example.com,Backend Developer,Pending,21,11,8,5
Marissa_Cannon,marissa.cannon@example.com,Backend Developer,Pending,19,1,10,13
Robert_Thomas,robert.thomas@example.com,Data Analyst,Passed,24,14,14,11
Matthew_Reynolds,matthew.reynolds@example.com,Backend Developer,Passed,24,18,14,19
William_Cooley,william.cooley@example.com,Data Analyst,Passed,24,18,25,13
Melissa_Rush,melissa.rush@example.com,Data Analyst,Pending,14,21,2,20
Timothy_Lewis,timothy.lewis@example.com,Backend Developer,Pending,4,8,21,20
Carl_Brown,carl.brown@example.com,Product Manager,Failed,5,9,22,2
Jeffery_Robinson,jeffery.robinson@example.com,ML Engineer,Failed,2,2,1,6
Alec_Dawson,alec.dawson@example.com,Backend Developer,Pending,15,2,23,6
Antonio_Carr,antonio.carr@example.com,Product Manager,Passed,7,17,22,18
Diana_Williams,diana.williams@example.com,Data Analyst,Pending,8,4,18,21
Willie_Carpenter,willie.carpenter@example.com,Data Analyst,Passed,18,18,9,25
Albert_Miller,albert.miller@example.com,Product Manager,Failed,21,9,4,2
Cory_Koch,cory.koch@example.com,Data Analyst,Failed,20,7,2,0
Dale_Ramirez,dale.ramirez@example.com,ML Engineer,Pending,3,25,11,4
Denise_Nixon,denise.nixon@example.com,Data Analyst,Pending,3,14,15,10
Kelly_Joseph,kelly.joseph@example.com,Data Analyst,Passed,17,14,25,13
Laura_Decker,laura.decker@example.com,Backend Developer,Pending,23,1,23,10
Amy_Carter,amy.carter@example.com,ML Engineer,Passed,7,18,17,22
Ruben_Roberts,ruben.roberts@example.com,Backend Developer,Passed,13,10,18,19
Jimmy_Shepherd,jimmy.shepherd@example.com,ML Engineer,Pending,20,7,12,19
Gregory_Porter,gregory.porter@example.com,Data Analyst,Passed,21,18,23,11
Bryan_Woodward,bryan.woodward@example.com,Backend Developer,Pending,18,21,10,0
Mary_Roberson,mary.roberson@example.com,Product Manager,Passed,14,16,20,25
Lisa_Smith,lisa.smith@example.com,Data Analyst,Pending,10,0,7,25
Michael_Cardenas,michael.cardenas@example.com,Data Analyst,Passed,16,21,13,23
Kevin_Stevens,kevin.stevens@example.com,Data Analyst,Pending,19,1,19,1
Jacob_Ramirez,jacob.ramirez@example.com,ML Engineer,Passed,21,24,22,24
Adam_Mercado,adam.mercado@example.com,Backend Developer,Passed,11,15,23,19
Julie_Obrien,julie.obrien@example.com,Backend Developer,Pending,21,12,4,15
Ryan_Molina,ryan.molina@example.com,Product Manager,Pending,14,16,24,3
Andrew_Lewis,andrew.lewis@example.com,Data Analyst,Pending,23,18,10,5
Russell_Richardson,russell.richardson@example.com,Product Manager,Passed,25,17,13,16
Tanya_Pham,tanya.pham@example.com,ML Engineer,Passed,20,21,22,11
Christopher_Yoder,christopher.yoder@example.com,ML Engineer,Pending,14,4,22,14
Timothy_Jones,timothy.jones@example.com,Data Analyst,Pending,4,21,4,20
Melanie_Keith,melanie.keith@example.com,Backend Developer,Pending,16,9,9,9
Mike_Bryant,mike.bryant@example.com,Product Manager,Failed,14,5,3,16
Brandi_Cochran,brandi.cochran@example.com,Backend Developer,Pending,22,7,21,2
Brenda_Savage,brenda.savage@example.com,Product Manager,Pending,21,5,8,16
Brenda_York,brenda.york@example.com,Data Analyst,Pending,6,15,13,20
Pam_Grimes,pam.grimes@example.com,ML Engineer,Passed,16,5,23,17
Carrie_Skinner,carrie.skinner@example.com,ML Engineer,Pending,25,0,10,5
Stephanie_Odonnell,stephanie.odonnell@example.com,Backend Developer,Pending,25,24,10,0
Troy_Cruz,troy.cruz@example.com,Backend Developer,Passed,6,11,24,19
Jennifer_Green,jennifer.green@example.com,ML Engineer,Passed,23,21,17,20
Deborah_Hill,deborah.hill@example.com,Product Manager,Failed,4,1,9,10
Joseph_Martin,joseph.martin@example.com,Product Manager,Pending,24,16,7,2
Diane_Dixon,diane.dixon@example.com,Product Manager,Failed,3,3,10,16
Christine_Olson,christine.olson@example.com,Data Analyst,Pending,25,17,2,3
Cathy_Lambert,cathy.lambert@example.com,Backend Developer,Pending,6,23,11,16
Vernon_Reese,vernon.reese@example.com,ML Engineer,Failed,0,2,5,9
Elizabeth_Gutierrez,elizabeth.gutierrez@example.com,Data Analyst,Passed,10,22,24,14
Adam_Mejia,adam.mejia@example.com,ML Engineer,Failed,15,6,6,2
Nichole_Moody,nichole.moody@example.com,Backend Developer,Pending,25,8,10,8
Brandon_Moore,brandon.moore@example.com,Product Manager,Pending,3,16,11,15
Austin_Cruz,austin.cruz@example.com,Backend Developer,Pending,13,22,5,4
Jim_Williams,jim.williams@example.com,ML Engineer,Passed,17,17,17,17
Karen_Conner,karen.conner@example.com,Product Manager,Passed,19,19,22,6
Angela_Garrett,angela.garrett@example.com,Product Manager,Failed,10,5,8,0
Alicia_Newman,alicia.newman@example.com,Data Analyst,Pending,6,19,24,8
Christopher_Gates,christopher.gates@example.com,ML Engineer,Failed,13,4,6,13
Crystal_Wilson,crystal.wilson@example.com,Data Analyst,Failed,2,7,6,22
Justin_White,justin.white@example.com,Data Analyst,Pending,11,10,24,5
Lori_Phillips,lori.phillips@example.com,Data Analyst,Pending,4,17,23,13
Lori_Sanders,lori.sanders@example.com,Data Analyst,Passed,10,24,24,12
Brandon_Garrett,brandon.garrett@example.com,Backend Developer,Pending,16,2,13,18
Michael_Foster,michael.foster@example.com,Product Manager,Failed,9,1,3,15
Beth_Garcia,beth.garcia@example.com,Backend Developer,Passed,5,16,18,24
Krista_Larson,krista.larson@example.com,Data Analyst,Pending,18,22,1,9
Gina_Colon,gina.colon@example.com,Data Analyst,Passed,11,25,17,22
Kimberly_Sandoval,kimberly.sandoval@example.com,Product Manager,Failed,1,8,4,25
Lance_Robertson,lance.robertson@example.com,Data Analyst,Passed,18,21,23,8
Jasmine_Mason,jasmine.mason@example.com,ML Engineer,Passed,18,7,24,21
Jesse_Hamilton,jesse.hamilton@example.com,Backend Developer,Pending,18,11,16,3
Jessica_Snyder,jessica.snyder@example.com,Data Analyst,Pending,0,2,20,18
Brian_Boyer,brian.boyer@example.com,Product Manager,Pending,6,20,19,14
David_Myers,david.myers@example.com,Data Analyst,Pending,17,5,23,14
Amanda_Higgins,amanda.higgins@example.com,Backend Developer,Passed,23,0,24,24
Christine_Santos,christine.santos@example.com,Backend Developer,Pending,2,10,22,7
Luis_Cole,luis.cole@example.com,ML Engineer,Pending,23,4,11,14
Christina_Bell,christina.bell@example.com,Backend Developer,Pending,20,7,12,15
Tanya_Rodriguez,tanya.rodriguez@example.com,Product Manager,Passed,23,14,14,12
Tamara_Smith,tamara.smith@example.com,Data Analyst,Pending,8,8,23,7
Nicholas_Butler,nicholas.butler@example.com,ML Engineer,Passed,23,5,19,14
Michelle_Green,michelle.green@example.com,Data Analyst,Pending,8,21,12,11
Richard_Harrell,richard.harrell@example.com,Data Analyst,Pending,21,13,13,9
Kristen_Norman,kristen.norman@example.com,Backend Developer,Pending,1,22,23,8
Annette_Schmidt,annette.schmidt@example.com,Backend Developer,Pending,8,19,0,19
Jennifer_Lewis,jennifer.lewis@example.com,ML Engineer,Failed,3,6,2,15
Anthony_Valdez,anthony.valdez@example.com,Data Analyst,Pending,15,12,10,18
Sergio_Nixon,sergio.nixon@example.com,Data Analyst,Pending,7,15,20,16
Olivia_Palmer,olivia.palmer@example.com,Backend Developer,Pending,12,24,6,13
Philip_Huang,philip.huang@example.com,ML Engineer,Pending,4,8,18,11
Brandy_Chavez,brandy.chavez@example.com,Product Manager,Failed,7,14,7,5
Ronald_Murray,ronald.murray@example.com,Data Analyst,Passed,22,21,25,25
Jason_Smith,jason.smith@example.com,Product Manager,Passed,25,21,0,20
Michael_May,michael.may@example.com,ML Engineer,Pending,10,18,6,14
Kathy_Williams,kathy.williams@example.com,Backend Developer,Pending,23,2,19,6
John_Elliott,john.elliott@example.com,Backend Developer,Pending,2,19,21,9
Michael_Fox,michael.fox@example.com,Backend Developer,Passed,22,19,22,14
Ryan_Kennedy,ryan.kennedy@example.com,ML Engineer,Pending,12,0,19,16
Regina_King,regina.king@example.com,ML Engineer,Pending,23,8,16,0
Matthew_Bruce,matthew.bruce@example.com,Product Manager,Pending,3,25,11,14
Stephen_Vang,stephen.vang@example.com,ML Engineer,Pending,21,3,15,8
Laurie_Cantu,laurie.cantu@example.com,Product Manager,Pending,8,22,14,7
Julie_Rogers,julie.rogers@example.com,ML Engineer,Pending,23,2,11,10
Amber_James,amber.james@example.com,Backend Developer,Pending,22,6,4,23
Kevin_Diaz,kevin.diaz@example.com,Data Analyst,Pending,4,5,25,13
Gerald_Larson,gerald.larson@example.com,ML Engineer,Pending,0,3,18,19
Alexander_Garza,alexander.garza@example.com,Data Analyst,Passed,24,15,23,1
Eric_Williams,eric.williams@example.com,Product Manager,Passed,19,24,21,3
Michael_Cruz,michael.cruz@example.com,ML Engineer,Passed,17,11,22,20
Tyler_Williams,tyler.williams@example.com,Data Analyst,Failed,2,10,1,7
Jeffrey_Simmons,jeffrey.simmons@example.com,Backend Developer,Pending,13,8,25,8
Leah_Henry,leah.henry@example.com,Backend Developer,Pending,23,3,8,14
Amy_Powers,amy.powers@example.com,Product Manager,Pending,0,5,21,21
Maria_Hall,maria.hall@example.com,Data Analyst,Pending,6,22,18,0
Tiffany_Brooks,tiffany.brooks@example.com,ML Engineer,Pending,24,7,11,10
Jeremy_Young,jeremy.young@example.com,ML Engineer,Passed,7,18,17,24
Erin_Hale,erin.hale@example.com,Product Manager,Pending,3,9,10,25
Kevin_Rice,kevin.rice@example.com,Backend Developer,Passed,22,14,19,7
Alex_Young,alex.young@example.com,Product Manager,Failed,3,16,12,0
Angel_Elliott,angel.elliott@example.com,Product Manager,Passed,6,21,25,24
Randall_Vincent,randall.vincent@example.com,Backend Developer,Failed,4,14,12,2
Carol_White,carol.white@example.com,Data Analyst,Pending,18,13,19,2
Caitlin_Ramirez,caitlin.ramirez@example.com,Product Manager,Failed,6,24,5,0
Tony_Clark,tony.clark@example.com,Backend Developer,Pending,3,3,13,21
Carrie_Taylor,carrie.taylor@example.com,ML Engineer,Pending,22,8,6,12
James_Freeman,james.freeman@example.com,Product Manager,Pending,5,20,10,19
Nichole_Jones,nichole.jones@example.com,Data Analyst,Passed,23,7,22,21
Paul_Morris,paul.morris@example.com,Backend Developer,Failed,2,15,2,0
Michael_Rojas,michael.rojas@example.com,Data Analyst,Failed,5,22,3,0
Mathew_Lynn,mathew.lynn@example.com,Product Manager,Passed,16,17,12,23
Alexandra_Morrison,alexandra.morrison@example.com,Data Analyst,Passed,22,14,12,16
Brian_Gonzales,brian.gonzales@example.com,Backend Developer,Pending,14,20,7,18
Bonnie_Chavez,bonnie.chavez@example.com,ML Engineer,Passed,13,14,16,19
Heather_Palmer,heather.palmer@example.com,ML Engineer,Pending,9,12,12,13
Carrie_May,carrie.may@example.com,ML Engineer,Pending,12,14,15,13
Amber_Brown,amber.brown@example.com,Data Analyst,Passed,18,19,24,20
George_Sanchez,george.sanchez@example.com,Product Manager,Failed,20,4,5,5
Mary_Robinson,mary.robinson@example.com,Backend Developer,Pending,17,7,11,24
Jodi_Brown,jodi.brown@example.com,ML Engineer,Passed,18,8,23,24
Kimberly_Martin,kimberly.martin@example.com,Product Manager,Pending,8,7,20,20
Robert_Snyder,robert.snyder@example.com,Backend Developer,Passed,24,21,21,25
Kari_Thompson,kari.thompson@example.com,ML Engineer,Passed,22,6,15,24
Bianca_Perry,bianca.perry@example.com,Product Manager,Passed,12,22,21,18
James_Ramirez,james.ramirez@example.com,Product Manager,Failed,23,3,0,2
Mark_Collier,mark.collier@example.com,Data Analyst,Failed,10,0,8,5
Sergio_Wallace,sergio.wallace@example.com,Backend Developer,Failed,14,3,3,1
Mary_Davis,mary.davis@example.com,Product Manager,Passed,21,18,20,21
Kayla_Jones,kayla.jones@example.com,Data Analyst,Pending,13,3,16,22
Richard_West,richard.west@example.com,ML Engineer,Failed,7,8,12,9
Robert_Clay,robert.clay@example.com,Data Analyst,Failed,2,10,1,19
Andrew_Boyd,andrew.boyd@example.com,Data Analyst,Failed,6,4,3,0
Kimberly_Wheeler,kimberly.wheeler@example.com,ML Engineer,Pending,12,25,9,3
Debbie_Chang,debbie.chang@example.com,ML Engineer,Pending,10,0,20,19
Jason_Fritz,jason.fritz@example.com,ML Engineer,Pending,12,4,17,10
Linda_Donaldson,linda.donaldson@example.com,Backend Developer,Pending,3,15,2,23
Steven_Stevenson,steven.stevenson@example.com,Data Analyst,Pending,12,11,15,3
Melissa_Jackson,melissa.jackson@example.com,Product Manager,Pending,0,7,24,15
Shannon_Terry,shannon.terry@example.com,ML Engineer,Failed,1,5,5,16
Robert_Church,robert.church@example.com,Backend Developer,Failed,5,19,4,4
Evelyn_Love,evelyn.love@example.com,Backend Developer,Passed,23,8,21,18
Jason_Holland,jason.holland@example.com,Product Manager,Pending,4,18,11,7
Daniel_Beck,daniel.beck@example.com,Data Analyst,Pending,20,9,1,15
Sean_Norton,sean.norton@example.com,Data Analyst,Pending,21,1,13,15
Crystal_Burns,crystal.burns@example.com,Product Manager,Passed,25,21,24,18
Rita_Weiss,rita.weiss@example.com,ML Engineer,Passed,24,8,12,19
Nicholas_Neal,nicholas.neal@example.com,Product Manager,Failed,22,8,3,0
Sara_Washington,sara.washington@example.com,Product Manager,Pending,3,7,14,16
Jessica_Vang,jessica.vang@example.com,Data Analyst,Pending,5,15,19,5
Phillip_Williams,phillip.williams@example.com,ML Engineer,Pending,0,13,5,25
Jennifer_Sanchez,jennifer.sanchez@example.com,Backend Developer,Failed,23,3,9,4
Sarah_Barajas,sarah.barajas@example.com,ML Engineer,Pending,19,8,22,3
Kevin_Miller,kevin.miller@example.com,Backend Developer,Pending,2,4,15,25
Matthew_Velazquez,matthew.velazquez@example.com,Backend Developer,Pending,9,4,6,21
Patty_Johnson,patty.johnson@example.com,Data Analyst,Passed,14,5,23,22
Lance_Nelson,lance.nelson@example.com,Backend Developer,Pending,7,14,13,20
Frederick_Soto,frederick.soto@example.com,Product Manager,Pending,1,13,20,16
Zachary_Finley,zachary.finley@example.com,Product Manager,Pending,2,21,20,8
Teresa_Baxter,teresa.baxter@example.com,Product Manager,Failed,11,11,14,1
Calvin_Douglas,calvin.douglas@example.com,ML Engineer,Pending,17,4,19,11
Denise_Warren,denise.warren@example.com,Product Manager,Pending,20,10,5,23
Todd_Blanchard,todd.blanchard@example.com,Data Analyst,Pending,6,6,18,12
Christopher_Austin,christopher.austin@example.com,ML Engineer,Failed,9,9,6,10
Ashley_Harper,ashley.harper@example.com,Product Manager,Pending,7,22,10,13
John_Anderson,john.anderson@example.com,Backend Developer,Pending,19,5,2,24
Barbara_Parks,barbara.parks@example.com,Backend Developer,Pending,6,16,22,4
Monica_Carter,monica.carter@example.com,Backend Developer,Failed,7,1,11,11
Anthony_Mendez,anthony.mendez@example.com,Backend Developer,Passed,20,5,25,22
Russell_Bell,russell.bell@example.com,Backend Developer,Passed,22,4,13,21
Edwin_Johnson,edwin.johnson@example.com,Backend Developer,Failed,3,4,2,18
Angela_Mitchell,angela.mitchell@example.com,Backend Developer,Pending,13,3,25,0
Tina_Lopez,tina.lopez@example.com,Backend Developer,Pending,17,11,15,2
Kevin_Marshall,kevin.marshall@example.com,Data Analyst,Pending,23,7,16,2
Anthony_Atkinson,anthony.atkinson@example.com,Product Manager,Passed,23,9,24,10
Tina_Davenport,tina.davenport@example.com,Product Manager,Pending,20,4,17,1
Michael_Rios,michael.rios@example.com,Data Analyst,Pending,23,4,2,20
Jennifer_Smith,jennifer.smith@example.com,ML Engineer,Failed,10,0,1,8
Matthew_Gay,matthew.gay@example.com,Product Manager,Pending,15,19,2,19
David_Potter,david.potter@example.com,Backend Developer,Passed,5,12,25,21
Cindy_Phillips,cindy.phillips@example.com,Backend Developer,Pending,2,14,20,19
Joseph_Jones,joseph.jones@example.com,Data Analyst,Pending,3,22,15,0
Shawn_Gomez,shawn.gomez@example.com,ML Engineer,Pending,23,4,21,6
Marcus_Rogers,marcus.rogers@example.com,Data Analyst,Pending,20,5,0,25
Lauren_Santiago,lauren.santiago@example.com,Data Analyst,Pending,23,21,12,3
Don_Daniel,don.daniel@example.com,ML Engineer,Failed,8,13,9,5
Zachary_Parker,zachary.parker@example.com,Backend Developer,Passed,14,25,12,16
Zachary_Bean,zachary.bean@example.com,Product Manager,Pending,7,24,3,16
Jonathan_Stewart,jonathan.stewart@example.com,Data Analyst,Failed,12,3,18,4
Mark_Cobb,mark.cobb@example.com,Product Manager,Failed,0,12,11,12
Sharon_Castaneda,sharon.castaneda@example.com,Product Manager,Failed,9,1,1,0
Leah_Smith,leah.smith@example.com,Data Analyst,Pending,14,4,6,20
Jeremy_Duke,jeremy.duke@example.com,ML Engineer,Failed,13,10,6,0
Jessica_Melton,jessica.melton@example.com,Product Manager,Pending,13,24,14,7
William_Hurley,william.hurley@example.com,ML Engineer,Passed,12,17,21,13
Daniel_Wang,daniel.wang@example.com,Backend Developer,Failed,4,23,0,12
Daniel_Chapman,daniel.chapman@example.com,Backend Developer,Passed,17,12,24,9
Diana_Johnson,diana.johnson@example.com,ML Engineer,Pending,17,9,14,19
David_Ferguson,david.ferguson@example.com,ML Engineer,Pending,6,24,10,19
Garrett_Martin,garrett.martin@example.com,Backend Developer,Pending,25,23,1,1
Destiny_Bryant,destiny.bryant@example.com,Backend Developer,Failed,0,11,1,11
Jennifer_Morgan,jennifer.morgan@example.com,ML Engineer,Pending,16,9,7,18
Anthony_Holden,anthony.holden@example.com,Backend Developer,Pending,6,11,21,5
Regina_Walters,regina.walters@example.com,Data Analyst,Pending,8,21,8,5
Deborah_Page,deborah.page@example.com,Product Manager,Passed,23,0,24,15
Jacqueline_Palmer,jacqueline.palmer@example.com,Product Manager,Pending,10,16,19,6
Patricia_Martinez,patricia.martinez@example.com,Product Manager,Pending,12,24,9,11
Kenneth_Murphy,kenneth.murphy@example.com,Product Manager,Pending,23,15,5,3
Luke_Casey,luke.casey@example.com,Backend Developer,Failed,6,15,15,2
Robert_Duke,robert.duke@example.com,Product Manager,Passed,12,23,16,17
Michelle_Cobb,michelle.cobb@example.com,Backend Developer,Failed,3,5,10,18
Phillip_Wallace,phillip.wallace@example.com,Data Analyst,Failed,6,5,22,4
Erik_Watson,erik.watson@example.com,Backend Developer,Pending,12,15,25,5
Jonathan_Williams,jonathan.williams@example.com,ML Engineer,Failed,4,0,11,7
Harry_Ayala,harry.ayala@example.com,Data Analyst,Pending,16,8,8,20
Marcus_Jones,marcus.jones@example.com,Data Analyst,Failed,10,9,5,10
Donna_Armstrong,donna.armstrong@example.com,ML Engineer,Pending,2,12,18,21
Lisa_White,lisa.white@example.com,Backend Developer,Pending,13,9,20,2
Christina_Rodriguez,christina.rodriguez@example.com,Data Analyst,Failed,0,5,17,14
Nicholas_Morris,nicholas.morris@example.com,Backend Developer,Passed,14,21,15,22
Cynthia_Price,cynthia.price@example.com,Product Manager,Pending,2,24,6,19
Michael_Aguirre,michael.aguirre@example.com,ML Engineer,Pending,3,23,1,15
Cassie_Wright,cassie.wright@example.com,Product Manager,Failed,25,0,8,0
Mario_Davis,mario.davis@example.com,Product Manager,Pending,9,20,22,8
Jason_Moore,jason.moore@example.com,Backend Developer,Failed,3,1,15,17
Cassandra_Henderson,cassandra.henderson@example.com,Data Analyst,Pending,24,14,9,9
Olivia_Castaneda,olivia.castaneda@example.com,Product Manager,Passed,24,15,21,22
William_Perry,william.perry@example.com,Backend Developer,Failed,4,8,25,0
Nicole_Bush,nicole.bush@example.com,Backend Developer,Pending,16,18,8,9
Dennis_Cunningham,dennis.cunningham@example.com,Backend Developer,Pending,18,14,4,21
Richard_Hall,richard.hall@example.com,Data Analyst,Passed,2,19,22,17
Elaine_Patton,elaine.patton@example.com,Product Manager,Pending,2,21,24,12
Laurie_Perez,laurie.perez@example.com,ML Engineer,Passed,12,23,22,13
Michael_Anderson,michael.anderson@example.com,ML Engineer,Failed,12,10,3,1
Joseph_Rivers,joseph.rivers@example.com,ML Engineer,Passed,22,20,18,13
Rebecca_Ray,rebecca.ray@example.com,Product Manager,Pending,2,1,25,21
Christian_Torres,christian.torres@example.com,Data Analyst,Pending,16,19,14,1
Danny_Johns,danny.johns@example.com,ML Engineer,Failed,18,4,13,0
Kenneth_Cole,kenneth.cole@example.com,Backend Developer,Passed,20,10,23,8
Gregory_Huffman,gregory.huffman@example.com,Product Manager,Pending,4,0,23,16
Amanda_Stewart,amanda.stewart@example.com,Product Manager,Failed,8,1,0,20
Jeremiah_Randolph,jeremiah.randolph@example.com,Backend Developer,Failed,7,10,4,2
Ricardo_Zhang,ricardo.zhang@example.com,Product Manager,Failed,19,2,5,10
Christopher_Smith,christopher.smith@example.com,Data Analyst,Passed,20,6,17,22
Pamela_Charles,pamela.charles@example.com,ML Engineer,Passed,23,23,18,20
Melvin_Davis,melvin.davis@example.com,ML Engineer,Pending,7,17,10,11
Erik_Jimenez,erik.jimenez@example.com,Data Analyst,Pending,17,0,11,14
Brandon_Ramirez,brandon.ramirez@example.com,ML Engineer,Failed,6,5,6,4
Amanda_Smith,amanda.smith@example.com,Product Manager,Failed,15,11,4,3
Kathleen_Reilly,kathleen.reilly@example.com,Backend Developer,Passed,15,20,17,14
Jessica_Wright,jessica.wright@example.com,Data Analyst,Pending,25,11,0,13
Travis_Acosta,travis.acosta@example.com,Backend Developer,Failed,6,1,10,22
Ryan_Brown,ryan.brown@example.com,Product Manager,Passed,15,25,19,16
Dawn_Paul,dawn.paul@example.com,Data Analyst,Failed,2,9,18,10
Bradley_Lynch,bradley.lynch@example.com,ML Engineer,Failed,6,0,5,10
Ruth_Rivera,ruth.rivera@example.com,Product Manager,Passed,11,17,21,23
Ethan_Park,ethan.park@example.com,Backend Developer,Pending,2,6,13,24
Crystal_Diaz,crystal.diaz@example.com,Backend Developer,Passed,17,25,18,9
Benjamin_Ray,benjamin.ray@example.com,Product Manager,Failed,1,0,9,25
Thomas_Thomas,thomas.thomas@example.com,Data Analyst,Passed,25,8,23,9
Hannah_Thomas,hannah.thomas@example.com,Product Manager,Passed,16,22,15,24
Diana_Meyers,diana.meyers@example.com,Backend Developer,Pending,14,15,9,7
Gregory_Anderson,gregory.anderson@example.com,Product Manager,Pending,15,9,0,24
William_Lee,william.lee@example.com,Backend Developer,Pending,6,9,4,24
Eric_Li,eric.li@example.com,ML Engineer,Pending,7,11,13,25
Angelica_Burns,angelica.burns@example.com,Data Analyst,Passed,23,6,22,25
Jared_Walker,jared.walker@example.com,Backend Developer,Passed,18,11,25,6
Andrew_Morrow,andrew.morrow@example.com,Backend Developer,Pending,2,15,21,14
Courtney_Jimenez,courtney.jimenez@example.com,Product Manager,Failed,15,0,5,12
Lisa_Anderson,lisa.anderson@example.com,ML Engineer,Pending,20,8,10,19
Phillip_Garcia,phillip.garcia@example.com,Product Manager,Failed,8,10,8,10
Maxwell_Roberts,maxwell.roberts@example.com,Data Analyst,Passed,18,19,20,6
Sarah_Stevenson,sarah.stevenson@example.com,ML Engineer,Pending,25,14,17,3
Alec_Flowers,alec.flowers@example.com,Data Analyst,Pending,6,21,10,11
Daniel_Davis,daniel.davis@example.com,Product Manager,Passed,11,23,25,4
Matthew_Gardner,matthew.gardner@example.com,Product Manager,Passed,8,24,18,12
Theresa_Smith,theresa.smith@example.com,Product Manager,Failed,3,1,11,5
Corey_Gomez,corey.gomez@example.com,ML Engineer,Passed,22,0,25,14
Lisa_Haynes,lisa.haynes@example.com,Product Manager,Failed,1,16,8,6
Amy_Garza,amy.garza@example.com,Backend Developer,Failed,10,5,5,1
Elizabeth_Wright,elizabeth.wright@example.com,Product Manager,Pending,19,12,18,9
Robert_Gardner,robert.gardner@example.com,Product Manager,Pending,25,2,15,17
Karen_Bryant,karen.bryant@example.com,Data Analyst,Passed,25,11,21,11
Andrew_Freeman,andrew.freeman@example.com,Data Analyst,Passed,24,24,0,20
Colleen_Dalton,colleen.dalton@example.com,Data Analyst,Failed,18,1,7,5
Lauren_Walker,lauren.walker@example.com,Product Manager,Pending,15,14,9,6
Melvin_Moss,melvin.moss@example.com,ML Engineer,Passed,22,4,13,23
Amber_Carter,amber.carter@example.com,Product Manager,Passed,9,25,15,17
Erin_Fuller,erin.fuller@example.com,ML Engineer,Pending,1,10,20,16
Anthony_Clark,anthony.clark@example.com,Product Manager,Pending,7,14,17,2
Richard_Jackson,richard.jackson@example.com,Product Manager,Failed,19,3,8,9
Alex_Hunter,alex.hunter@example.com,Product Manager,Failed,1,1,12,19
Cassie_Walsh,cassie.walsh@example.com,Backend Developer,Pending,11,11,20,1
Stephen_Reeves,stephen.reeves@example.com,Product Manager,Pending,2,12,11,19
Andrea_Olsen,andrea.olsen@example.com,Product Manager,Pending,11,16,2,12
Sara_Ellis,sara.ellis@example.com,ML Engineer,Passed,4,17,23,21
Cody_Ramirez,cody.ramirez@example.com,ML Engineer,Passed,24,13,12,19
Christopher_Mejia,christopher.mejia@example.com,ML Engineer,Pending,6,19,16,13
Mary_Baker,mary.baker@example.com,Product Manager,Pending,15,3,25,15
Nicole_Sims,nicole.sims@example.com,Product Manager,Failed,5,5,22,4
Lauren_Johnson,lauren.johnson@example.com,ML Engineer,Pending,3,6,22,25
Robert_Lee,robert.lee@example.com,Backend Developer,Pending,6,25,16,0
Kathy_Bishop,kathy.bishop@example.com,ML Engineer,Failed,2,2,21,2
Michael_Taylor,michael.taylor@example.com,ML Engineer,Passed,17,4,21,22
Margaret_Perez,margaret.perez@example.com,Data Analyst,Failed,10,6,6,15
Bruce_Smith,bruce.smith@example.com,Product Manager,Passed,17,10,21,13
Robin_Larson,robin.larson@example.com,ML Engineer,Passed,24,20,16,7
Allison_Montgomery,allison.montgomery@example.com,Backend Developer,Pending,14,6,17,9
Kevin_Smith,kevin.smith@example.com,Product Manager,Failed,13,4,5,13
Brandon_Bailey,brandon.bailey@example.com,Product Manager,Failed,13,9,13,4
Lee_Day,lee.day@example.com,Data Analyst,Pending,22,5,18,5
Alexandra_Brown,alexandra.brown@example.com,Product Manager,Pending,14,13,4,22
Edwin_Young,edwin.young@example.com,Data Analyst,Pending,8,20,16,13
Michelle_Watkins,michelle.watkins@example.com,Product Manager,Passed,12,22,17,11
Lisa_Simmons,lisa.simmons@example.com,Data Analyst,Passed,14,9,24,13
Alyssa_Boyd,alyssa.boyd@example.com,Product Manager,Passed,21,25,17,12
Victoria_Hutchinson,victoria.hutchinson@example.com,Product Manager,Passed,18,20,8,19
Mark_Jackson,mark.jackson@example.com,Backend Developer,Pending,6,14,9,18
Kimberly_Boyle,kimberly.boyle@example.com,Backend Developer,Pending,0,19,9,18
Ronald_Gibson,ronald.gibson@example.com,ML Engineer,Pending,21,10,22,6
Matthew_Black,matthew.black@example.com,Product Manager,Passed,22,12,25,24
Scott_Torres,scott.torres@example.com,Product Manager,Passed,21,13,2,24
Julie_Herring,julie.herring@example.com,Data Analyst,Failed,3,16,2,15
Robert_Hernandez,robert.hernandez@example.com,Data Analyst,Passed,14,23,25,23
Natasha_Allen,natasha.allen@example.com,ML Engineer,Failed,6,4,0,18
Brenda_James,brenda.james@example.com,Data Analyst,Pending,14,18,1,24
Scott_Finley,scott.finley@example.com,Backend Developer,Pending,7,8,18,17
Evan_Montgomery,evan.montgomery@example.com,Data Analyst,Passed,19,13,22,9
Nicholas_Marshall,nicholas.marshall@example.com,Product Manager,Pending,11,16,0,13
Tommy_Watson,tommy.watson@example.com,Backend Developer,Passed,18,15,24,16
Kevin_Ray,kevin.ray@example.com,Product Manager,Pending,6,23,7,16
Jessica_Fletcher,jessica.fletcher@example.com,Product Manager,Pending,1,22,16,12
Peter_Martin,peter.martin@example.com,ML Engineer,Pending,25,3,11,1
Christina_Mason,christina.mason@example.com,Backend Developer,Pending,20,1,11,23
Jason_Crosby,jason.crosby@example.com,Backend Developer,Failed,12,12,1,11
Diana_Mann,diana.mann@example.com,Product Manager,Pending,19,14,8,10
Clayton_Brady,clayton.brady@example.com,Product Manager,Passed,18,23,5,18
Katrina_Walker,katrina.walker@example.com,Product Manager,Pending,17,13,4,6
Mike_Carter,mike.carter@example.com,Data Analyst,Pending,6,11,24,3
Stephen_Humphrey,stephen.humphrey@example.com,Data Analyst,Passed,25,20,24,7
Amanda_Mcdonald,amanda.mcdonald@example.com,ML Engineer,Pending,13,24,1,6
Karina_Moore,karina.moore@example.com,Backend Developer,Pending,25,12,5,13
Virginia_Lane,virginia.lane@example.com,Data Analyst,Failed,0,18,17,2
Erica_Green,erica.green@example.com,Product Manager,Failed,25,2,8,1
Joseph_Weiss,joseph.weiss@example.com,Backend Developer,Pending,19,17,9,5
Marissa_Harris,marissa.harris@example.com,Backend Developer,Pending,19,11,7,5
Randy_Lewis,randy.lewis@example.com,ML Engineer,Passed,17,13,19,16
Teresa_Gomez,teresa.gomez@example.com,Data Analyst,Pending,0,20,5,17
Donna_Fisher,donna.fisher@example.com,ML Engineer,Pending,8,12,18,15
Samantha_Mason,samantha.mason@example.com,Product Manager,Pending,16,24,14,2
Travis_Salazar,travis.salazar@example.com,ML Engineer,Pending,15,0,18,21
Harold_Nelson,harold.nelson@example.com,Product Manager,Pending,14,18,5,8
Amy_Flowers,amy.flowers@example.com,ML Engineer,Pending,20,16,5,14
Tammy_Bowman,tammy.bowman@example.com,ML Engineer,Pending,2,3,23,23
Rebecca_Fernandez,rebecca.fernandez@example.com,Data Analyst,Pending,23,5,25,4
Sonya_Morris,sonya.morris@example.com,ML Engineer,Failed,1,7,0,12
Ashley_Butler,ashley.butler@example.com,Data Analyst,Pending,13,17,14,3
Paul_Medina,paul.medina@example.com,Backend Developer,Pending,23,2,20,0
Andrew_Love,andrew.love@example.com,Product Manager,Failed,10,16,12,1
James_Reyes,james.reyes@example.com,ML Engineer,Failed,4,11,5,14
Andrea_Caldwell,andrea.caldwell@example.com,ML Engineer,Failed,2,0,14,22
Peter_Maldonado,peter.maldonado@example.com,ML Engineer,Passed,5,13,22,20
Paula_Landry,paula.landry@example.com,Product Manager,Passed,25,20,16,10
Samantha_Quinn,samantha.quinn@example.com,ML Engineer,Passed,16,13,20,16
April_Thomas,april.thomas@example.com,Backend Developer,Pending,10,17,13,1
Michael_Jensen,michael.jensen@example.com,ML Engineer,Pending,18,16,0,25
Kelly_Howard,kelly.howard@example.com,ML Engineer,Passed,18,17,16,22
Christopher_Shepherd,christopher.shepherd@example.com,ML Engineer,Failed,8,9,13,5
Alan_Day,alan.day@example.com,Product Manager,Passed,19,19,21,2
Sherry_Day,sherry.day@example.com,Product Manager,Failed,15,7,5,2
John_Glenn,john.glenn@example.com,Backend Developer,Pending,10,5,22,18
Aaron_Arnold,aaron.arnold@example.com,Backend Developer,Pending,17,0,23,11
Susan_Roberts,susan.roberts@example.com,Product Manager,Pending,11,0,12,25
Randy_Massey,randy.massey@example.com,ML Engineer,Failed,8,14,2,10
Jack_Jones,jack.jones@example.com,Data Analyst,Pending,21,19,2,4
Kenneth_Wilson,kenneth.wilson@example.com,Backend Developer,Failed,12,16,2,2
Matthew_Miles,matthew.miles@example.com,Backend Developer,Failed,14,2,11,2
William_Jones,william.jones@example.com,Product Manager,Failed,3,16,8,1
Scott_Carter,scott.carter@example.com,Product Manager,Pending,11,24,4,12
Terri_Cobb,terri.cobb@example.com,Backend Developer,Passed,16,13,20,16
Jerry_Gibson,jerry.gibson@example.com,Product Manager,Failed,18,2,9,10
Cheryl_Sparks,cheryl.sparks@example.com,Product Manager,Pending,21,15,5,16
Natalie_Gonzalez,natalie.gonzalez@example.com,Data Analyst,Passed,14,22,10,20
Zachary_Roberts,zachary.roberts@example.com,Data Analyst,Failed,2,2,20,14
Larry_Wilson,larry.wilson@example.com,Data Analyst,Pending,3,21,23,6
Amy_Morrison,amy.morrison@example.com,Data Analyst,Failed,10,7,3,4
Adam_Yang,adam.yang@example.com,Backend Developer,Pending,24,17,16,1
Kevin_Henry,kevin.henry@example.com,ML Engineer,Failed,1,21,7,2
Bobby_Mclaughlin,bobby.mclaughlin@example.com,Backend Developer,Pending,4,13,9,25
Daniel_Owens,daniel.owens@example.com,Data Analyst,Passed,13,21,16,18
Kelly_Ross,kelly.ross@example.com,ML Engineer,Pending,17,17,0,16
Brandon_Gibson,brandon.gibson@example.com,Backend Developer,Failed,10,6,18,3
Christopher_Kirk,christopher.kirk@example.com,ML Engineer,Passed,11,13,21,16
Alexis_Alvarez,alexis.alvarez@example.com,Data Analyst,Passed,18,12,8,24
Erik_Johnson,erik.johnson@example.com,Backend Developer,Pending,14,3,18,13
Angela_Weaver,angela.weaver@example.com,Backend Developer,Pending,23,12,22,1
Faith_Zuniga,faith.zuniga@example.com,Data Analyst,Passed,25,11,21,8
Andre_Walton,andre.walton@example.com,ML Engineer,Pending,15,22,10,0
David_Smith,david.smith@example.com,Data Analyst,Failed,8,14,14,0
Glen_Carpenter,glen.carpenter@example.com,ML Engineer,Passed,16,18,25,21
Allison_Collins,allison.collins@example.com,ML Engineer,Pending,1,24,12,21
Sarah_Best,sarah.best@example.com,Data Analyst,Failed,14,13,3,9
Ashley_Madden,ashley.madden@example.com,Backend Developer,Passed,13,20,20,13
Richard_Carter,richard.carter@example.com,Data Analyst,Pending,22,0,15,9
Claire_Richard,claire.richard@example.com,Product Manager,Passed,7,22,16,20
Willie_Powell,willie.powell@example.com,ML Engineer,Pending,1,20,3,20
Mathew_White,mathew.white@example.com,Backend Developer,Pending,0,23,17,4
Ashley_Benjamin,ashley.benjamin@example.com,Product Manager,Failed,2,0,10,19
Richard_Diaz,richard.diaz@example.com,ML Engineer,Pending,10,6,22,19
George_Scott,george.scott@example.com,Data Analyst,Passed,12,11,13,25
Darren_Lang,darren.lang@example.com,Backend Developer,Failed,13,1,16,7
David_Welch,david.welch@example.com,Backend Developer,Failed,23,6,10,0
Victoria_Sullivan,victoria.sullivan@example.com,Data Analyst,Passed,19,6,21,19
Michelle_Martinez,michelle.martinez@example.com,Data Analyst,Failed,4,20,7,2
Brian_Montoya,brian.montoya@example.com,Backend Developer,Failed,18,7,0,7
Kimberly_Garza,kimberly.garza@example.com,Data Analyst,Failed,4,12,1,15
Amanda_Perez,amanda.perez@example.com,ML Engineer,Pending,7,25,3,13
Eric_Smith,eric.smith@example.com,Data Analyst,Pending,18,3,4,22
Christopher_Curtis,christopher.curtis@example.com,ML Engineer,Pending,23,2,20,5
Shaun_Baxter,shaun.baxter@example.com,ML Engineer,Pending,10,17,20,6
Susan_Evans,susan.evans@example.com,Product Manager,Failed,7,0,22,9
Kimberly_Foster,kimberly.foster@example.com,Data Analyst,Failed,6,2,20,5
Donald_Young,donald.young@example.com,ML Engineer,Pending,9,13,10,16
Heather_Ward,heather.ward@example.com,Product Manager,Failed,10,1,2,4
Anthony_Serrano,anthony.serrano@example.com,Backend Developer,Failed,19,5,11,2
Angela_Rice,angela.rice@example.com,Backend Developer,Failed,4,21,12,0
Joseph_Moore,joseph.moore@example.com,Product Manager,Pending,16,2,18,21
Jocelyn_Fisher,jocelyn.fisher@example.com,Data Analyst,Pending,8,7,16,23
Heather_Hudson,heather.hudson@example.com,Backend Developer,Passed,14,16,24,7
David_Moore,david.moore@example.com,Data Analyst,Passed,25,22,18,22
Amanda_Wade,amanda.wade@example.com,Backend Developer,Pending,13,7,9,17
Nicholas_Fields,nicholas.fields@example.com,Backend Developer,Passed,13,12,15,23
Alexis_Martinez,alexis.martinez@example.com,Backend Developer,Passed,14,8,21,21
Maria_Jackson,maria.jackson@example.com,Data Analyst,Failed,4,18,10,3
Danny_Chavez,danny.chavez@example.com,Product Manager,Failed,4,3,21,1
Renee_Lynch,renee.lynch@example.com,Data Analyst,Passed,22,14,23,22
Summer_Nguyen,summer.nguyen@example.com,Data Analyst,Pending,14,6,24,12
Heidi_Rhodes,heidi.rhodes@example.com,Data Analyst,Failed,11,8,8,12
Kenneth_Perez,kenneth.perez@example.com,Product Manager,Failed,14,12,7,2
Angela_Lucas,angela.lucas@example.com,Data Analyst,Pending,11,16,10,21
Matthew_Estrada,matthew.estrada@example.com,Product Manager,Passed,22,23,10,8
Brianna_Downs,brianna.downs@example.com,Product Manager,Passed,16,16,18,24
Steven_Barker,steven.barker@example.com,ML Engineer,Pending,17,8,1,17
Paige_Stevens,paige.stevens@example.com,Data Analyst,Pending,16,24,3,11
Tony_Davis,tony.davis@example.com,Backend Developer,Pending,13,24,7,5
Edward_Mckinney,edward.mckinney@example.com,ML Engineer,Pending,12,16,13,4
Kenneth_Harris,kenneth.harris@example.com,Backend Developer,Pending,17,19,5,6
Victoria_Hart,victoria.hart@example.com,Product Manager,Pending,18,14,9,7
Dana_Carter,dana.carter@example.com,Product Manager,Passed,21,14,16,20
Brittney_Sweeney,brittney.sweeney@example.com,ML Engineer,Pending,24,13,10,1
Rhonda_Gross,rhonda.gross@example.com,Backend Developer,Failed,7,18,0,6
Lori_Liu,lori.liu@example.com,Product Manager,Failed,0,16,6,16
Joy_Wilkerson,joy.wilkerson@example.com,Product Manager,Passed,15,15,15,24
Matthew_Bryant,matthew.bryant@example.com,Backend Developer,Failed,7,3,25,2
Kathy_Brown,kathy.brown@example.com,Product Manager,Pending,22,1,7,15
Sharon_Mayer,sharon.mayer@example.com,Data Analyst,Pending,0,2,19,20
Gregory_Beck,gregory.beck@example.com,Backend Developer,Failed,13,0,10,14
Kristi_Anderson,kristi.anderson@example.com,ML Engineer,Pending,4,19,16,12
Kathryn_Morrison,kathryn.morrison@example.com,ML Engineer,Pending,2,16,18,5
Michelle_Robertson,michelle.robertson@example.com,Backend Developer,Pending,24,10,7,2
Lindsey_Thompson,lindsey.thompson@example.com,Product Manager,Pending,6,21,9,13
Breanna_Hall,breanna.hall@example.com,Data Analyst,Passed,22,19,11,19
Justin_Flynn,justin.flynn@example.com,Backend Developer,Failed,5,2,10,13
Yvonne_Green,yvonne.green@example.com,Data Analyst,Failed,1,2,2,19
Jimmy_Griffith,jimmy.griffith@example.com,Data Analyst,Pending,24,4,10,7
Christopher_Navarro,christopher.navarro@example.com,Product Manager,Failed,6,13,7,3
Zachary_Levine,zachary.levine@example.com,Backend Developer,Passed,17,17,17,25
Tracie_Perkins,tracie.perkins@example.com,Backend Developer,Pending,12,2,18,16
Lawrence_Mckee,lawrence.mckee@example.com,Backend Developer,Pending,15,14,10,14
Amber_Estrada,amber.estrada@example.com,ML Engineer,Failed,11,3,7,17
Susan_Gordon,susan.gordon@example.com,Backend Developer,Failed,13,1,4,18
Robert_Walker,robert.walker@example.com,ML Engineer,Passed,21,24,20,21
Patricia_Navarro,patricia.navarro@example.com,ML Engineer,Pending,1,8,22,12
Kathleen_Snow,kathleen.snow@example.com,Data Analyst,Pending,2,17,9,22
Shawn_Jordan,shawn.jordan@example.com,Backend Developer,Failed,2,6,5,10
Debra_Gross,debra.gross@example.com,ML Engineer,Pending,15,20,5,5
Melissa_Mendoza,melissa.mendoza@example.com,Product Manager,Passed,12,5,25,21
Daniel_Miller,daniel.miller@example.com,Data Analyst,Failed,0,10,6,7
Steven_Edwards,steven.edwards@example.com,Backend Developer,Pending,5,14,24,14
Tiffany_Arroyo,tiffany.arroyo@example.com,Backend Developer,Pending,2,22,11,23
Michael_Hernandez,michael.hernandez@example.com,Product Manager,Failed,5,6,7,1
Andrea_Alvarez,andrea.alvarez@example.com,Backend Developer,Failed,7,14,18,0
Yvonne_Rodriguez,yvonne.rodriguez@example.com,ML Engineer,Failed,9,10,12,5
Robert_King,robert.king@example.com,Product Manager,Pending,7,24,6,17
Jamie_Williams,jamie.williams@example.com,Backend Developer,Pending,20,13,6,7
Emma_Moore,emma.moore@example.com,ML Engineer,Passed,20,18,5,24
Catherine_Smith,catherine.smith@example.com,Product Manager,Passed,15,25,16,25
Matthew_Anderson,matthew.anderson@example.com,Data Analyst,Pending,19,8,9,20
Tammy_Shields,tammy.shields@example.com,Data Analyst,Passed,25,20,22,22
Kimberly_Johnson,kimberly.johnson@example.com,Data Analyst,Passed,25,20,16,4
Donald_Castro,donald.castro@example.com,ML Engineer,Pending,18,12,9,19
Ian_Reed,ian.reed@example.com,Data Analyst,Failed,6,6,16,8
Elizabeth_Pena,elizabeth.pena@example.com,Data Analyst,Passed,17,10,19,21
Cheyenne_Hancock,cheyenne.hancock@example.com,Product Manager,Passed,25,9,14,14
Amanda_Barker,amanda.barker@example.com,Product Manager,Pending,19,0,19,15
Melanie_Kirk,melanie.kirk@example.com,Product Manager,Pending,15,22,14,7
Damon_Baker,damon.baker@example.com,Backend Developer,Pending,0,21,5,15
Ashley_Holmes,ashley.holmes@example.com,Data Analyst,Pending,12,13,25,1
Betty_Gilbert,betty.gilbert@example.com,Backend Developer,Passed,14,22,22,3
Kenneth_Miller,kenneth.miller@example.com,Backend Developer,Pending,14,14,13,2
Michael_Stephens,michael.stephens@example.com,Product Manager,Pending,6,17,15,9
Dennis_Keller,dennis.keller@example.com,Data Analyst,Failed,13,1,4,19
Ruben_Cervantes,ruben.cervantes@example.com,Product Manager,Passed,23,10,10,24
Stephen_Baker,stephen.baker@example.com,Data Analyst,Failed,11,5,4,8
Patrick_Smith,patrick.smith@example.com,ML Engineer,Pending,13,2,5,23
Jeffrey_Tran,jeffrey.tran@example.com,Product Manager,Pending,11,4,7,24
Gabrielle_Brown,gabrielle.brown@example.com,Backend Developer,Pending,24,22,8,2
Jenna_Kirk,jenna.kirk@example.com,Product Manager,Failed,2,3,15,5
Cheryl_Brock,cheryl.brock@example.com,Backend Developer,Failed,7,5,15,0
Travis_Martin,travis.martin@example.com,ML Engineer,Pending,6,6,16,22
Jesse_Taylor,jesse.taylor@example.com,ML Engineer,Failed,11,1,6,5
Jessica_Thompson,jessica.thompson@example.com,Product Manager,Pending,4,7,19,14
Emily_Yoder,emily.yoder@example.com,Product Manager,Passed,5,23,12,23
Daniel_Lamb,daniel.lamb@example.com,Data Analyst,Pending,21,6,10,3
Wendy_Mills,wendy.mills@example.com,Data Analyst,Pending,5,15,19,9
Heather_Roberson,heather.roberson@example.com,ML Engineer,Pending,15,14,4,24
Mark_Wall,mark.wall@example.com,Backend Developer,Passed,23,11,18,17
Shelby_Ramirez,shelby.ramirez@example.com,Product Manager,Pending,5,14,17,21
Erica_Lin,erica.lin@example.com,Product Manager,Pending,6,5,22,14
Amanda_Mendez,amanda.mendez@example.com,Product Manager,Pending,1,17,18,18
Sarah_Bryant,sarah.bryant@example.com,Backend Developer,Passed,15,8,21,21
Bryan_Walker,bryan.walker@example.com,Data Analyst,Passed,22,25,14,19
Susan_Thomas,susan.thomas@example.com,ML Engineer,Failed,6,5,3,7
Robert_Clements,robert.clements@example.com,Backend Developer,Pending,23,7,12,13
Courtney_Lee,courtney.lee@example.com,Data Analyst,Pending,21,3,8,22
Jacob_Briggs,jacob.briggs@example.com,Product Manager,Pending,13,24,5,10
Leslie_Patel,leslie.patel@example.com,ML Engineer,Pending,7,22,9,6
Anne_Yang,anne.yang@example.com,ML Engineer,Pending,16,18,0,8
Benjamin_Aguilar,benjamin.aguilar@example.com,Product Manager,Pending,11,9,24,9
Alicia_Hicks,alicia.hicks@example.com,Data Analyst,Passed,14,16,19,19
Kevin_King,kevin.king@example.com,Product Manager,Pending,16,10,14,19
Kelly_Dorsey,kelly.dorsey@example.com,Data Analyst,Pending,10,15,16,2
Elizabeth_Doyle,elizabeth.doyle@example.com,ML Engineer,Pending,18,10,16,9
Ryan_Miller,ryan.miller@example.com,Backend Developer,Failed,21,2,6,6
Gerald_Ibarra,gerald.ibarra@example.com,ML Engineer,Failed,5,6,1,5
Sandra_Miller,sandra.miller@example.com,Data Analyst,Failed,11,19,0,3
Heather_Barnett,heather.barnett@example.com,Backend Developer,Pending,18,4,23,9
Paul_Martin,paul.martin@example.com,Backend Developer,Passed,15,18,23,14
Karen_Garza,karen.garza@example.com,Product Manager,Passed,21,6,21,16
Jonathan_Christensen,jonathan.christensen@example.com,ML Engineer,Passed,23,23,19,1
Craig_Cox,craig.cox@example.com,Backend Developer,Failed,14,0,5,16
Brandy_Martinez,brandy.martinez@example.com,Data Analyst,Pending,14,2,23,19
John_Ramos,john.ramos@example.com,Data Analyst,Passed,23,23,3,16
Rachel_Howard,rachel.howard@example.com,ML Engineer,Failed,24,1,0,2
William_Rodgers,william.rodgers@example.com,Product Manager,Failed,0,9,13,2
Jim_Carr,jim.carr@example.com,Product Manager,Pending,9,12,21,9
James_Duncan,james.duncan@example.com,ML Engineer,Passed,22,20,12,15
Heather_Osborne,heather.osborne@example.com,Product Manager,Pending,24,5,3,22
Gavin_Blankenship,gavin.blankenship@example.com,Backend Developer,Failed,6,20,5,3
Isabel_Bowen,isabel.bowen@example.com,Product Manager,Pending,18,11,5,17
Stanley_Barr,stanley.barr@example.com,Backend Developer,Pending,13,15,10,10
Lance_Carter,lance.carter@example.com,Product Manager,Passed,18,18,24,19
Monica_Mitchell,monica.mitchell@example.com,ML Engineer,Passed,12,23,25,3
Vanessa_Johnson,vanessa.johnson@example.com,ML Engineer,Pending,14,4,3,23
Michele_Oconnell,michele.oconnell@example.com,ML Engineer,Failed,8,19,0,9
Michelle_Nelson,michelle.nelson@example.com,ML Engineer,Pending,23,8,10,3
Kristina_Gordon,kristina.gordon@example.com,ML Engineer,Pending,19,16,2,12
Jackie_Andrews,jackie.andrews@example.com,Product Manager,Failed,6,9,13,4
Eric_Henderson,eric.henderson@example.com,Data Analyst,Pending,17,11,21,4
Patrick_Perez,patrick.perez@example.com,Backend Developer,Pending,2,17,7,17
Jared_Stanley,jared.stanley@example.com,Data Analyst,Pending,22,23,4,10
Carl_May,carl.may@example.com,ML Engineer,Passed,9,24,14,13
Kendra_Massey,kendra.massey@example.com,ML Engineer,Pending,3,22,14,5
Janet_Williams,janet.williams@example.com,Backend Developer,Pending,5,19,16,2
Marie_Moore,marie.moore@example.com,ML Engineer,Pending,16,0,16,9
Lauren_Hernandez,lauren.hernandez@example.com,Product Manager,Pending,5,24,3,25
Karen_Burgess,karen.burgess@example.com,Product Manager,Passed,25,20,1,20
Jonathan_Lane,jonathan.lane@example.com,Product Manager,Passed,7,25,20,23
Kenneth_Rodriguez,kenneth.rodriguez@example.com,Product Manager,Pending,22,2,21,7
Derrick_Houston,derrick.houston@example.com,Product Manager,Pending,0,18,17,8
Andrew_Brown,andrew.brown@example.com,Backend Developer,Pending,11,9,21,15
Janet_Edwards,janet.edwards@example.com,Product Manager,Passed,22,22,19,11
April_Hamilton,april.hamilton@example.com,ML Engineer,Passed,7,16,25,14
Amber_Smith,amber.smith@example.com,Backend Developer,Pending,7,12,13,16
Thomas_Baker,thomas.baker@example.com,Data Analyst,Passed,5,24,8,23
Joshua_Webb,joshua.webb@example.com,ML Engineer,Failed,18,8,7,1
Nathan_Maddox,nathan.maddox@example.com,Product Manager,Failed,19,5,1,10
Kristen_Arnold,kristen.arnold@example.com,ML Engineer,Pending,23,4,14,4
Emily_Proctor,emily.proctor@example.com,Product Manager,Pending,20,0,14,19
Willie_Phillips,willie.phillips@example.com,Product Manager,Failed,12,4,8,9
Thomas_Robinson,thomas.robinson@example.com,Data Analyst,Passed,23,24,16,21
Shane_Anderson,shane.anderson@example.com,Data Analyst,Pending,18,1,7,17
Tonya_Martinez,tonya.martinez@example.com,ML Engineer,Pending,11,7,16,21
Evan_Williamson,evan.williamson@example.com,Product Manager,Pending,6,8,22,4
James_Stewart,james.stewart@example.com,Backend Developer,Pending,16,15,15,2
Dorothy_Cross,dorothy.cross@example.com,Backend Developer,Passed,24,2,17,17
Karen_Henry,karen.henry@example.com,Product Manager,Failed,11,2,10,16
Felicia_Elliott,felicia.elliott@example.com,ML Engineer,Failed,4,4,22,2
Bryan_Miller,bryan.miller@example.com,ML Engineer,Pending,16,4,20,3
Robert_Kelley,robert.kelley@example.com,Data Analyst,Passed,6,12,24,22
David_Orozco,david.orozco@example.com,Data Analyst,Pending,12,11,18,2
Shelly_Murillo,shelly.murillo@example.com,Data Analyst,Passed,18,15,20,23
Brian_Anderson,brian.anderson@example.com,Product Manager,Passed,21,20,20,3
Arthur_Myers,arthur.myers@example.com,Backend Developer,Passed,11,14,25,14
Dylan_Green,dylan.green@example.com,Data Analyst,Failed,3,20,1,1
Antonio_Lowe,antonio.lowe@example.com,ML Engineer,Pending,15,4,8,14
William_Fowler,william.fowler@example.com,Backend Developer,Failed,1,13,17,0
Renee_Kelly,renee.kelly@example.com,Backend Developer,Failed,0,21,0,1
Helen_Kane,helen.kane@example.com,Product Manager,Passed,22,22,7,19
Jeffrey_Schmidt,jeffrey.schmidt@example.com,ML Engineer,Passed,23,22,16,11
Jennifer_Turner,jennifer.turner@example.com,Data Analyst,Pending,17,5,16,12
Kimberly_Mitchell,kimberly.mitchell@example.com,Data Analyst,Failed,2,0,1,24
Robert_Edwards,robert.edwards@example.com,Product Manager,Pending,8,19,9,13
David_Oconnor,david.oconnor@example.com,ML Engineer,Pending,6,25,12,0
Adam_Cross,adam.cross@example.com,Product Manager,Failed,15,2,9,6
Amy_Bass,amy.bass@example.com,Product Manager,Passed,10,8,22,24
Bailey_Stevenson,bailey.stevenson@example.com,ML Engineer,Pending,11,16,17,2
Sarah_Joyce,sarah.joyce@example.com,Backend Developer,Passed,16,21,12,12
John_Simpson,john.simpson@example.com,Product Manager,Passed,20,20,23,25
Maureen_Ryan,maureen.ryan@example.com,Data Analyst,Pending,9,16,7,9
Robert_Casey,robert.casey@example.com,Product Manager,Pending,14,15,13,16
Emily_Hill,emily.hill@example.com,Product Manager,Failed,23,1,7,0
Leslie_Ford,leslie.ford@example.com,Backend Developer,Pending,15,12,17,12
Stacy_Mooney,stacy.mooney@example.com,Data Analyst,Failed,9,22,5,1
Isaac_Barnes,isaac.barnes@example.com,Backend Developer,Passed,7,6,24,25
Angelica_Shields,angelica.shields@example.com,Product Manager,Pending,1,11,14,20
Nicole_Marshall,nicole.marshall@example.com,ML Engineer,Pending,15,2,13,11
Joshua_Baker,joshua.baker@example.com,Data Analyst,Passed,9,11,24,19
Bryan_Gonzales,bryan.gonzales@example.com,ML Engineer,Pending,20,8,19,9
Denise_Merritt,denise.merritt@example.com,ML Engineer,Pending,11,2,5,25
Rebecca_Wilson,rebecca.wilson@example.com,Product Manager,Passed,21,8,25,18
Sara_Raymond,sara.raymond@example.com,ML Engineer,Failed,7,3,10,3
Tracy_Pierce,tracy.pierce@example.com,ML Engineer,Failed,7,0,0,18
Matthew_Mann,matthew.mann@example.com,Data Analyst,Failed,0,9,17,9
Carrie_Nixon,carrie.nixon@example.com,Product Manager,Pending,13,22,12,12
Amanda_Schmidt,amanda.schmidt@example.com,Product Manager,Pending,10,0,13,22
Philip_Jefferson,philip.jefferson@example.com,Backend Developer,Pending,4,22,12,16
Shelly_King,shelly.king@example.com,ML Engineer,Passed,21,24,4,18
Wendy_Stokes,wendy.stokes@example.com,Backend Developer,Failed,0,1,13,13
Mindy_Joseph,mindy.joseph@example.com,ML Engineer,Failed,10,8,6,4
Deanna_Lee,deanna.lee@example.com,Backend Developer,Failed,20,8,0,11
Wesley_Ingram,wesley.ingram@example.com,ML Engineer,Pending,11,18,19,6
Crystal_Young,crystal.young@example.com,ML Engineer,Failed,22,3,7,5
Taylor_Garrett,taylor.garrett@example.com,Product Manager,Pending,8,10,24,12
Kelly_Vaughn,kelly.vaughn@example.com,Backend Developer,Passed,1,24,21,15
Scott_Martinez,scott.martinez@example.com,ML Engineer,Passed,21,7,21,18
Yvonne_Bell,yvonne.bell@example.com,Backend Developer,Passed,20,24,13,6
Lisa_Horne,lisa.horne@example.com,ML Engineer,Passed,25,14,24,7
Teresa_Williams,teresa.williams@example.com,Backend Developer,Failed,3,19,5,8
Justin_Cherry,justin.cherry@example.com,ML Engineer,Pending,25,6,13,7
Jody_Johnson,jody.johnson@example.com,Product Manager,Failed,3,6,3,21
Candace_Ortega,candace.ortega@example.com,Data Analyst,Pending,9,5,16,18
Linda_Marshall,linda.marshall@example.com,Data Analyst,Pending,14,17,10,7
Mark_Smith,mark.smith@example.com,Data Analyst,Pending,10,3,21,19
Daniel_Hunter,daniel.hunter@example.com,Backend Developer,Failed,7,15,2,5
Anna_Frederick,anna.frederick@example.com,ML Engineer,Pending,1,17,9,18
Michelle_Randolph,michelle.randolph@example.com,ML Engineer,Pending,20,5,25,7
Christy_Davis,christy.davis@example.com,Data Analyst,Failed,11,0,5,21
Adam_Casey,adam.casey@example.com,Product Manager,Passed,22,19,6,20
Tracy_Marsh,tracy.marsh@example.com,Backend Developer,Pending,8,22,20,5
Michael_Wells,michael.wells@example.com,ML Engineer,Pending,15,6,22,14
Jesse_Moran,jesse.moran@example.com,Product Manager,Passed,17,12,13,23
Joseph_Harding,joseph.harding@example.com,Product Manager,Pending,22,17,9,7
Nicholas_Lewis,nicholas.lewis@example.com,Backend Developer,Passed,14,13,19,18
Eric_Rivera,eric.rivera@example.com,Data Analyst,Pending,12,3,15,13
Rachel_Snow,rachel.snow@example.com,Backend Developer,Passed,15,21,21,24
Sandra_Carroll,sandra.carroll@example.com,Backend Developer,Failed,8,1,25,3
Sarah_Newman,sarah.newman@example.com,ML Engineer,Failed,6,2,8,15
Andrea_Lawson,andrea.lawson@example.com,Data Analyst,Passed,23,16,6,16
Larry_Edwards,larry.edwards@example.com,Data Analyst,Pending,6,13,7,25
Joseph_Thomas,joseph.thomas@example.com,Backend Developer,Pending,23,7,4,15
Margaret_Martinez,margaret.martinez@example.com,Backend Developer,Pending,16,8,20,0
Melinda_Burgess,melinda.burgess@example.com,Product Manager,Pending,9,15,15,19
Jason_Scott,jason.scott@example.com,Data Analyst,Failed,6,3,7,17
Angela_Green,angela.green@example.com,Product Manager,Pending,12,23,12,12
Daniel_Davenport,daniel.davenport@example.com,Product Manager,Pending,1,13,2,24
Regina_Ellis,regina.ellis@example.com,Product Manager,Pending,23,7,19,3
Austin_Gomez,austin.gomez@example.com,Product Manager,Failed,4,6,15,8
Brandon_Vaughn,brandon.vaughn@example.com,Data Analyst,Pending,25,11,14,3
Jason_Miller,jason.miller@example.com,Backend Developer,Pending,12,8,15,8
Christy_Conner,christy.conner@example.com,ML Engineer,Passed,17,16,12,20
Janet_Kent,janet.kent@example.com,Data Analyst,Pending,3,9,12,19
David_Miranda,david.miranda@example.com,Product Manager,Pending,19,11,18,3
Richard_Soto,richard.soto@example.com,Product Manager,Pending,21,13,17,8
Jeffery_Orr,jeffery.orr@example.com,ML Engineer,Pending,12,13,10,16
Rachael_Griffin,rachael.griffin@example.com,Product Manager,Failed,7,16,1,12
Nicholas_Porter,nicholas.porter@example.com,Product Manager,Failed,0,3,22,12
Adrienne_Zimmerman,adrienne.zimmerman@example.com,Data Analyst,Failed,12,10,4,4
Kelsey_Robinson,kelsey.robinson@example.com,Backend Developer,Failed,2,6,0,2
David_Friedman,david.friedman@example.com,Backend Developer,Failed,1,4,22,9
Brittany_Henderson,brittany.henderson@example.com,Product Manager,Failed,0,0,9,25
Mark_Flynn,mark.flynn@example.com,Backend Developer,Passed,22,6,16,23
Kelli_King,kelli.king@example.com,Product Manager,Failed,10,5,12,11
Thomas_Walker,thomas.walker@example.com,Backend Developer,Passed,10,19,17,19
Tara_Mosley,tara.mosley@example.com,Backend Developer,Passed,16,5,15,25
Jose_Skinner,jose.skinner@example.com,Data Analyst,Pending,14,13,10,16
Duane_Turner,duane.turner@example.com,Data Analyst,Passed,13,16,8,23
Destiny_Perry,destiny.perry@example.com,Product Manager,Pending,25,3,0,16
Kelly_Flores,kelly.flores@example.com,Product Manager,Failed,2,9,10,4
Kristi_Hudson,kristi.hudson@example.com,Backend Developer,Failed,2,0,2,22
Heather_Haley,heather.haley@example.com,Data Analyst,Pending,6,13,17,16
Brianna_Smith,brianna.smith@example.com,Data Analyst,Passed,19,25,8,17
Mary_Anderson,mary.anderson@example.com,Product Manager,Pending,18,18,7,0
Ann_Hess,ann.hess@example.com,ML Engineer,Pending,10,1,24,24
Karen_Evans,karen.evans@example.com,Data Analyst,Pending,13,6,15,20
Kristy_Barajas,kristy.barajas@example.com,ML Engineer,Pending,9,21,15,12
Crystal_Jones,crystal.jones@example.com,Backend Developer,Failed,2,5,6,1
Samantha_Beck,samantha.beck@example.com,Product Manager,Pending,13,15,6,17
Melissa_Anderson,melissa.anderson@example.com,ML Engineer,Failed,4,6,16,12
Melanie_Bush,melanie.bush@example.com,ML Engineer,Pending,5,19,8,20
Cory_Wood,cory.wood@example.com,Backend Developer,Pending,9,20,0,16
Sabrina_Brown,sabrina.brown@example.com,Product Manager,Pending,19,1,15,8
Mary_Murphy,mary.murphy@example.com,Backend Developer,Pending,0,20,18,16
Patricia_Ewing,patricia.ewing@example.com,Data Analyst,Failed,11,8,9,4
Jessica_Zavala,jessica.zavala@example.com,Data Analyst,Pending,20,23,1,9
Sara_Williams,sara.williams@example.com,ML Engineer,Pending,7,18,21,7
Steven_Fernandez,steven.fernandez@example.com,Data Analyst,Pending,9,13,10,22
Laura_Cruz,laura.cruz@example.com,Backend Developer,Pending,14,15,0,17
Sandra_Lewis,sandra.lewis@example.com,ML Engineer,Passed,22,8,19,25
Nicole_Powers,nicole.powers@example.com,Backend Developer,Pending,9,3,23,14
Juan_Hall,juan.hall@example.com,ML Engineer,Passed,7,23,18,21
Thomas_Lopez,thomas.lopez@example.com,Product Manager,Pending,17,18,7,13
Ricky_Anderson,ricky.anderson@example.com,Data Analyst,Pending,5,17,3,19
Jay_Jacobs,jay.jacobs@example.com,Data Analyst,Pending,7,16,19,7
Andrea_Bond,andrea.bond@example.com,Backend Developer,Pending,20,15,2,18
David_Howard,david.howard@example.com,Data Analyst,Failed,9,19,0,1
Ashley_Garcia,ashley.garcia@example.com,Data Analyst,Passed,11,9,20,21
Megan_Martin,megan.martin@example.com,Data Analyst,Failed,20,5,1,0
Alyssa_Adams,alyssa.adams@example.com,Data Analyst,Passed,6,23,21,25
Jody_Hanna,jody.hanna@example.com,ML Engineer,Pending,2,19,19,9
William_Brock,william.brock@example.com,Backend Developer,Failed,9,1,14,7
Angela_Herring,angela.herring@example.com,Product Manager,Passed,3,16,23,22
Kristina_Johnson,kristina.johnson@example.com,Product Manager,Pending,17,22,11,9
Robert_Clark,robert.clark@example.com,Backend Developer,Pending,8,6,17,21
Christopher_Medina,christopher.medina@example.com,Product Manager,Failed,15,1,0,19
Donald_Madden,donald.madden@example.com,Backend Developer,Pending,12,3,25,7
Susan_Bryant,susan.bryant@example.com,Data Analyst,Passed,23,24,12,5
Theresa_Wilson,theresa.wilson@example.com,Data Analyst,Failed,6,10,8,5
Shannon_Smith,shannon.smith@example.com,ML Engineer,Passed,24,25,9,23
Keith_Schneider,keith.schneider@example.com,Data Analyst,Pending,10,16,24,5
Sarah_Mendez,sarah.mendez@example.com,ML Engineer,Passed,21,24,16,15
Joanna_Murphy,joanna.murphy@example.com,Data Analyst,Failed,9,1,8,2
Joshua_Hoffman,joshua.hoffman@example.com,ML Engineer,Pending,22,19,0,0
Katherine_Williams,katherine.williams@example.com,Product Manager,Passed,19,16,8,23
Heather_Zhang,heather.zhang@example.com,Backend Developer,Pending,21,6,13,13
Jennifer_Martin,jennifer.martin@example.com,Data Analyst,Failed,1,3,13,20
Jane_Trujillo,jane.trujillo@example.com,Product Manager,Pending,4,15,18,21
David_Franklin,david.franklin@example.com,Product Manager,Pending,21,13,14,2
Pamela_Suarez,pamela.suarez@example.com,ML Engineer,Failed,6,20,9,0
Ryan_Petersen,ryan.petersen@example.com,Data Analyst,Passed,18,10,16,25
Clayton_Greene,clayton.greene@example.com,Data Analyst,Failed,9,2,8,7
Carla_Bell,carla.bell@example.com,Backend Developer,Pending,3,21,16,15
Steven_Powell,steven.powell@example.com,Backend Developer,Pending,7,9,22,2
Laura_Petersen,laura.petersen@example.com,Backend Developer,Pending,16,2,22,18
Melissa_Miller,melissa.miller@example.com,Data Analyst,Pending,11,23,3,4
Sandra_Williams,sandra.williams@example.com,Product Manager,Pending,11,14,1,25
Craig_Martin,craig.martin@example.com,Data Analyst,Pending,22,4,3,22
Jason_Kim,jason.kim@example.com,Data Analyst,Pending,12,14,9,8
Caitlin_Reynolds,caitlin.reynolds@example.com,Backend Developer,Failed,2,5,10,3
Brent_Clements,brent.clements@example.com,ML Engineer,Pending,14,2,21,11
Lauren_Chandler,lauren.chandler@example.com,Product Manager,Failed,13,9,5,3
Adam_Kent,adam.kent@example.com,Data Analyst,Failed,4,2,3,12
Charles_Morgan,charles.morgan@example.com,Backend Developer,Passed,18,9,22,14
Cody_Reyes,cody.reyes@example.com,Backend Developer,Pending,22,12,7,9
Shawn_Thomas,shawn.thomas@example.com,Data Analyst,Passed,21,16,12,14
Brenda_Morris,brenda.morris@example.com,Data Analyst,Passed,15,25,17,4
David_Stewart,david.stewart@example.com,Data Analyst,Passed,5,25,21,19
Joseph_Silva,joseph.silva@example.com,ML Engineer,Pending,19,15,9,12
Hannah_Hale,hannah.hale@example.com,Backend Developer,Pending,3,5,17,17
Cynthia_Waller,cynthia.waller@example.com,Data Analyst,Failed,8,0,16,7
Lori_Noble,lori.noble@example.com,ML Engineer,Pending,5,22,22,6
David_Gonzalez,david.gonzalez@example.com,Product Manager,Failed,1,13,9,6
Jerry_Cox,jerry.cox@example.com,Product Manager,Failed,3,2,2,19
Mary_Norton,mary.norton@example.com,ML Engineer,Passed,20,22,22,18
Shannon_Ayala,shannon.ayala@example.com,Product Manager,Failed,11,5,1,12
Lisa_Eaton,lisa.eaton@example.com,Backend Developer,Passed,22,22,1,17
Anne_Velazquez,anne.velazquez@example.com,ML Engineer,Pending,3,23,12,6
Connie_Johnson,connie.johnson@example.com,Backend Developer,Pending,20,25,0,14
Blake_Contreras,blake.contreras@example.com,Data Analyst,Pending,8,21,6,21
Janet_Taylor,janet.taylor@example.com,Data Analyst,Passed,19,24,18,23
Amy_Andersen,amy.andersen@example.com,ML Engineer,Passed,25,9,12,14
Eric_Reed,eric.reed@example.com,ML Engineer,Pending,7,15,19,5
Sarah_Jackson,sarah.jackson@example.com,ML Engineer,Pending,16,8,12,8
Jenny_Powers,jenny.powers@example.com,ML Engineer,Passed,21,13,21,17
Scott_Rodriguez,scott.rodriguez@example.com,Data Analyst,Failed,8,11,13,1
David_Johnson,david.johnson@example.com,ML Engineer,Pending,10,19,1,13
Michael_Holmes,michael.holmes@example.com,Backend Developer,Pending,16,2,22,2
Brian_Davis,brian.davis@example.com,ML Engineer,Failed,5,7,17,5
Ashley_Payne,ashley.payne@example.com,Backend Developer,Pending,2,16,24,4
Linda_Jenkins,linda.jenkins@example.com,ML Engineer,Pending,8,12,13,23
Nancy_Watkins,nancy.watkins@example.com,Product Manager,Pending,20,8,8,21
Patrick_Gonzalez,patrick.gonzalez@example.com,Data Analyst,Pending,2,7,18,23
Maurice_Clark,maurice.clark@example.com,Product Manager,Passed,25,16,0,24
Kathleen_Woods,kathleen.woods@example.com,Product Manager,Failed,6,12,9,12
Andrew_Smith,andrew.smith@example.com,Backend Developer,Passed,21,16,15,12
Danielle_Bird,danielle.bird@example.com,Product Manager,Failed,1,8,24,4
Diane_Adams,diane.adams@example.com,Data Analyst,Passed,9,25,20,7
William_Ryan,william.ryan@example.com,ML Engineer,Passed,24,23,23,23
Shelley_Morris,shelley.morris@example.com,ML Engineer,Pending,11,22,6,3
David_Hoffman,david.hoffman@example.com,Product Manager,Pending,23,0,21,6
Sarah_Lewis,sarah.lewis@example.com,ML Engineer,Pending,12,18,3,10
Gregory_Smith,gregory.smith@example.com,Backend Developer,Passed,23,18,18,1
Michael_Williams,michael.williams@example.com,Backend Developer,Failed,17,2,10,6
Stephanie_Dodson,stephanie.dodson@example.com,ML Engineer,Failed,2,6,16,12
Victor_Bauer,victor.bauer@example.com,Product Manager,Pending,22,4,13,10
Michael_Campos,michael.campos@example.com,Product Manager,Pending,19,12,9,0
Annette_Jordan,annette.jordan@example.com,Data Analyst,Pending,10,21,8,12
Debra_Lane,debra.lane@example.com,Backend Developer,Failed,11,16,6,2
Mark_Osborne,mark.osborne@example.com,ML Engineer,Pending,4,13,14,17
Bailey_Walker,bailey.walker@example.com,Data Analyst,Failed,0,9,6,23
Brittany_Martinez,brittany.martinez@example.com,Product Manager,Passed,23,5,23,21
Jeffrey_Murphy,jeffrey.murphy@example.com,Data Analyst,Pending,15,6,10,9
Brian_Weber,brian.weber@example.com,Product Manager,Pending,10,9,25,13
Michael_Martin,michael.martin@example.com,Backend Developer,Pending,13,23,4,8
Eric_Thomas,eric.thomas@example.com,Data Analyst,Pending,9,11,2,19
David_Brown,david.brown@example.com,Product Manager,Passed,3,21,16,23
Heather_Larson,heather.larson@example.com,Product Manager,Failed,11,4,16,1
Paul_Frank,paul.frank@example.com,Data Analyst,Failed,15,10,8,1
Ariana_Johnson,ariana.johnson@example.com,ML Engineer,Pending,12,11,24,2
Anthony_Morgan,anthony.morgan@example.com,Product Manager,Passed,15,13,18,23
Richard_Gomez,richard.gomez@example.com,Product Manager,Passed,12,21,20,25
Derek_Torres,derek.torres@example.com,Backend Developer,Failed,7,5,5,9
Karen_Weeks,karen.weeks@example.com,ML Engineer,Passed,7,22,20,20
Gina_Marshall,gina.marshall@example.com,Data Analyst,Passed,19,25,12,11
Jack_Richardson,jack.richardson@example.com,Backend Developer,Passed,25,9,25,10
Heidi_Spence,heidi.spence@example.com,Backend Developer,Pending,16,9,13,13
John_Lopez,john.lopez@example.com,ML Engineer,Failed,7,10,11,2
Brian_Floyd,brian.floyd@example.com,Data Analyst,Pending,13,12,9,17
Amy_Richards,amy.richards@example.com,Data Analyst,Passed,10,25,25,0
Paul_Wright,paul.wright@example.com,Product Manager,Failed,25,5,5,4
Daniel_Ortiz,daniel.ortiz@example.com,ML Engineer,Pending,12,13,4,19
Jennifer_Gonzales,jennifer.gonzales@example.com,ML Engineer,Pending,15,10,1,21
Emily_Newman,emily.newman@example.com,ML Engineer,Pending,2,5,24,16
Lisa_Knight,lisa.knight@example.com,ML Engineer,Pending,22,21,11,0
Elizabeth_Sullivan,elizabeth.sullivan@example.com,Product Manager,Pending,19,0,18,4
Robert_West,robert.west@example.com,Data Analyst,Failed,0,6,9,14
David_Little,david.little@example.com,Data Analyst,Pending,18,13,8,20
Julia_Forbes,julia.forbes@example.com,Backend Developer,Failed,11,4,3,20
Melissa_Berry,melissa.berry@example.com,Backend Developer,Passed,12,9,18,21
Kathryn_Smith,kathryn.smith@example.com,Backend Developer,Passed,16,14,19,12
John_Perez,john.perez@example.com,Backend Developer,Pending,2,13,4,23
Marcia_Wiggins,marcia.wiggins@example.com,Data Analyst,Pending,1,25,20,5
Andrea_Gonzalez,andrea.gonzalez@example.com,ML Engineer,Pending,24,13,5,9
Veronica_Lambert,veronica.lambert@example.com,Data Analyst,Pending,7,16,12,8
Brittany_Downs,brittany.downs@example.com,Product Manager,Pending,1,12,8,23
Melanie_Allison,melanie.allison@example.com,Product Manager,Passed,16,19,14,12
Tiffany_Gordon,tiffany.gordon@example.com,Data Analyst,Failed,21,4,14,0
Jill_Leblanc,jill.leblanc@example.com,Backend Developer,Pending,23,4,6,24
Heather_Russo,heather.russo@example.com,Product Manager,Pending,5,16,5,16
Michael_Padilla,michael.padilla@example.com,Data Analyst,Passed,21,20,18,6
Zachary_Reynolds,zachary.reynolds@example.com,Data Analyst,Passed,18,21,25,9
Justin_Ward,justin.ward@example.com,Product Manager,Pending,12,14,10,23
Yvette_Harmon,yvette.harmon@example.com,Product Manager,Pending,13,20,6,5
Lori_Perez,lori.perez@example.com,Product Manager,Passed,13,20,13,19
Devin_Taylor,devin.taylor@example.com,ML Engineer,Pending,21,6,13,19
Lauren_Avila,lauren.avila@example.com,ML Engineer,Pending,22,12,23,0
Monica_Nichols,monica.nichols@example.com,ML Engineer,Passed,22,13,23,16
Daniel_Alexander,daniel.alexander@example.com,Data Analyst,Pending,19,16,16,5
Emily_Lopez,emily.lopez@example.com,ML Engineer,Failed,24,1,2,4
Sarah_Davis,sarah.davis@example.com,Backend Developer,Failed,20,5,3,5
Jon_Bowen,jon.bowen@example.com,ML Engineer,Failed,10,14,2,12
Kyle_Russell,kyle.russell@example.com,ML Engineer,Failed,0,5,20,9
Hailey_Garcia,hailey.garcia@example.com,Backend Developer,Passed,15,23,19,21
Dale_Juarez,dale.juarez@example.com,ML Engineer,Failed,1,14,15,3
Christina_Buck,christina.buck@example.com,ML Engineer,Failed,13,8,1,4
Lisa_Alvarez,lisa.alvarez@example.com,Product Manager,Failed,2,6,6,4
Jacob_Thomas,jacob.thomas@example.com,Backend Developer,Pending,24,20,3,12
Peter_Fuller,peter.fuller@example.com,ML Engineer,Pending,18,7,17,7
Brooke_Johnson,brooke.johnson@example.com,Data Analyst,Pending,3,25,9,18
Andrea_Phillips,andrea.phillips@example.com,Backend Developer,Pending,14,12,4,20
Mario_Porter,mario.porter@example.com,ML Engineer,Pending,19,14,17,0
Brenda_Bradshaw,brenda.bradshaw@example.com,ML Engineer,Pending,11,6,11,18
Stephen_Ramirez,stephen.ramirez@example.com,ML Engineer,Failed,7,7,1,15
Michael_Reid,michael.reid@example.com,ML Engineer,Passed,14,21,23,19
William_Cox,william.cox@example.com,Product Manager,Failed,6,0,7,8
Brenda_Morgan,brenda.morgan@example.com,Backend Developer,Pending,4,18,2,18
Wendy_Compton,wendy.compton@example.com,Product Manager,Passed,25,6,23,22
Shawn_Larson,shawn.larson@example.com,Product Manager,Pending,18,13,2,20
Regina_Murray,regina.murray@example.com,Backend Developer,Passed,18,23,22,22
Andrew_Nelson,andrew.nelson@example.com,Product Manager,Failed,2,8,0,11
James_Perez,james.perez@example.com,Backend Developer,Failed,4,2,12,10
Mary_Ramsey,mary.ramsey@example.com,Data Analyst,Passed,20,23,12,11
Tonya_Johnson,tonya.johnson@example.com,Backend Developer,Failed,6,16,4,5
April_Parker,april.parker@example.com,Data Analyst,Pending,18,8,20,0
Cynthia_Curtis,cynthia.curtis@example.com,ML Engineer,Passed,6,24,22,9
Terri_Patterson,terri.patterson@example.com,Product Manager,Pending,8,2,20,11
Dorothy_Cooper,dorothy.cooper@example.com,ML Engineer,Passed,21,15,23,12
Teresa_Hines,teresa.hines@example.com,Backend Developer,Pending,13,7,16,9
Samuel_Reynolds,samuel.reynolds@example.com,Data Analyst,Pending,17,11,9,9
Thomas_Butler,thomas.butler@example.com,ML Engineer,Failed,6,0,15,7
John_Moran,john.moran@example.com,Backend Developer,Pending,0,23,22,5
Jessica_Nguyen,jessica.nguyen@example.com,Backend Developer,Pending,23,1,16,5
Jennifer_Gill,jennifer.gill@example.com,Backend Developer,Passed,15,19,19,13
Frank_Hood,frank.hood@example.com,ML Engineer,Failed,17,12,0,5
Warren_Miller,warren.miller@example.com,Backend Developer,Pending,5,16,9,17
Michael_Little,michael.little@example.com,ML Engineer,Pending,13,12,16,3
Matthew_Tran,matthew.tran@example.com,Data Analyst,Pending,11,1,25,10
Ryan_Brennan,ryan.brennan@example.com,Product Manager,Pending,8,12,8,15
Melissa_Morse,melissa.morse@example.com,ML Engineer,Passed,18,6,23,18
Elizabeth_Wood,elizabeth.wood@example.com,ML Engineer,Pending,11,0,24,7
James_Lucas,james.lucas@example.com,Backend Developer,Passed,20,21,23,3
Shelly_Bishop,shelly.bishop@example.com,Product Manager,Failed,11,3,0,22
Lauren_Hammond,lauren.hammond@example.com,ML Engineer,Failed,16,0,17,6
James_Williams,james.williams@example.com,Product Manager,Passed,19,10,19,20
Heather_Robertson,heather.robertson@example.com,ML Engineer,Passed,9,25,24,6
Debbie_Wilson,debbie.wilson@example.com,Product Manager,Failed,13,12,0,13
Alexandria_Rodriguez,alexandria.rodriguez@example.com,Backend Developer,Pending,8,25,7,4
Rachael_Crosby,rachael.crosby@example.com,Backend Developer,Failed,10,8,7,11
Thomas_Bradshaw,thomas.bradshaw@example.com,Product Manager,Passed,11,23,18,21
Brandon_Gomez,brandon.gomez@example.com,ML Engineer,Passed,22,2,23,15
Anthony_Lewis,anthony.lewis@example.com,Data Analyst,Failed,6,16,5,1
Michelle_Reyes,michelle.reyes@example.com,Data Analyst,Pending,13,13,16,6
Theodore_Stein,theodore.stein@example.com,Product Manager,Failed,1,7,7,17
Holly_Terry,holly.terry@example.com,Product Manager,Failed,9,9,3,5
Deborah_Jones,deborah.jones@example.com,Backend Developer,Pending,9,16,20,8
Mark_Conner,mark.conner@example.com,Product Manager,Failed,17,1,12,5
Isaiah_Barnes,isaiah.barnes@example.com,ML Engineer,Pending,6,1,25,8
Adam_Kennedy,adam.kennedy@example.com,Product Manager,Failed,12,0,2,14
Sharon_Johnson,sharon.johnson@example.com,Data Analyst,Passed,25,24,21,5
Cassandra_Logan,cassandra.logan@example.com,Product Manager,Passed,17,25,4,20
Andrea_Hall,andrea.hall@example.com,Data Analyst,Failed,9,19,7,3
Valerie_Harrison,valerie.harrison@example.com,ML Engineer,Failed,3,8,2,2
Mark_Gutierrez,mark.gutierrez@example.com,ML Engineer,Failed,12,8,4,12
Garrett_Bell,garrett.bell@example.com,Data Analyst,Failed,15,8,2,5
Courtney_Schmidt,courtney.schmidt@example.com,ML Engineer,Failed,2,22,8,0
Nicole_Flores,nicole.flores@example.com,Backend Developer,Pending,13,13,13,18
Michael_Webb,michael.webb@example.com,Data Analyst,Pending,19,1,16,20
Thomas_Wiley,thomas.wiley@example.com,ML Engineer,Failed,3,21,0,1
Erica_Watson,erica.watson@example.com,Backend Developer,Passed,19,9,14,20
Richard_Boyer,richard.boyer@example.com,Product Manager,Passed,23,21,15,4
Ricky_Johnson,ricky.johnson@example.com,ML Engineer,Passed,17,9,19,16
Kim_Lowery,kim.lowery@example.com,Data Analyst,Pending,19,18,9,11
Mark_Rowland,mark.rowland@example.com,Backend Developer,Pending,0,20,23,4
Steven_David,steven.david@example.com,ML Engineer,Failed,8,5,7,5
Kimberly_Marquez,kimberly.marquez@example.com,Backend Developer,Passed,21,3,20,21
Larry_Jarvis,larry.jarvis@example.com,Data Analyst,Pending,23,25,4,3
Brett_Hill,brett.hill@example.com,Data Analyst,Passed,9,23,12,25
Jennifer_Bell,jennifer.bell@example.com,Data Analyst,Pending,5,16,13,9
Christopher_Houston,christopher.houston@example.com,Data Analyst,Failed,7,15,0,9
Jody_Mahoney,jody.mahoney@example.com,Backend Developer,Passed,20,21,18,11
James_Mejia,james.mejia@example.com,Product Manager,Pending,14,3,13,19
James_Hobbs,james.hobbs@example.com,Backend Developer,Passed,21,20,14,9
Ronald_Rogers,ronald.rogers@example.com,Data Analyst,Pending,18,20,4,10
Edgar_Jones,edgar.jones@example.com,Product Manager,Pending,9,20,5,22
Allison_Mclaughlin,allison.mclaughlin@example.com,ML Engineer,Passed,17,20,23,18
Nichole_Powell,nichole.powell@example.com,Data Analyst,Pending,10,11,5,21
Tanya_Mendez,tanya.mendez@example.com,Product Manager,Pending,1,9,23,11
Robert_Cooper,robert.cooper@example.com,ML Engineer,Passed,19,17,14,15
Tracy_Clark,tracy.clark@example.com,Product Manager,Passed,25,9,16,17
Charles_Perez,charles.perez@example.com,Data Analyst,Failed,0,9,2,17
Victor_Terry,victor.terry@example.com,ML Engineer,Passed,5,10,22,24
Sara_Jenkins,sara.jenkins@example.com,Data Analyst,Pending,19,16,15,0
Joseph_Prince,joseph.prince@example.com,Data Analyst,Pending,2,21,25,8
Robert_Gonzalez,robert.gonzalez@example.com,Backend Developer,Pending,18,18,9,10
Christopher_Shah,christopher.shah@example.com,Backend Developer,Pending,5,19,17,8
Kevin_Stanton,kevin.stanton@example.com,Product Manager,Passed,15,23,25,15
Jessica_Snow,jessica.snow@example.com,Data Analyst,Failed,2,14,10,0
Ruth_Jensen,ruth.jensen@example.com,Backend Developer,Pending,7,10,20,13
Julie_Bryant,julie.bryant@example.com,Backend Developer,Pending,19,24,12,3
Lindsay_Fernandez,lindsay.fernandez@example.com,Product Manager,Pending,7,13,6,25
Aaron_Berger,aaron.berger@example.com,ML Engineer,Pending,11,17,22,8
Dominique_Lewis,dominique.lewis@example.com,Data Analyst,Passed,15,15,11,25
Carol_Williamson,carol.williamson@example.com,ML Engineer,Pending,17,2,16,14
Ronald_Reed,ronald.reed@example.com,Product Manager,Pending,20,4,13,12
David_Hansen,david.hansen@example.com,Data Analyst,Passed,15,23,14,24
Ricky_Bradley,ricky.bradley@example.com,Backend Developer,Pending,16,19,2,8
Willie_Burns,willie.burns@example.com,Data Analyst,Pending,16,2,10,13
Tracy_Davis,tracy.davis@example.com,Data Analyst,Pending,23,10,3,13
Darrell_Mccullough,darrell.mccullough@example.com,Data Analyst,Passed,14,15,19,23
Caroline_Lin,caroline.lin@example.com,Product Manager,Failed,4,10,10,6
Brandon_Andrews,brandon.andrews@example.com,Data Analyst,Failed,19,0,1,2
Spencer_Rivas,spencer.rivas@example.com,Product Manager,Pending,11,17,2,24
Laura_Humphrey,laura.humphrey@example.com,Product Manager,Failed,3,13,15,2
Laura_Lee,laura.lee@example.com,Product Manager,Passed,19,18,18,23
John_Scott,john.scott@example.com,Product Manager,Passed,6,25,10,21
Christopher_Frye,christopher.frye@example.com,Data Analyst,Pending,19,13,2,12
Laura_Martinez,laura.martinez@example.com,Data Analyst,Pending,11,6,20,8
John_Sandoval,john.sandoval@example.com,Backend Developer,Pending,5,6,9,24
Scott_Morris,scott.morris@example.com,ML Engineer,Failed,5,12,16,4
William_Sanchez,william.sanchez@example.com,Data Analyst,Pending,18,14,3,18
Brenda_Booker,brenda.booker@example.com,Data Analyst,Pending,4,12,20,21
Robert_Johnson,robert.johnson@example.com,ML Engineer,Pending,20,12,3,24
Philip_Simpson,philip.simpson@example.com,ML Engineer,Failed,4,14,9,5
Katherine_Duran,katherine.duran@example.com,ML Engineer,Passed,19,7,16,20
Richard_Russell,richard.russell@example.com,Backend Developer,Passed,22,12,20,7
Amanda_Bowers,amanda.bowers@example.com,Data Analyst,Passed,24,14,20,15
Deborah_Webster,deborah.webster@example.com,Product Manager,Pending,16,13,4,14
Bruce_Bell,bruce.bell@example.com,Data Analyst,Passed,23,24,7,16
Anita_Blankenship,anita.blankenship@example.com,Product Manager,Failed,2,2,11,0
Aaron_Tate,aaron.tate@example.com,ML Engineer,Failed,8,0,5,11
Susan_Wood,susan.wood@example.com,Product Manager,Failed,10,5,16,5
Michelle_Flores,michelle.flores@example.com,Product Manager,Failed,0,10,17,2
Dylan_Martinez,dylan.martinez@example.com,Backend Developer,Pending,9,12,21,16
Alexander_Lyons,alexander.lyons@example.com,Data Analyst,Pending,12,14,15,7
Theresa_Woods,theresa.woods@example.com,Data Analyst,Passed,22,6,17,18
Travis_Jackson,travis.jackson@example.com,Backend Developer,Passed,12,18,9,25
Maria_Gregory,maria.gregory@example.com,Product Manager,Pending,13,3,18,25
Paul_Wood,paul.wood@example.com,Data Analyst,Failed,11,6,0,9
Nicholas_Murphy,nicholas.murphy@example.com,Data Analyst,Failed,8,9,1,13
Robert_Bowers,robert.bowers@example.com,ML Engineer,Pending,14,13,16,6
Anthony_Wilson,anthony.wilson@example.com,Data Analyst,Failed,5,5,9,0
Kaitlyn_Hall,kaitlyn.hall@example.com,ML Engineer,Passed,21,13,17,16
Brandy_Jordan,brandy.jordan@example.com,ML Engineer,Passed,23,18,15,14
Danielle_Craig,danielle.craig@example.com,ML Engineer,Failed,8,9,6,0
Renee_Briggs,renee.briggs@example.com,Product Manager,Pending,12,3,0,25
Jose_Nicholson,jose.nicholson@example.com,Product Manager,Pending,8,11,19,11
Frederick_Boyd,frederick.boyd@example.com,Backend Developer,Failed,4,5,21,8
Kyle_Fuller,kyle.fuller@example.com,Backend Developer,Pending,16,10,13,11
Makayla_Francis,makayla.francis@example.com,Data Analyst,Pending,14,25,1,8
Cynthia_Carr,cynthia.carr@example.com,Data Analyst,Failed,2,20,13,3
Elizabeth_Gardner,elizabeth.gardner@example.com,ML Engineer,Failed,5,4,20,10
Stephen_Newman,stephen.newman@example.com,ML Engineer,Passed,18,22,22,12
Seth_Peterson,seth.peterson@example.com,ML Engineer,Failed,19,10,7,1
Shawn_Spencer,shawn.spencer@example.com,Data Analyst,Passed,10,18,21,19
Michele_Smith,michele.smith@example.com,Product Manager,Pending,18,9,1,14
Robert_Oliver,robert.oliver@example.com,Data Analyst,Passed,23,14,10,14
Thomas_Hernandez,thomas.hernandez@example.com,Product Manager,Pending,4,22,7,20
Jessica_Dickson,jessica.dickson@example.com,Product Manager,Pending,1,0,25,25
Kyle_Gilbert,kyle.gilbert@example.com,Backend Developer,Pending,13,19,18,2
James_Martin,james.martin@example.com,ML Engineer,Pending,2,19,6,13
Gabriela_Garcia,gabriela.garcia@example.com,Data Analyst,Failed,0,8,4,7
Jennifer_Bryan,jennifer.bryan@example.com,Backend Developer,Pending,10,20,12,6
Jason_Harris,jason.harris@example.com,ML Engineer,Failed,12,0,16,9
Michelle_Hughes,michelle.hughes@example.com,Backend Developer,Failed,8,3,6,21
James_Medina,james.medina@example.com,Backend Developer,Failed,9,2,25,0
Amy_Newton,amy.newton@example.com,ML Engineer,Failed,10,11,7,7
Raymond_Berry,raymond.berry@example.com,Data Analyst,Pending,21,8,15,5
Jessica_Solis,jessica.solis@example.com,Backend Developer,Failed,12,9,15,1
Keith_Byrd,keith.byrd@example.com,Data Analyst,Pending,6,7,12,19
Miguel_Blanchard,miguel.blanchard@example.com,Data Analyst,Failed,24,2,7,5
Katie_Davis,katie.davis@example.com,ML Engineer,Pending,2,23,15,0
Shannon_Leonard,shannon.leonard@example.com,Backend Developer,Passed,6,16,23,17
Bradley_Gilbert,bradley.gilbert@example.com,Backend Developer,Pending,14,0,23,7
Raymond_Franco,raymond.franco@example.com,Backend Developer,Failed,17,11,11,0
Jacob_Morgan,jacob.morgan@example.com,ML Engineer,Failed,6,9,17,0
Danny_Williams,danny.williams@example.com,ML Engineer,Failed,15,3,4,16
Franklin_Gentry,franklin.gentry@example.com,ML Engineer,Pending,18,5,5,25
Rachel_Sweeney,rachel.sweeney@example.com,Data Analyst,Passed,12,17,19,21
Katherine_Gordon,katherine.gordon@example.com,Data Analyst,Pending,13,1,13,19
Thomas_Sullivan,thomas.sullivan@example.com,ML Engineer,Pending,21,21,3,3
Karen_Powers,karen.powers@example.com,Data Analyst,Pending,14,14,10,2
Tanner_Herrera,tanner.herrera@example.com,Backend Developer,Passed,20,10,21,25
Kathy_Duke,kathy.duke@example.com,Data Analyst,Pending,22,23,4,8
Jenny_Kane,jenny.kane@example.com,Product Manager,Pending,4,21,21,12
Joe_Gray,joe.gray@example.com,Backend Developer,Passed,13,25,25,6
Vincent_Anderson,vincent.anderson@example.com,ML Engineer,Failed,9,16,8,2
Alicia_Moore,alicia.moore@example.com,Data Analyst,Passed,25,22,4,15
Kimberly_Reynolds,kimberly.reynolds@example.com,Data Analyst,Pending,21,8,4,12
Michelle_Keith,michelle.keith@example.com,Data Analyst,Pending,14,25,4,8
Makayla_Bonilla,makayla.bonilla@example.com,Backend Developer,Failed,1,4,11,16
Kristin_Armstrong,kristin.armstrong@example.com,Data Analyst,Pending,5,4,19,15
Sarah_Deleon,sarah.deleon@example.com,Data Analyst,Passed,25,22,14,8
Betty_Jackson,betty.jackson@example.com,Data Analyst,Failed,1,3,25,2
Steven_Johnson,steven.johnson@example.com,Product Manager,Failed,5,4,8,8
James_Roman,james.roman@example.com,Backend Developer,Failed,1,13,4,14
Frank_Powell,frank.powell@example.com,Product Manager,Pending,18,11,14,12
Joseph_Garcia,joseph.garcia@example.com,Backend Developer,Passed,24,19,12,15
Nicholas_Gill,nicholas.gill@example.com,Product Manager,Failed,11,8,5,2
James_Stone,james.stone@example.com,Backend Developer,Passed,4,14,21,25
James_Costa,james.costa@example.com,ML Engineer,Pending,1,17,13,10
Katrina_Ramirez,katrina.ramirez@example.com,Data Analyst,Passed,22,19,22,9
Patricia_Lynn,patricia.lynn@example.com,Backend Developer,Pending,23,8,14,0
Heather_Huffman,heather.huffman@example.com,Data Analyst,Pending,7,6,13,17
Brett_Rowland,brett.rowland@example.com,ML Engineer,Pending,16,13,3,8
William_Wright,william.wright@example.com,Data Analyst,Pending,13,5,9,15
Joseph_Ross,joseph.ross@example.com,Product Manager,Pending,8,5,11,25
Pamela_Jackson,pamela.jackson@example.com,Backend Developer,Failed,0,9,3,18
Amy_Berry,amy.berry@example.com,Backend Developer,Pending,13,18,14,4
Maria_Terry,maria.terry@example.com,Product Manager,Failed,11,15,0,7
Taylor_Smith,taylor.smith@example.com,ML Engineer,Failed,8,15,4,6
Justin_Morgan,justin.morgan@example.com,Data Analyst,Passed,12,10,22,19
Drew_Mathis,drew.mathis@example.com,Data Analyst,Pending,19,5,7,10
Mark_Meyers,mark.meyers@example.com,Backend Developer,Pending,14,2,25,11
Julie_Mcclain,julie.mcclain@example.com,ML Engineer,Passed,21,8,8,23
Alan_Brock,alan.brock@example.com,Data Analyst,Passed,21,19,22,14
Jeremy_Massey,jeremy.massey@example.com,Product Manager,Passed,19,18,20,24
Eric_Greene,eric.greene@example.com,Data Analyst,Pending,9,6,23,4
David_Shaffer,david.shaffer@example.com,ML Engineer,Failed,20,9,7,3
Micheal_Townsend,micheal.townsend@example.com,Backend Developer,Pending,11,6,19,10
Kimberly_Merritt,kimberly.merritt@example.com,ML Engineer,Pending,17,6,15,13
Michael_Lucas,michael.lucas@example.com,ML Engineer,Failed,12,2,21,0
Dawn_Johnson,dawn.johnson@example.com,ML Engineer,Failed,8,1,11,18
Jeffery_Greer,jeffery.greer@example.com,Backend Developer,Pending,13,8,16,20
Angela_Wall,angela.wall@example.com,Data Analyst,Passed,11,22,17,13
Tara_Hinton,tara.hinton@example.com,Data Analyst,Passed,13,14,23,16
Andrew_Wolf,andrew.wolf@example.com,Backend Developer,Pending,18,10,9,16
Sean_Lewis,sean.lewis@example.com,Data Analyst,Pending,0,15,25,19
Emily_Bauer,emily.bauer@example.com,Backend Developer,Failed,10,0,12,3
Jerry_Romero,jerry.romero@example.com,Data Analyst,Passed,17,9,24,14
Jimmy_Horton,jimmy.horton@example.com,Backend Developer,Pending,24,7,9,13
Matthew_Rasmussen,matthew.rasmussen@example.com,Backend Developer,Failed,7,0,6,10
George_Woods,george.woods@example.com,ML Engineer,Pending,6,9,23,2
Heather_Taylor,heather.taylor@example.com,Product Manager,Pending,17,15,16,4
Frank_Wilson,frank.wilson@example.com,Data Analyst,Failed,7,16,3,11
Patrick_Bailey,patrick.bailey@example.com,Data Analyst,Pending,21,14,5,7
Sean_Edwards,sean.edwards@example.com,Backend Developer,Pending,5,4,9,23
Erica_Thompson,erica.thompson@example.com,Backend Developer,Pending,0,14,11,20
David_Gray,david.gray@example.com,Data Analyst,Failed,20,3,3,12
Chase_Lee,chase.lee@example.com,Product Manager,Failed,2,14,15,1
Gary_Cole,gary.cole@example.com,Product Manager,Failed,8,10,4,14
Jennifer_Dalton,jennifer.dalton@example.com,ML Engineer,Passed,21,20,23,10
Elizabeth_Jensen,elizabeth.jensen@example.com,ML Engineer,Pending,25,11,14,8
Cheryl_Lee,cheryl.lee@example.com,Backend Developer,Failed,5,12,1,2
Denise_Jones,denise.jones@example.com,Backend Developer,Pending,20,13,11,5
Jose_White,jose.white@example.com,Backend Developer,Failed,1,16,9,0
Kaitlyn_Anderson,kaitlyn.anderson@example.com,ML Engineer,Passed,9,18,18,21
William_Henry,william.henry@example.com,Backend Developer,Passed,19,18,18,15
John_Hunt,john.hunt@example.com,Product Manager,Failed,5,24,5,5
Corey_Mccarthy,corey.mccarthy@example.com,ML Engineer,Failed,5,18,3,9
Ricky_Ward,ricky.ward@example.com,Backend Developer,Passed,5,22,21,20
Marcus_Ward,marcus.ward@example.com,Data Analyst,Passed,15,6,24,24
Joseph_Graves,joseph.graves@example.com,ML Engineer,Passed,15,25,24,14
Christopher_Dalton,christopher.dalton@example.com,Backend Developer,Failed,1,11,3,0
Andrew_Jackson,andrew.jackson@example.com,ML Engineer,Pending,5,3,22,16
Jennifer_Ellis,jennifer.ellis@example.com,Backend Developer,Failed,6,3,19,5
Jamie_Woodward,jamie.woodward@example.com,Data Analyst,Passed,16,8,20,24
Andres_Thomas,andres.thomas@example.com,ML Engineer,Failed,7,0,12,20
Kenneth_Hardy,kenneth.hardy@example.com,Backend Developer,Failed,4,19,5,8
William_Williams,william.williams@example.com,Data Analyst,Failed,9,2,5,22
James_White,james.white@example.com,Backend Developer,Passed,22,16,25,20
Ashley_Flores,ashley.flores@example.com,ML Engineer,Pending,3,18,25,7
Gina_Shaw,gina.shaw@example.com,Product Manager,Passed,14,24,21,13
Brenda_Yang,brenda.yang@example.com,Data Analyst,Pending,12,4,22,4
Olivia_Baird,olivia.baird@example.com,Product Manager,Pending,2,13,25,6
Timothy_Scott,timothy.scott@example.com,ML Engineer,Failed,18,5,4,5
Elizabeth_Soto,elizabeth.soto@example.com,Data Analyst,Pending,5,18,15,14
Leslie_Rivera,leslie.rivera@example.com,Product Manager,Pending,6,21,14,0
Michelle_Hernandez,michelle.hernandez@example.com,Data Analyst,Failed,5,12,7,8
Tonya_Wallace,tonya.wallace@example.com,Data Analyst,Pending,21,10,13,0
Tyler_Chambers,tyler.chambers@example.com,Data Analyst,Failed,3,0,4,11
Chad_Jones,chad.jones@example.com,Product Manager,Passed,9,17,25,24
David_Roberts,david.roberts@example.com,Data Analyst,Failed,6,0,13,12
Diana_Daniel,diana.daniel@example.com,Backend Developer,Failed,24,0,4,1
Travis_Patton,travis.patton@example.com,ML Engineer,Passed,25,6,18,13
Henry_Benson,henry.benson@example.com,ML Engineer,Pending,14,20,1,21
Leslie_Wood,leslie.wood@example.com,ML Engineer,Pending,0,18,24,7
Haley_Griffin,haley.griffin@example.com,Backend Developer,Pending,13,14,12,12
Jose_Pugh,jose.pugh@example.com,Backend Developer,Passed,13,13,24,16
Darren_Simon,darren.simon@example.com,Data Analyst,Passed,5,18,24,16
Nicole_Klein,nicole.klein@example.com,Product Manager,Passed,17,18,18,16
Robert_Joseph,robert.joseph@example.com,Data Analyst,Passed,13,22,16,19
Patricia_Burns,patricia.burns@example.com,ML Engineer,Failed,5,5,21,0
Henry_Cisneros,henry.cisneros@example.com,Product Manager,Passed,25,18,14,9
Victoria_Jones,victoria.jones@example.com,Product Manager,Failed,4,0,10,12
Mark_Harris,mark.harris@example.com,Backend Developer,Failed,2,10,14,1
Charles_Villarreal,charles.villarreal@example.com,Data Analyst,Failed,1,17,8,11
Heather_Sims,heather.sims@example.com,ML Engineer,Pending,8,9,19,20
Lori_Webb,lori.webb@example.com,Backend Developer,Pending,13,12,23,8
Angela_Simmons,angela.simmons@example.com,Product Manager,Pending,3,19,10,15
Lisa_Olson,lisa.olson@example.com,ML Engineer,Failed,9,2,16,10
Paul_Gonzalez,paul.gonzalez@example.com,ML Engineer,Passed,20,18,25,20
Christine_Shaw,christine.shaw@example.com,Product Manager,Passed,25,25,11,6
Timothy_Bullock,timothy.bullock@example.com,Backend Developer,Pending,18,8,6,17
Charles_Adams,charles.adams@example.com,ML Engineer,Passed,19,5,25,25
Harold_Wright,harold.wright@example.com,Backend Developer,Passed,20,25,24,5
Michele_Hopkins,michele.hopkins@example.com,Backend Developer,Pending,11,5,19,10
Thomas_Rodriguez,thomas.rodriguez@example.com,ML Engineer,Pending,19,21,10,7
Jodi_Smith,jodi.smith@example.com,ML Engineer,Pending,12,14,2,13
Joshua_Snyder,joshua.snyder@example.com,Backend Developer,Failed,5,6,2,13
Bianca_Davis,bianca.davis@example.com,Backend Developer,Passed,20,16,9,16
Margaret_Mccormick,margaret.mccormick@example.com,Data Analyst,Passed,25,10,1,24
Mark_Franklin,mark.franklin@example.com,Backend Developer,Passed,7,19,14,25
Susan_Hodges,susan.hodges@example.com,Backend Developer,Pending,25,1,16,16
Jessica_Lambert,jessica.lambert@example.com,Backend Developer,Passed,25,25,8,22
Christian_Hunt,christian.hunt@example.com,Data Analyst,Failed,15,2,10,9
Kimberly_Alvarez,kimberly.alvarez@example.com,ML Engineer,Pending,13,1,20,21
Kristina_Sanders,kristina.sanders@example.com,Product Manager,Pending,24,9,10,4
Roy_Lewis,roy.lewis@example.com,Data Analyst,Failed,13,13,3,1
Harold_Arnold,harold.arnold@example.com,Data Analyst,Failed,2,1,7,6
Brandi_Davis,brandi.davis@example.com,Backend Developer,Passed,25,17,19,21
Ray_Gomez,ray.gomez@example.com,Product Manager,Pending,11,9,22,10
Clifford_Scott,clifford.scott@example.com,Data Analyst,Failed,13,15,7,3
Anna_Weiss,anna.weiss@example.com,Data Analyst,Passed,24,15,8,22
Cheryl_Wright,cheryl.wright@example.com,ML Engineer,Pending,14,7,22,2
Hunter_Vazquez,hunter.vazquez@example.com,Product Manager,Pending,20,22,7,5
Stephanie_David,stephanie.david@example.com,Data Analyst,Failed,0,20,13,1
Pamela_Tate,pamela.tate@example.com,Backend Developer,Failed,12,19,0,2
Michael_Carter,michael.carter@example.com,ML Engineer,Passed,25,23,24,18
Rhonda_Garrett,rhonda.garrett@example.com,Backend Developer,Failed,7,2,9,4
David_Ford,david.ford@example.com,Backend Developer,Failed,10,0,15,6
Nicholas_Curtis,nicholas.curtis@example.com,Product Manager,Pending,5,17,21,4
Lisa_Cruz,lisa.cruz@example.com,Product Manager,Pending,11,20,6,20
Kimberly_Dodson,kimberly.dodson@example.com,ML Engineer,Pending,25,4,3,18
Michelle_Gilbert,michelle.gilbert@example.com,Product Manager,Passed,24,20,25,23
Kiara_Mcbride,kiara.mcbride@example.com,Product Manager,Pending,15,22,7,12
Sharon_Turner,sharon.turner@example.com,ML Engineer,Pending,20,5,8,11
William_Delacruz,william.delacruz@example.com,Data Analyst,Pending,0,5,17,24
Melissa_Bailey,melissa.bailey@example.com,Backend Developer,Pending,20,3,21,13
Patricia_Huff,patricia.huff@example.com,Data Analyst,Pending,11,4,20,15
Lydia_Cruz,lydia.cruz@example.com,Backend Developer,Failed,6,13,3,15
Renee_Shelton,renee.shelton@example.com,Product Manager,Pending,16,20,16,2
Stacey_Martin,stacey.martin@example.com,ML Engineer,Pending,4,11,22,6
Billy_Park,billy.park@example.com,Product Manager,Pending,6,16,11,14
Daniel_Caldwell,daniel.caldwell@example.com,Product Manager,Pending,10,15,11,5
Veronica_Rivas,veronica.rivas@example.com,Product Manager,Pending,0,24,10,21
Edward_King,edward.king@example.com,Backend Developer,Pending,1,22,16,19
Nicole_Smith,nicole.smith@example.com,Data Analyst,Pending,4,14,6,17
Heather_Castillo,heather.castillo@example.com,Data Analyst,Failed,2,3,19,5
Bethany_Ray,bethany.ray@example.com,ML Engineer,Passed,6,15,24,19
David_Wells,david.wells@example.com,Product Manager,Pending,20,13,10,4
Jeremiah_Gomez,jeremiah.gomez@example.com,Backend Developer,Pending,23,2,16,12
Amy_Mendez,amy.mendez@example.com,Product Manager,Pending,16,2,8,23
Jon_Callahan,jon.callahan@example.com,Data Analyst,Passed,19,2,20,25
Ellen_Gross,ellen.gross@example.com,Data Analyst,Pending,24,4,6,23
Kevin_Wright,kevin.wright@example.com,Data Analyst,Pending,6,9,20,14
James_Hudson,james.hudson@example.com,Data Analyst,Passed,14,21,19,21
Rose_Rivas,rose.rivas@example.com,Product Manager,Pending,13,12,5,19
Christopher_Thomas,christopher.thomas@example.com,ML Engineer,Passed,20,12,5,25
Meagan_Gilbert,meagan.gilbert@example.com,ML Engineer,Pending,22,9,15,3
Bryan_Harris,bryan.harris@example.com,Backend Developer,Pending,12,25,12,8
Jennifer_Lopez,jennifer.lopez@example.com,Product Manager,Pending,19,15,16,7
Jacob_Howard,jacob.howard@example.com,Product Manager,Pending,2,7,20,11
Jared_Crosby,jared.crosby@example.com,Backend Developer,Pending,7,23,4,23
Carol_Carey,carol.carey@example.com,Product Manager,Pending,0,17,15,14
Theresa_Mitchell,theresa.mitchell@example.com,ML Engineer,Passed,6,18,15,24
Carol_Simmons,carol.simmons@example.com,Data Analyst,Pending,6,15,7,15
Carla_Washington,carla.washington@example.com,Product Manager,Pending,6,8,15,20
Jared_Cross,jared.cross@example.com,Backend Developer,Pending,3,25,4,22
James_Bailey,james.bailey@example.com,Data Analyst,Pending,0,11,16,19
Debra_Downs,debra.downs@example.com,Data Analyst,Passed,2,17,20,21
Brian_Rogers,brian.rogers@example.com,ML Engineer,Passed,15,6,22,20
Elizabeth_Sherman,elizabeth.sherman@example.com,Backend Developer,Pending,19,5,22,1
Julia_Walker,julia.walker@example.com,ML Engineer,Pending,24,16,5,1
Anita_Reid,anita.reid@example.com,Backend Developer,Pending,21,4,2,20
Lee_Watson,lee.watson@example.com,Product Manager,Passed,4,21,23,22
Michael_Delgado,michael.delgado@example.com,ML Engineer,Pending,14,14,17,4
Gabriel_Cox,gabriel.cox@example.com,Backend Developer,Passed,5,23,10,25
Edward_Kelly,edward.kelly@example.com,Backend Developer,Passed,10,20,22,19
Brian_Diaz,brian.diaz@example.com,Product Manager,Pending,3,16,21,11
Mark_Aguilar,mark.aguilar@example.com,Backend Developer,Pending,10,21,24,0
Erica_Marsh,erica.marsh@example.com,Backend Developer,Failed,11,6,3,8
Brent_Miranda,brent.miranda@example.com,Backend Developer,Pending,11,21,15,9
Karen_Hamilton,karen.hamilton@example.com,ML Engineer,Failed,8,4,5,22
Rebecca_Stewart,rebecca.stewart@example.com,Product Manager,Pending,10,5,16,10
Amanda_Barrera,amanda.barrera@example.com,Backend Developer,Failed,5,11,1,12
Susan_Pope,susan.pope@example.com,Data Analyst,Pending,6,0,10,25
Amanda_Garcia,amanda.garcia@example.com,Data Analyst,Pending,5,21,15,6
Anna_Chandler,anna.chandler@example.com,Product Manager,Passed,24,4,24,22
Tonya_Morgan,tonya.morgan@example.com,ML Engineer,Failed,7,17,0,15
Vanessa_Young,vanessa.young@example.com,Product Manager,Failed,1,11,10,14
Tara_Holmes,tara.holmes@example.com,Product Manager,Pending,19,11,14,9
Cody_Weber,cody.weber@example.com,Backend Developer,Pending,18,24,7,8
Zachary_Jones,zachary.jones@example.com,Backend Developer,Pending,7,18,15,4
Laura_Armstrong,laura.armstrong@example.com,Backend Developer,Pending,15,2,19,6
Olivia_Moreno,olivia.moreno@example.com,Product Manager,Passed,23,10,25,23
Michele_Morris,michele.morris@example.com,Backend Developer,Failed,9,10,9,3
Joseph_Welch,joseph.welch@example.com,Product Manager,Passed,7,25,15,22
Hannah_Mcbride,hannah.mcbride@example.com,Backend Developer,Pending,18,0,19,15
Julie_Green,julie.green@example.com,Data Analyst,Failed,8,19,0,11
Sheila_Hernandez,sheila.hernandez@example.com,ML Engineer,Failed,0,8,21,9
Shawn_Price,shawn.price@example.com,Data Analyst,Pending,20,12,12,6
Lisa_Roberts,lisa.roberts@example.com,Data Analyst,Pending,8,9,21,14
Kenneth_Anderson,kenneth.anderson@example.com,Data Analyst,Pending,2,16,16,21
Michael_Dodson,michael.dodson@example.com,Backend Developer,Pending,24,7,0,14
Andrea_Atkinson,andrea.atkinson@example.com,Backend Developer,Pending,22,20,15,0
Jared_Morris,jared.morris@example.com,Product Manager,Failed,2,24,7,2
Amber_Hutchinson,amber.hutchinson@example.com,ML Engineer,Passed,25,22,20,19
Charles_Brooks,charles.brooks@example.com,Product Manager,Pending,10,12,15,4
Robert_Hawkins,robert.hawkins@example.com,Data Analyst,Pending,21,13,4,13
Jacqueline_Kaiser,jacqueline.kaiser@example.com,Backend Developer,Pending,17,17,16,7
Angela_Craig,angela.craig@example.com,Backend Developer,Pending,22,5,8,21
Robert_Mckinney,robert.mckinney@example.com,Backend Developer,Failed,14,4,5,1
Amy_Brown,amy.brown@example.com,Data Analyst,Failed,2,1,6,4
Ryan_Gonzalez,ryan.gonzalez@example.com,Product Manager,Pending,2,7,19,13
Felicia_Mercado,felicia.mercado@example.com,ML Engineer,Pending,15,17,3,19
Heather_Nunez,heather.nunez@example.com,Product Manager,Failed,7,11,12,8
Julie_Archer,julie.archer@example.com,Data Analyst,Pending,5,16,14,11
Kathryn_Powers,kathryn.powers@example.com,Product Manager,Passed,10,19,24,18
Debra_Roberts,debra.roberts@example.com,ML Engineer,Failed,15,4,9,3
Bryan_Davis,bryan.davis@example.com,ML Engineer,Failed,9,3,10,3
Jessica_Barber,jessica.barber@example.com,Data Analyst,Pending,25,11,2,10
Johnny_Medina,johnny.medina@example.com,ML Engineer,Pending,12,5,13,17
Alyssa_Johnson,alyssa.johnson@example.com,Backend Developer,Pending,8,0,22,10
Stacie_Snyder,stacie.snyder@example.com,Data Analyst,Failed,0,9,0,17
Charles_Franklin,charles.franklin@example.com,Data Analyst,Failed,21,15,3,0
Catherine_Garcia,catherine.garcia@example.com,Data Analyst,Passed,20,8,18,14
Kaitlin_White,kaitlin.white@example.com,Backend Developer,Passed,12,14,20,20
Samantha_Nelson,samantha.nelson@example.com,Data Analyst,Pending,10,1,21,16
Daniel_Lewis,daniel.lewis@example.com,Data Analyst,Failed,7,5,6,21
Douglas_Ryan,douglas.ryan@example.com,ML Engineer,Passed,22,7,25,6
William_Garcia,william.garcia@example.com,Product Manager,Passed,13,15,25,23
Robert_Sullivan,robert.sullivan@example.com,ML Engineer,Pending,7,4,15,25
Jeffrey_Mason,jeffrey.mason@example.com,Data Analyst,Pending,24,8,1,11
Ryan_Reyes,ryan.reyes@example.com,Data Analyst,Failed,8,25,1,1
Rachel_Martin,rachel.martin@example.com,Product Manager,Failed,17,7,9,2
Samantha_Bennett,samantha.bennett@example.com,Backend Developer,Pending,0,25,12,4
Amy_Marsh,amy.marsh@example.com,ML Engineer,Pending,18,13,18,8
Brittany_Coleman,brittany.coleman@example.com,Data Analyst,Pending,21,13,19,3
Thomas_Obrien,thomas.obrien@example.com,Backend Developer,Pending,3,23,4,23
Danielle_Hoover,danielle.hoover@example.com,Backend Developer,Pending,13,9,19,14
Maureen_Wood,maureen.wood@example.com,Data Analyst,Failed,18,9,0,12
Anne_Hicks,anne.hicks@example.com,Backend Developer,Pending,9,24,20,1
Laura_Joseph,laura.joseph@example.com,Product Manager,Pending,12,10,7,23
Shelby_Wilson,shelby.wilson@example.com,Backend Developer,Pending,23,1,15,16
Kimberly_Dougherty,kimberly.dougherty@example.com,Product Manager,Passed,8,21,25,14
Connie_Robertson,connie.robertson@example.com,Backend Developer,Passed,16,23,15,16
Joshua_Morse,joshua.morse@example.com,Backend Developer,Pending,14,24,8,5
John_Robinson,john.robinson@example.com,Product Manager,Failed,0,24,5,9
Charles_Cruz,charles.cruz@example.com,Data Analyst,Passed,20,14,20,7
Lori_Barrett,lori.barrett@example.com,Product Manager,Pending,10,14,17,0
Logan_Ingram,logan.ingram@example.com,Data Analyst,Failed,1,25,5,1
Veronica_Mills,veronica.mills@example.com,Data Analyst,Passed,13,17,23,9
Michael_Chase,michael.chase@example.com,Product Manager,Passed,19,24,17,18
Joshua_Marks,joshua.marks@example.com,ML Engineer,Passed,6,13,21,23
John_Schultz,john.schultz@example.com,Backend Developer,Pending,10,7,19,22
Danielle_Franco,danielle.franco@example.com,Backend Developer,Pending,9,5,16,19
Rhonda_Foster,rhonda.foster@example.com,Product Manager,Pending,6,23,2,14
Andrew_Jennings,andrew.jennings@example.com,Data Analyst,Passed,24,16,11,9
Rebecca_Sosa,rebecca.sosa@example.com,Product Manager,Failed,1,11,10,14
Robert_Rose,robert.rose@example.com,ML Engineer,Failed,10,1,8,9
Dylan_Moon,dylan.moon@example.com,Product Manager,Failed,12,2,5,6
Matthew_Gibson,matthew.gibson@example.com,Backend Developer,Failed,11,3,3,2
Justin_Castro,justin.castro@example.com,Product Manager,Pending,6,6,18,20
Jordan_Wells,jordan.wells@example.com,Backend Developer,Pending,4,8,3,25
Charles_Waters,charles.waters@example.com,ML Engineer,Passed,24,19,7,13
Brenda_Wheeler,brenda.wheeler@example.com,Data Analyst,Passed,21,24,5,11
Kenneth_Santiago,kenneth.santiago@example.com,Product Manager,Pending,5,24,7,11
Michael_Miller,michael.miller@example.com,Product Manager,Failed,5,0,5,4
Ariana_Mason,ariana.mason@example.com,Data Analyst,Pending,8,23,2,7
Ian_Davis,ian.davis@example.com,Backend Developer,Passed,23,19,15,11
Henry_Mann,henry.mann@example.com,Data Analyst,Pending,15,2,24,17
Javier_Roberts,javier.roberts@example.com,Product Manager,Failed,9,0,0,13
George_Larson,george.larson@example.com,Product Manager,Passed,13,22,17,19
Brian_Harvey,brian.harvey@example.com,Backend Developer,Passed,15,13,23,20
Debra_Smith,debra.smith@example.com,Backend Developer,Pending,18,8,20,2
Nathan_Warner,nathan.warner@example.com,Backend Developer,Pending,6,13,11,11
Pamela_Turner,pamela.turner@example.com,Product Manager,Passed,16,21,22,24
Laura_Robinson,laura.robinson@example.com,Data Analyst,Failed,8,7,4,2
Jennifer_Serrano,jennifer.serrano@example.com,Product Manager,Failed,3,11,16,4
Stephanie_Harrison,stephanie.harrison@example.com,ML Engineer,Pending,9,13,11,20
Thomas_Potts,thomas.potts@example.com,Backend Developer,Failed,11,16,0,0
Sherry_Roberson,sherry.roberson@example.com,Backend Developer,Passed,20,25,21,22
Kathy_Wilson,kathy.wilson@example.com,ML Engineer,Passed,24,24,6,19
Daniel_Sharp,daniel.sharp@example.com,ML Engineer,Passed,19,18,8,23
Thomas_Ayala,thomas.ayala@example.com,Product Manager,Pending,21,8,9,8
Andrea_Robinson,andrea.robinson@example.com,Product Manager,Passed,15,15,6,24
Craig_Diaz,craig.diaz@example.com,ML Engineer,Failed,11,1,0,6
Duane_Martin,duane.martin@example.com,Product Manager,Failed,9,2,4,7
Kenneth_Wilcox,kenneth.wilcox@example.com,ML Engineer,Failed,18,3,7,8
Joyce_Griffin,joyce.griffin@example.com,Backend Developer,Failed,13,5,9,2
John_Ford,john.ford@example.com,Product Manager,Pending,20,7,5,20
Patrick_Schneider,patrick.schneider@example.com,Data Analyst,Passed,20,16,11,21
Sarah_Schwartz,sarah.schwartz@example.com,ML Engineer,Pending,1,2,18,21
Charles_Washington,charles.washington@example.com,Backend Developer,Pending,25,23,0,5
Ronnie_Morales,ronnie.morales@example.com,ML Engineer,Pending,11,21,3,20
Rhonda_Cole,rhonda.cole@example.com,Data Analyst,Pending,12,0,19,12
Alan_King,alan.king@example.com,Data Analyst,Pending,18,8,8,8
Shirley_Douglas,shirley.douglas@example.com,ML Engineer,Pending,11,12,16,9
Erin_Patel,erin.patel@example.com,Product Manager,Pending,18,15,4,6
William_Meyer,william.meyer@example.com,ML Engineer,Pending,24,11,0,22
Mark_Griffin,mark.griffin@example.com,Product Manager,Pending,0,23,16,20
Sandra_Velasquez,sandra.velasquez@example.com,ML Engineer,Passed,22,16,22,11
Cindy_Hawkins,cindy.hawkins@example.com,ML Engineer,Pending,20,11,17,6
Gregory_Wang,gregory.wang@example.com,ML Engineer,Pending,6,11,19,18
Casey_Schroeder,casey.schroeder@example.com,Product Manager,Pending,16,10,10,19
Alyssa_Levy,alyssa.levy@example.com,Data Analyst,Failed,6,3,8,1
Christina_Rice,christina.rice@example.com,Data Analyst,Pending,20,15,10,7
Joe_Jensen,joe.jensen@example.com,ML Engineer,Pending,13,10,18,13
Julia_Cain,julia.cain@example.com,ML Engineer,Passed,23,11,20,12
Bruce_Gibson,bruce.gibson@example.com,ML Engineer,Failed,3,10,21,2
Troy_Burns,troy.burns@example.com,Product Manager,Failed,4,0,4,16
Amanda_Lane,amanda.lane@example.com,ML Engineer,Pending,11,16,24,2
Vanessa_Jensen,vanessa.jensen@example.com,Backend Developer,Failed,5,22,8,3
Lisa_Hoffman,lisa.hoffman@example.com,Backend Developer,Failed,0,11,22,5
Carlos_Santiago,carlos.santiago@example.com,Backend Developer,Passed,23,13,21,9
Rebecca_Payne,rebecca.payne@example.com,Backend Developer,Pending,17,4,11,18
Courtney_Cunningham,courtney.cunningham@example.com,Backend Developer,Failed,8,14,12,1
Erik_Owens,erik.owens@example.com,Product Manager,Pending,6,10,20,19
Steven_Kim,steven.kim@example.com,ML Engineer,Pending,13,7,8,19
Cynthia_Ellis,cynthia.ellis@example.com,Backend Developer,Pending,4,18,8,18
Sarah_Bennett,sarah.bennett@example.com,Product Manager,Pending,18,16,7,15
William_Woods,william.woods@example.com,ML Engineer,Pending,9,22,1,15
Timothy_Smith,timothy.smith@example.com,Backend Developer,Failed,1,4,6,19
Thomas_Mccarty,thomas.mccarty@example.com,Backend Developer,Pending,12,14,16,10
Jeff_Flores,jeff.flores@example.com,Data Analyst,Pending,12,20,5,18
Jonathan_Miller,jonathan.miller@example.com,ML Engineer,Failed,5,4,15,13
Kristy_Fuller,kristy.fuller@example.com,ML Engineer,Passed,16,21,16,22
Donna_Adams,donna.adams@example.com,Product Manager,Failed,18,1,12,7
Dylan_Cummings,dylan.cummings@example.com,Backend Developer,Passed,16,23,7,25
Michael_Smith,michael.smith@example.com,ML Engineer,Passed,18,18,13,24
Kenneth_Hoffman,kenneth.hoffman@example.com,ML Engineer,Pending,9,9,16,17
Michael_Suarez,michael.suarez@example.com,Product Manager,Failed,19,3,2,3
Elizabeth_Perkins,elizabeth.perkins@example.com,Backend Developer,Pending,2,17,24,12
Dana_Martin,dana.martin@example.com,Data Analyst,Pending,24,0,13,4
Michael_Morales,michael.morales@example.com,Backend Developer,Failed,10,5,5,6
Jason_Thompson,jason.thompson@example.com,Product Manager,Failed,1,2,8,8
Allison_Carter,allison.carter@example.com,Data Analyst,Passed,0,21,19,20
Geoffrey_Jennings,geoffrey.jennings@example.com,Backend Developer,Passed,16,25,19,8
Robert_Lewis,robert.lewis@example.com,Backend Developer,Pending,20,21,16,2
Kim_Lewis,kim.lewis@example.com,Backend Developer,Pending,16,3,22,2
Jessica_Mccoy,jessica.mccoy@example.com,Product Manager,Passed,18,2,24,21
Jeffrey_Walker,jeffrey.walker@example.com,Backend Developer,Pending,2,20,7,25
Ariana_Smith,ariana.smith@example.com,Product Manager,Pending,19,2,10,25
Travis_Austin,travis.austin@example.com,Data Analyst,Pending,12,11,20,7
Alisha_Rosales,alisha.rosales@example.com,Backend Developer,Pending,6,13,12,16
Nicole_Wilson,nicole.wilson@example.com,Backend Developer,Failed,2,1,18,3
Katherine_Mcdaniel,katherine.mcdaniel@example.com,Backend Developer,Pending,12,7,19,14
Andrew_Hodges,andrew.hodges@example.com,Backend Developer,Failed,11,5,3,3
Edward_Holder,edward.holder@example.com,Product Manager,Pending,8,24,0,17
Tony_Serrano,tony.serrano@example.com,ML Engineer,Pending,5,21,3,18
John_Schmidt,john.schmidt@example.com,Product Manager,Passed,14,13,22,24
Christine_Thomas,christine.thomas@example.com,ML Engineer,Pending,8,12,14,13
Patricia_Smith,patricia.smith@example.com,Backend Developer,Pending,22,3,21,1
Antonio_James,antonio.james@example.com,Product Manager,Passed,21,21,9,17
John_Peterson,john.peterson@example.com,Product Manager,Passed,22,15,25,7
Mark_Morton,mark.morton@example.com,Backend Developer,Passed,23,3,12,24
John_Bryant,john.bryant@example.com,Product Manager,Pending,24,24,0,3
Allison_Marquez,allison.marquez@example.com,Data Analyst,Passed,18,25,2,25
Mindy_Garrett,mindy.garrett@example.com,Data Analyst,Passed,1,16,25,20
Sheri_Andrews,sheri.andrews@example.com,ML Engineer,Passed,24,21,5,21
Kelsey_Bailey,kelsey.bailey@example.com,ML Engineer,Passed,23,10,11,25
Daniel_Pollard,daniel.pollard@example.com,ML Engineer,Pending,0,15,18,19
Michael_Espinoza,michael.espinoza@example.com,Product Manager,Pending,16,15,7,13
John_Roberts,john.roberts@example.com,ML Engineer,Passed,24,25,22,20
Ryan_Dixon,ryan.dixon@example.com,Data Analyst,Pending,12,12,17,5
Jacob_Hughes,jacob.hughes@example.com,Data Analyst,Failed,0,3,9,19
Kristen_Nguyen,kristen.nguyen@example.com,Backend Developer,Pending,21,16,15,3
Timothy_Davenport,timothy.davenport@example.com,ML Engineer,Pending,13,10,17,9
Morgan_Shelton,morgan.shelton@example.com,ML Engineer,Pending,20,10,12,8
Connie_Ortega,connie.ortega@example.com,ML Engineer,Pending,20,25,8,5
Samantha_Bell,samantha.bell@example.com,Backend Developer,Pending,7,21,12,1
Maria_Robinson,maria.robinson@example.com,Data Analyst,Pending,10,21,24,1
Scott_Manning,scott.manning@example.com,Data Analyst,Pending,14,1,21,4
Marcus_Harris,marcus.harris@example.com,Data Analyst,Pending,3,11,21,17
Shannon_Durham,shannon.durham@example.com,ML Engineer,Pending,23,0,6,12
Christopher_Contreras,christopher.contreras@example.com,Backend Developer,Failed,15,4,1,8
Tammy_Bridges,tammy.bridges@example.com,Product Manager,Failed,3,6,9,10
Samantha_Flynn,samantha.flynn@example.com,ML Engineer,Failed,1,19,2,9
David_Peterson,david.peterson@example.com,Backend Developer,Passed,19,1,18,25
Richard_Ferguson,richard.ferguson@example.com,ML Engineer,Failed,6,7,0,6
Tina_Sanders,tina.sanders@example.com,Product Manager,Passed,15,25,9,22
Michael_Vasquez,michael.vasquez@example.com,Product Manager,Passed,25,14,13,17
Carlos_Contreras,carlos.contreras@example.com,Data Analyst,Pending,24,20,5,3
Jeffery_Bates,jeffery.bates@example.com,ML Engineer,Pending,21,11,11,7
Steven_Harvey,steven.harvey@example.com,ML Engineer,Failed,1,0,8,11
Corey_Miller,corey.miller@example.com,ML Engineer,Pending,6,6,22,15
Donald_Moore,donald.moore@example.com,Backend Developer,Pending,23,19,6,2
Michael_Russo,michael.russo@example.com,Backend Developer,Pending,22,0,23,8
Ryan_Woods,ryan.woods@example.com,ML Engineer,Failed,1,25,0,7
Melissa_Rubio,melissa.rubio@example.com,Backend Developer,Pending,10,13,13,16
Alicia_Larsen,alicia.larsen@example.com,Data Analyst,Passed,13,5,20,22
Jillian_Davis,jillian.davis@example.com,Product Manager,Pending,23,9,4,16
Wendy_Gonzalez,wendy.gonzalez@example.com,ML Engineer,Failed,11,3,3,16
Andrew_Robinson,andrew.robinson@example.com,Backend Developer,Passed,7,20,14,19
William_Medina,william.medina@example.com,ML Engineer,Pending,14,11,15,1
Joseph_Hoffman,joseph.hoffman@example.com,ML Engineer,Pending,2,8,23,18
Jessica_Greene,jessica.greene@example.com,ML Engineer,Pending,12,17,3,16
Mitchell_Jacobson,mitchell.jacobson@example.com,Data Analyst,Pending,12,0,7,24
Rachel_May,rachel.may@example.com,Data Analyst,Failed,3,16,18,1
Laura_Williams,laura.williams@example.com,ML Engineer,Passed,19,22,21,21
Sherry_Taylor,sherry.taylor@example.com,Backend Developer,Failed,0,7,10,5
Dylan_Wilson,dylan.wilson@example.com,Backend Developer,Failed,6,23,1,9
Anna_Bowman,anna.bowman@example.com,Data Analyst,Passed,12,22,17,16
Vincent_Gordon,vincent.gordon@example.com,Data Analyst,Passed,18,25,15,16
Paula_Richard,paula.richard@example.com,Data Analyst,Pending,13,23,3,3
Jessica_Williams,jessica.williams@example.com,ML Engineer,Pending,11,23,5,1
Karen_Owen,karen.owen@example.com,Product Manager,Failed,11,0,5,21
John_Lang,john.lang@example.com,Product Manager,Passed,23,4,22,18
Joshua_Reyes,joshua.reyes@example.com,Data Analyst,Pending,2,24,8,18
Gabriel_Gibson,gabriel.gibson@example.com,ML Engineer,Pending,2,16,21,14
Gina_Kennedy,gina.kennedy@example.com,Data Analyst,Pending,4,18,5,23
Thomas_Boyd,thomas.boyd@example.com,Product Manager,Failed,3,9,0,5
David_Weeks,david.weeks@example.com,Data Analyst,Pending,21,5,4,12
Derek_Vasquez,derek.vasquez@example.com,Data Analyst,Failed,5,9,1,2
Leslie_Flores,leslie.flores@example.com,Backend Developer,Pending,2,15,24,2
Shelby_Carney,shelby.carney@example.com,Backend Developer,Pending,21,3,18,17
Deborah_Norman,deborah.norman@example.com,ML Engineer,Passed,24,21,12,25
Manuel_Hammond,manuel.hammond@example.com,Product Manager,Passed,20,19,4,17
Andrea_Mason,andrea.mason@example.com,Backend Developer,Pending,10,24,21,2
Michael_Newman,michael.newman@example.com,Product Manager,Failed,5,3,25,3
Brittany_Butler,brittany.butler@example.com,Data Analyst,Failed,0,5,9,16
Rhonda_Booker,rhonda.booker@example.com,Backend Developer,Pending,12,12,3,15
Nicholas_Wood,nicholas.wood@example.com,Backend Developer,Pending,11,8,11,11
James_Gonzalez,james.gonzalez@example.com,ML Engineer,Passed,23,15,9,16
Cynthia_Scott,cynthia.scott@example.com,Backend Developer,Pending,22,10,21,5
Elizabeth_Miller,elizabeth.miller@example.com,Backend Developer,Failed,1,4,22,11
Alexandria_Singleton,alexandria.singleton@example.com,Data Analyst,Pending,5,20,14,4
Ronnie_Ibarra,ronnie.ibarra@example.com,ML Engineer,Pending,10,21,13,0
Mark_Ellis,mark.ellis@example.com,Product Manager,Failed,13,2,6,6
Mary_Rhodes,mary.rhodes@example.com,ML Engineer,Passed,20,22,12,10
Carrie_Wood,carrie.wood@example.com,Backend Developer,Pending,14,8,23,1
Robert_George,robert.george@example.com,ML Engineer,Pending,1,21,20,5
Keith_Hall,keith.hall@example.com,Product Manager,Failed,11,8,0,5
James_Hansen,james.hansen@example.com,Data Analyst,Passed,25,19,18,19
Shelly_Maldonado,shelly.maldonado@example.com,Product Manager,Failed,0,15,0,0
Ryan_Smith,ryan.smith@example.com,Product Manager,Pending,15,10,10,15
Timothy_Roberts,timothy.roberts@example.com,ML Engineer,Pending,3,16,16,13
Christopher_Grant,christopher.grant@example.com,ML Engineer,Failed,0,15,11,8
Tonya_Haynes,tonya.haynes@example.com,Data Analyst,Pending,21,1,6,18
Ashley_Taylor,ashley.taylor@example.com,Product Manager,Failed,0,12,3,10
Melissa_Pratt,melissa.pratt@example.com,Data Analyst,Passed,13,24,25,6
Timothy_Cummings,timothy.cummings@example.com,Data Analyst,Passed,20,22,21,9
Jose_Mitchell,jose.mitchell@example.com,Backend Developer,Pending,13,6,7,15
Danielle_Green,danielle.green@example.com,ML Engineer,Pending,24,4,1,17
Pamela_Dickerson,pamela.dickerson@example.com,Backend Developer,Pending,0,16,17,22
Tonya_Clark,tonya.clark@example.com,Backend Developer,Passed,4,23,15,23
Megan_Gray,megan.gray@example.com,Backend Developer,Failed,4,10,19,3
Joshua_Collins,joshua.collins@example.com,Data Analyst,Pending,6,13,22,0
Megan_Williams,megan.williams@example.com,Data Analyst,Failed,1,3,10,18
Jesse_Miles,jesse.miles@example.com,ML Engineer,Pending,25,7,10,5
Jill_Hernandez,jill.hernandez@example.com,ML Engineer,Pending,22,4,17,7
Erin_Lee,erin.lee@example.com,Backend Developer,Failed,9,18,0,0
James_Moyer,james.moyer@example.com,ML Engineer,Pending,24,19,2,11
Travis_Drake,travis.drake@example.com,ML Engineer,Pending,1,8,20,15
Jasmin_Hudson,jasmin.hudson@example.com,Product Manager,Pending,15,24,3,11
Nicole_Conner,nicole.conner@example.com,Backend Developer,Pending,6,17,22,5
Louis_Mcdonald,louis.mcdonald@example.com,ML Engineer,Failed,14,2,16,5
Brian_Hill,brian.hill@example.com,Product Manager,Passed,22,17,19,5
Jennifer_Potter,jennifer.potter@example.com,Backend Developer,Passed,10,15,14,25
Derek_Scott,derek.scott@example.com,Backend Developer,Pending,21,9,21,4
Christina_Taylor,christina.taylor@example.com,Product Manager,Failed,8,19,5,6
Jeremy_Cardenas,jeremy.cardenas@example.com,Backend Developer,Passed,25,14,8,21
Nicole_Davis,nicole.davis@example.com,ML Engineer,Pending,21,1,9,11
Marie_Hernandez,marie.hernandez@example.com,ML Engineer,Failed,0,5,11,0
Madeline_Oneal,madeline.oneal@example.com,ML Engineer,Passed,24,18,1,17
Ethan_Joseph,ethan.joseph@example.com,Data Analyst,Failed,15,12,1,1
Joan_Martin,joan.martin@example.com,Backend Developer,Pending,20,20,15,4
Meagan_Ford,meagan.ford@example.com,Backend Developer,Failed,1,9,7,19
William_Esparza,william.esparza@example.com,Data Analyst,Passed,11,24,15,24
Robert_Lopez,robert.lopez@example.com,Data Analyst,Passed,2,24,24,17
Ryan_Mckay,ryan.mckay@example.com,ML Engineer,Pending,18,16,18,3
Gerald_Bailey,gerald.bailey@example.com,ML Engineer,Pending,9,2,15,24
Katrina_Nguyen,katrina.nguyen@example.com,Product Manager,Passed,25,24,11,11
Todd_Thomas,todd.thomas@example.com,Product Manager,Pending,6,23,22,2
Alexander_Robinson,alexander.robinson@example.com,Product Manager,Failed,10,0,14,8
Tracy_Thomas,tracy.thomas@example.com,ML Engineer,Pending,19,3,18,11
Heidi_Ellis,heidi.ellis@example.com,Backend Developer,Pending,7,21,12,2
George_Horn,george.horn@example.com,ML Engineer,Failed,15,4,2,15
Cynthia_White,cynthia.white@example.com,Data Analyst,Passed,25,16,19,24
Sandra_Carney,sandra.carney@example.com,Product Manager,Pending,9,21,3,25
Tiffany_Shannon,tiffany.shannon@example.com,ML Engineer,Failed,14,0,9,13
Stephen_Diaz,stephen.diaz@example.com,Data Analyst,Failed,1,0,13,9
Amanda_Bean,amanda.bean@example.com,Product Manager,Pending,18,6,23,7
Jacob_Clark,jacob.clark@example.com,ML Engineer,Passed,23,20,3,20
Adam_Palmer,adam.palmer@example.com,Product Manager,Pending,23,13,3,15
Sarah_Coleman,sarah.coleman@example.com,ML Engineer,Pending,11,4,7,21
Rhonda_Morgan,rhonda.morgan@example.com,Product Manager,Passed,25,21,3,20
Alexander_Martinez,alexander.martinez@example.com,Backend Developer,Pending,1,23,17,11
Melinda_Maxwell,melinda.maxwell@example.com,Backend Developer,Pending,2,23,7,14
Rebecca_Roberts,rebecca.roberts@example.com,Backend Developer,Passed,24,9,20,19
Mary_Cooper,mary.cooper@example.com,ML Engineer,Pending,15,2,22,20
Leslie_Dixon,leslie.dixon@example.com,ML Engineer,Pending,1,16,6,19
Isabella_Martinez,isabella.martinez@example.com,Backend Developer,Pending,18,17,0,16
Leslie_Reyes,leslie.reyes@example.com,Data Analyst,Passed,7,19,21,22
Andrew_Gilbert,andrew.gilbert@example.com,Product Manager,Passed,13,25,4,25
Jennifer_Harris,jennifer.harris@example.com,Product Manager,Pending,8,5,15,21
David_Henry,david.henry@example.com,Product Manager,Failed,8,1,8,14
Jose_Scott,jose.scott@example.com,Backend Developer,Passed,20,24,25,21
Kevin_Willis,kevin.willis@example.com,Backend Developer,Pending,25,23,1,3
Ashlee_Park,ashlee.park@example.com,Backend Developer,Pending,21,6,24,6
Michelle_Davis,michelle.davis@example.com,Data Analyst,Pending,9,13,0,23
Douglas_Hart,douglas.hart@example.com,ML Engineer,Pending,21,21,6,0
David_Luna,david.luna@example.com,ML Engineer,Pending,17,5,21,10
Amanda_Cobb,amanda.cobb@example.com,Data Analyst,Passed,21,13,16,16
Kevin_May,kevin.may@example.com,Data Analyst,Pending,12,13,17,6
Andrew_Hill,andrew.hill@example.com,Data Analyst,Pending,17,4,15,4
Daniel_Wheeler,daniel.wheeler@example.com,Product Manager,Failed,14,8,1,13
Jeffrey_Jordan,jeffrey.jordan@example.com,ML Engineer,Passed,22,18,0,22
Kimberly_Black,kimberly.black@example.com,ML Engineer,Passed,14,22,18,7
John_Cherry,john.cherry@example.com,Product Manager,Pending,10,10,23,0
Samuel_Yang,samuel.yang@example.com,Data Analyst,Pending,23,7,3,10
Dwayne_Bean,dwayne.bean@example.com,Data Analyst,Pending,16,9,18,3
Brandon_Bean,brandon.bean@example.com,Product Manager,Passed,5,12,25,20
Ruth_Brown,ruth.brown@example.com,ML Engineer,Failed,2,20,5,5
Megan_Escobar,megan.escobar@example.com,ML Engineer,Failed,14,14,1,7
Beth_Williams,beth.williams@example.com,Product Manager,Pending,16,15,9,14
Michael_Warner,michael.warner@example.com,Product Manager,Failed,21,0,4,10
Tim_Choi,tim.choi@example.com,ML Engineer,Passed,19,21,7,18
Laura_Mahoney,laura.mahoney@example.com,Backend Developer,Passed,7,23,22,13
Wyatt_Myers,wyatt.myers@example.com,Data Analyst,Pending,3,17,19,11
Bradley_Orr,bradley.orr@example.com,Product Manager,Pending,3,2,14,24
Kenneth_Curry,kenneth.curry@example.com,ML Engineer,Passed,14,16,17,25
Raymond_Tran,raymond.tran@example.com,Backend Developer,Pending,2,5,12,22
Jeffrey_Patrick,jeffrey.patrick@example.com,ML Engineer,Failed,10,6,3,9
Michael_Duncan,michael.duncan@example.com,Backend Developer,Pending,18,23,13,2
Stephen_Hurst,stephen.hurst@example.com,Backend Developer,Pending,1,16,14,12
Kayla_Zimmerman,kayla.zimmerman@example.com,ML Engineer,Passed,20,16,23,3
Carol_Berg,carol.berg@example.com,ML Engineer,Passed,25,3,19,16
Linda_Snyder,linda.snyder@example.com,Backend Developer,Pending,15,11,22,1
Kenneth_Garrison,kenneth.garrison@example.com,Product Manager,Pending,24,18,4,9
Katherine_Ryan,katherine.ryan@example.com,Data Analyst,Pending,10,18,22,6
Joe_Arnold,joe.arnold@example.com,Backend Developer,Pending,15,18,6,15
Debra_Gill,debra.gill@example.com,ML Engineer,Pending,7,23,4,8
Jacob_Charles,jacob.charles@example.com,Data Analyst,Pending,13,22,15,3
Hannah_Reyes,hannah.reyes@example.com,Product Manager,Pending,15,4,22,11
Michael_Harvey,michael.harvey@example.com,Product Manager,Passed,14,21,24,25
Robert_Schmitt,robert.schmitt@example.com,Data Analyst,Pending,17,17,5,16
Timothy_Owens,timothy.owens@example.com,Backend Developer,Pending,4,16,18,2
Grant_Ellison,grant.ellison@example.com,ML Engineer,Pending,16,4,20,14
Deborah_Grant,deborah.grant@example.com,Data Analyst,Failed,2,18,3,3
Amanda_Russo,amanda.russo@example.com,ML Engineer,Failed,0,11,10,6
Crystal_Elliott,crystal.elliott@example.com,Product Manager,Pending,22,18,3,8
Jaime_Riley,jaime.riley@example.com,Backend Developer,Failed,3,8,16,2
Richard_Mccormick,richard.mccormick@example.com,ML Engineer,Failed,9,11,10,0
Eric_Parker,eric.parker@example.com,ML Engineer,Passed,25,16,20,18
Debra_Johnson,debra.johnson@example.com,Product Manager,Passed,19,20,9,19
Jeffrey_Wells,jeffrey.wells@example.com,Backend Developer,Failed,18,12,0,2
Joshua_Reid,joshua.reid@example.com,Product Manager,Pending,8,21,4,12
Elizabeth_Newton,elizabeth.newton@example.com,ML Engineer,Passed,23,7,9,24
Joyce_Watson,joyce.watson@example.com,Product Manager,Pending,9,18,14,3
Ana_Stevens,ana.stevens@example.com,ML Engineer,Passed,22,20,17,23
Taylor_Hart,taylor.hart@example.com,Data Analyst,Failed,12,6,3,10
Daniel_Dixon,daniel.dixon@example.com,Backend Developer,Failed,6,1,8,18
Ryan_Thomas,ryan.thomas@example.com,Data Analyst,Pending,8,3,23,21
Robert_Mcpherson,robert.mcpherson@example.com,Data Analyst,Pending,0,17,15,24
Scott_Lozano,scott.lozano@example.com,Backend Developer,Failed,0,18,6,9
Holly_Williams,holly.williams@example.com,Data Analyst,Pending,23,9,4,4
Miranda_Mcmahon,miranda.mcmahon@example.com,Data Analyst,Pending,0,7,17,22
Vincent_Keller,vincent.keller@example.com,Backend Developer,Failed,15,6,5,3
Frank_Peterson,frank.peterson@example.com,ML Engineer,Pending,23,9,16,10
Todd_Flores,todd.flores@example.com,Backend Developer,Passed,6,17,22,23
Michele_Knight,michele.knight@example.com,Product Manager,Pending,3,23,6,9
Angela_Perry,angela.perry@example.com,Data Analyst,Pending,18,9,18,2
Heather_Anderson,heather.anderson@example.com,Product Manager,Pending,9,25,10,10
Pamela_Norman,pamela.norman@example.com,Product Manager,Failed,3,8,5,6
Julie_Miller,julie.miller@example.com,Data Analyst,Failed,11,5,3,9
Tiffany_Baker,tiffany.baker@example.com,Backend Developer,Passed,22,7,17,19
Joshua_Porter,joshua.porter@example.com,Backend Developer,Failed,0,0,7,7
Tara_Tucker,tara.tucker@example.com,ML Engineer,Failed,13,2,10,12
Stephanie_Lawrence,stephanie.lawrence@example.com,ML Engineer,Pending,1,18,24,3
Ronnie_Randolph,ronnie.randolph@example.com,Data Analyst,Passed,23,11,11,17
Thomas_Edwards,thomas.edwards@example.com,ML Engineer,Pending,13,17,24,3
Rebekah_Harvey,rebekah.harvey@example.com,Backend Developer,Failed,10,0,10,4
Frank_Carroll,frank.carroll@example.com,Backend Developer,Failed,10,9,8,4
Lisa_Avila,lisa.avila@example.com,Product Manager,Failed,0,8,4,12
Linda_Williams,linda.williams@example.com,Data Analyst,Pending,6,18,15,6
Amanda_Nelson,amanda.nelson@example.com,Backend Developer,Failed,14,9,7,3
Christina_Morales,christina.morales@example.com,Product Manager,Pending,21,14,5,0
Jennifer_Acosta,jennifer.acosta@example.com,Product Manager,Pending,5,24,11,13
Vincent_Vazquez,vincent.vazquez@example.com,Data Analyst,Pending,5,9,7,19
Jonathan_Green,jonathan.green@example.com,Data Analyst,Passed,23,2,20,25
Diane_Hunt,diane.hunt@example.com,ML Engineer,Pending,24,9,11,9
Kathryn_Reyes,kathryn.reyes@example.com,Backend Developer,Pending,18,7,22,2
Sara_Hill,sara.hill@example.com,Product Manager,Pending,22,9,18,8
Tracy_Taylor,tracy.taylor@example.com,Data Analyst,Failed,2,23,1,9
Emily_Liu,emily.liu@example.com,Product Manager,Pending,2,23,11,6
Gary_Martin,gary.martin@example.com,ML Engineer,Pending,21,10,3,17
Sarah_Mcmahon,sarah.mcmahon@example.com,ML Engineer,Pending,9,24,23,1
Scott_Wade,scott.wade@example.com,Data Analyst,Failed,8,19,0,10
David_Carter,david.carter@example.com,Product Manager,Pending,11,18,13,1
Rachel_Flores,rachel.flores@example.com,ML Engineer,Pending,10,7,2,22
Kyle_Torres,kyle.torres@example.com,ML Engineer,Pending,22,16,0,20
Samantha_Jones,samantha.jones@example.com,Backend Developer,Failed,15,4,8,11
Raymond_Rodriguez,raymond.rodriguez@example.com,Backend Developer,Pending,4,10,17,14
Kimberly_Jones,kimberly.jones@example.com,Data Analyst,Pending,7,11,16,6
Jennifer_Tyler,jennifer.tyler@example.com,Backend Developer,Pending,11,18,0,23
Ronald_Wolfe,ronald.wolfe@example.com,Backend Developer,Passed,20,12,17,25
Paul_Sweeney,paul.sweeney@example.com,ML Engineer,Pending,14,3,21,5
Jennifer_Mccoy,jennifer.mccoy@example.com,ML Engineer,Pending,11,11,6,22
Charles_Martin,charles.martin@example.com,Product Manager,Pending,24,3,0,23
Adam_Davis,adam.davis@example.com,Product Manager,Passed,25,14,9,25
Tonya_Bird,tonya.bird@example.com,ML Engineer,Pending,6,18,16,6
Christina_Lester,christina.lester@example.com,Backend Developer,Pending,19,16,4,6
Kimberly_Clark,kimberly.clark@example.com,Product Manager,Pending,0,18,24,1
Joseph_Tran,joseph.tran@example.com,Product Manager,Failed,2,13,1,20
Jeffrey_Combs,jeffrey.combs@example.com,ML Engineer,Failed,8,11,0,9
Mark_Horn,mark.horn@example.com,Product Manager,Passed,22,23,23,14
Samantha_Larson,samantha.larson@example.com,Data Analyst,Pending,13,14,7,13
Andrew_Pacheco,andrew.pacheco@example.com,Product Manager,Pending,14,24,4,12
Nicholas_Floyd,nicholas.floyd@example.com,Backend Developer,Pending,2,11,20,25
Amanda_Sullivan,amanda.sullivan@example.com,Data Analyst,Passed,17,20,20,5
Cristian_Flores,cristian.flores@example.com,Backend Developer,Pending,3,22,13,2
Joshua_Harrison,joshua.harrison@example.com,Data Analyst,Failed,24,2,9,0
Erica_Acevedo,erica.acevedo@example.com,ML Engineer,Pending,13,12,1,17
Rhonda_Gutierrez,rhonda.gutierrez@example.com,ML Engineer,Pending,2,2,24,15
Tammy_Hart,tammy.hart@example.com,ML Engineer,Failed,2,3,12,1
Mark_Thompson,mark.thompson@example.com,Data Analyst,Passed,25,14,19,2
Brian_Jimenez,brian.jimenez@example.com,Data Analyst,Pending,9,14,17,2
John_Mcdowell,john.mcdowell@example.com,Data Analyst,Passed,22,12,25,7
Benjamin_Khan,benjamin.khan@example.com,Backend Developer,Pending,12,0,18,12
Michael_Macdonald,michael.macdonald@example.com,Data Analyst,Passed,16,25,24,22
Michael_Silva,michael.silva@example.com,Product Manager,Failed,1,3,15,1
Nicole_Sexton,nicole.sexton@example.com,ML Engineer,Failed,3,21,10,1
Jason_Garcia,jason.garcia@example.com,Backend Developer,Pending,9,22,23,4
Joel_Jennings,joel.jennings@example.com,ML Engineer,Failed,1,1,5,25
Abigail_Oliver,abigail.oliver@example.com,Data Analyst,Pending,10,15,13,10
Mary_Paul,mary.paul@example.com,Data Analyst,Passed,18,12,23,10
Ann_Wright,ann.wright@example.com,Product Manager,Pending,9,21,19,0
Justin_Reid,justin.reid@example.com,ML Engineer,Pending,1,20,9,23
Dean_Edwards,dean.edwards@example.com,Data Analyst,Pending,10,13,19,6
Justin_Parrish,justin.parrish@example.com,Backend Developer,Passed,13,23,23,3
Jeremy_Coleman,jeremy.coleman@example.com,Backend Developer,Passed,22,23,22,18
David_Baker,david.baker@example.com,Backend Developer,Pending,11,23,11,9
Laura_Phillips,laura.phillips@example.com,Data Analyst,Pending,22,17,1,19
Javier_Hernandez,javier.hernandez@example.com,ML Engineer,Pending,18,10,9,14
Jeffrey_Howard,jeffrey.howard@example.com,Product Manager,Failed,6,0,20,0
Alison_Pearson,alison.pearson@example.com,Backend Developer,Pending,4,5,22,12
Alice_Clay,alice.clay@example.com,ML Engineer,Pending,22,15,6,0
Morgan_Zhang,morgan.zhang@example.com,Backend Developer,Pending,22,15,0,14
Mark_Rice,mark.rice@example.com,Product Manager,Failed,13,4,6,6
Courtney_Schultz,courtney.schultz@example.com,Data Analyst,Pending,10,16,4,10
Anna_Johnson,anna.johnson@example.com,Backend Developer,Passed,15,12,23,19
Eric_Suarez,eric.suarez@example.com,Data Analyst,Passed,25,20,9,15
Eduardo_Harrison,eduardo.harrison@example.com,Data Analyst,Passed,24,21,10,11
Brandon_Beard,brandon.beard@example.com,Data Analyst,Passed,25,21,21,3
Matthew_Perez,matthew.perez@example.com,Data Analyst,Pending,9,24,0,25
Jacob_Marshall,jacob.marshall@example.com,Data Analyst,Failed,3,2,12,16
Michelle_Meadows,michelle.meadows@example.com,Data Analyst,Passed,1,24,20,25
Laura_Adams,laura.adams@example.com,ML Engineer,Passed,16,6,19,20
Tiffany_Rodriguez,tiffany.rodriguez@example.com,Product Manager,Pending,14,9,7,23
Jason_Dixon,jason.dixon@example.com,Backend Developer,Passed,16,13,23,19
Jeremy_Mccoy,jeremy.mccoy@example.com,Data Analyst,Failed,4,12,5,12
Jeffrey_Lewis,jeffrey.lewis@example.com,Backend Developer,Pending,3,16,23,6
Angela_Padilla,angela.padilla@example.com,ML Engineer,Pending,24,8,12,8
Kari_Williams,kari.williams@example.com,Product Manager,Pending,18,9,5,15
Alex_Gamble,alex.gamble@example.com,Data Analyst,Pending,22,4,21,11
Wanda_Williams,wanda.williams@example.com,Backend Developer,Pending,8,9,12,24
Jeffrey_Welch,jeffrey.welch@example.com,ML Engineer,Pending,12,6,22,13
Lisa_Kelly,lisa.kelly@example.com,Data Analyst,Passed,25,25,17,6
Kristin_Harrison,kristin.harrison@example.com,Backend Developer,Pending,24,19,10,2
Sara_Dougherty,sara.dougherty@example.com,Product Manager,Passed,24,10,23,10
Travis_Mata,travis.mata@example.com,Backend Developer,Pending,17,8,25,0
Yolanda_Buchanan,yolanda.buchanan@example.com,Data Analyst,Pending,9,24,22,1
Jason_Murray,jason.murray@example.com,Backend Developer,Pending,14,9,10,20
Ashley_Owens,ashley.owens@example.com,Data Analyst,Passed,20,2,24,17
Richard_Mclaughlin,richard.mclaughlin@example.com,Backend Developer,Pending,7,13,17,10
Julie_Stevens,julie.stevens@example.com,Data Analyst,Pending,20,8,19,4
Allen_Obrien,allen.obrien@example.com,Product Manager,Failed,7,20,3,9
Howard_Rivera,howard.rivera@example.com,Backend Developer,Pending,7,23,3,10
William_Morales,william.morales@example.com,ML Engineer,Passed,1,24,18,23
Francisco_Jordan,francisco.jordan@example.com,ML Engineer,Failed,10,5,0,23
Larry_Mitchell,larry.mitchell@example.com,Data Analyst,Passed,25,8,10,24
Brendan_Everett,brendan.everett@example.com,Product Manager,Failed,1,9,17,11
William_Mcintosh,william.mcintosh@example.com,Product Manager,Passed,14,25,18,25
Roger_Rodriguez,roger.rodriguez@example.com,ML Engineer,Pending,5,19,17,9
Christy_Larson,christy.larson@example.com,Product Manager,Pending,8,13,0,19
Monica_Johnson,monica.johnson@example.com,ML Engineer,Pending,4,20,14,9
Donald_Parker,donald.parker@example.com,Backend Developer,Passed,25,8,19,21
Deborah_Smith,deborah.smith@example.com,Product Manager,Pending,12,23,7,1
Alex_Davis,alex.davis@example.com,Data Analyst,Failed,5,9,4,20
Sophia_Clark,sophia.clark@example.com,Backend Developer,Passed,22,11,19,20
Jamie_Stephens,jamie.stephens@example.com,Backend Developer,Pending,23,2,6,17
Wesley_Clay,wesley.clay@example.com,Backend Developer,Passed,21,16,8,15
Alyssa_Reid,alyssa.reid@example.com,Backend Developer,Failed,25,8,3,3
Jeffrey_Mcmahon,jeffrey.mcmahon@example.com,Data Analyst,Failed,21,0,7,2
Stefanie_Mathis,stefanie.mathis@example.com,Data Analyst,Passed,22,13,20,7
Louis_Kramer,louis.kramer@example.com,Backend Developer,Failed,2,1,1,19
Austin_Parks,austin.parks@example.com,Data Analyst,Failed,0,2,5,0
Blake_Ramirez,blake.ramirez@example.com,Product Manager,Passed,20,9,20,16
Jessica_Brown,jessica.brown@example.com,ML Engineer,Passed,20,24,11,10
Yvonne_Adams,yvonne.adams@example.com,Backend Developer,Pending,5,20,25,9
Anthony_Cunningham,anthony.cunningham@example.com,ML Engineer,Passed,21,17,15,23
Jonathan_Brown,jonathan.brown@example.com,Backend Developer,Passed,2,17,16,25
Rebecca_Lamb,rebecca.lamb@example.com,Backend Developer,Pending,0,7,18,25
Julie_Chavez,julie.chavez@example.com,Data Analyst,Pending,5,25,2,18
Victoria_Pratt,victoria.pratt@example.com,ML Engineer,Failed,0,16,6,8
Amy_Newman,amy.newman@example.com,ML Engineer,Passed,18,15,18,12
Alex_Ruiz,alex.ruiz@example.com,ML Engineer,Failed,9,13,2,1
Erin_Carter,erin.carter@example.com,Backend Developer,Pending,10,20,2,16
Evan_Morgan,evan.morgan@example.com,Data Analyst,Pending,23,11,18,4
Brandon_Bender,brandon.bender@example.com,Product Manager,Pending,10,3,12,18
Whitney_Jefferson,whitney.jefferson@example.com,Product Manager,Pending,17,16,14,2
Robert_Richmond,robert.richmond@example.com,Product Manager,Passed,14,20,13,21
Cody_Singh,cody.singh@example.com,Product Manager,Failed,2,5,16,6
Jacqueline_Oliver,jacqueline.oliver@example.com,Backend Developer,Pending,23,24,5,3
Terrance_Mayo,terrance.mayo@example.com,Backend Developer,Pending,14,4,19,14
Nicole_Brown,nicole.brown@example.com,Product Manager,Passed,18,17,12,15
Daniel_Villanueva,daniel.villanueva@example.com,Backend Developer,Pending,12,21,18,7
Jeremy_Diaz,jeremy.diaz@example.com,Data Analyst,Passed,18,9,15,22
Ashley_Drake,ashley.drake@example.com,ML Engineer,Pending,7,16,16,19
Allison_Brown,allison.brown@example.com,Backend Developer,Passed,16,19,21,19
Charles_Mcmillan,charles.mcmillan@example.com,Product Manager,Pending,11,19,10,9
Jo_Johnston,jo.johnston@example.com,ML Engineer,Failed,18,1,4,8
Tamara_Perez,tamara.perez@example.com,ML Engineer,Failed,2,2,10,19
Juan_White,juan.white@example.com,ML Engineer,Passed,5,22,23,11
Jason_Sanders,jason.sanders@example.com,Backend Developer,Failed,1,4,10,6
Stephanie_Allen,stephanie.allen@example.com,Product Manager,Passed,22,20,1,24
Robert_Roberts,robert.roberts@example.com,Product Manager,Failed,11,7,6,0
Jesse_Curry,jesse.curry@example.com,ML Engineer,Pending,22,1,21,4
Robert_Morales,robert.morales@example.com,Backend Developer,Pending,23,1,7,24
Mark_Lee,mark.lee@example.com,Product Manager,Pending,23,18,0,16
Wesley_Brown,wesley.brown@example.com,Data Analyst,Passed,5,25,18,22
Robert_Willis,robert.willis@example.com,ML Engineer,Failed,8,4,16,1
Amy_Dyer,amy.dyer@example.com,Data Analyst,Pending,23,7,8,2
Mary_Shaffer,mary.shaffer@example.com,ML Engineer,Pending,5,21,14,7
Thomas_Vaughan,thomas.vaughan@example.com,ML Engineer,Passed,25,23,15,5
Chris_Johnson,chris.johnson@example.com,Data Analyst,Pending,19,14,6,7
Samuel_Thompson,samuel.thompson@example.com,ML Engineer,Pending,7,17,3,13
Taylor_Nguyen,taylor.nguyen@example.com,Backend Developer,Pending,17,21,13,3
Sarah_Wheeler,sarah.wheeler@example.com,Product Manager,Passed,25,10,13,22
Christine_Cox,christine.cox@example.com,ML Engineer,Pending,24,6,15,8
Joyce_Williams,joyce.williams@example.com,ML Engineer,Pending,6,1,25,15
Zachary_Huang,zachary.huang@example.com,Data Analyst,Pending,5,3,15,25
Kevin_Harvey,kevin.harvey@example.com,Data Analyst,Pending,4,15,3,24
Robert_Sellers,robert.sellers@example.com,ML Engineer,Pending,7,2,17,22
Karen_Riley,karen.riley@example.com,ML Engineer,Pending,14,16,22,0
Katherine_Mcpherson,katherine.mcpherson@example.com,Backend Developer,Pending,19,11,4,15
Christopher_Brown,christopher.brown@example.com,Product Manager,Pending,14,19,5,15
Mark_Richard,mark.richard@example.com,Product Manager,Pending,2,25,14,14
Gilbert_Dillon,gilbert.dillon@example.com,Backend Developer,Failed,0,7,9,7
Jacob_Estrada,jacob.estrada@example.com,ML Engineer,Passed,1,22,21,19
James_Beck,james.beck@example.com,Data Analyst,Failed,11,8,2,5
Sara_Munoz,sara.munoz@example.com,Data Analyst,Pending,20,1,12,14
Sean_Gilbert,sean.gilbert@example.com,Data Analyst,Pending,15,15,5,14
Susan_Rogers,susan.rogers@example.com,Backend Developer,Passed,22,22,5,20
Elizabeth_Castro,elizabeth.castro@example.com,ML Engineer,Pending,4,6,22,17
Jenna_Barron,jenna.barron@example.com,ML Engineer,Pending,12,10,20,3
Amber_Green,amber.green@example.com,Backend Developer,Pending,7,12,4,19
Megan_Hunter,megan.hunter@example.com,Product Manager,Failed,13,22,0,3
Jeremy_Martinez,jeremy.martinez@example.com,ML Engineer,Failed,10,2,15,6
Gabriella_Gilbert,gabriella.gilbert@example.com,Data Analyst,Pending,22,13,3,11
Vanessa_Brennan,vanessa.brennan@example.com,ML Engineer,Failed,2,5,13,3
Renee_Fernandez,renee.fernandez@example.com,ML Engineer,Pending,19,5,21,2
James_Craig,james.craig@example.com,Backend Developer,Passed,23,19,0,18
Adrian_Ellis,adrian.ellis@example.com,Data Analyst,Pending,21,12,3,8
Jennifer_Larsen,jennifer.larsen@example.com,Backend Developer,Pending,9,2,17,20
Steven_Hoover,steven.hoover@example.com,Product Manager,Failed,2,3,22,7
Justin_Clarke,justin.clarke@example.com,Data Analyst,Pending,5,23,6,21
Samantha_Howell,samantha.howell@example.com,ML Engineer,Failed,1,6,3,21
Adriana_Wiley,adriana.wiley@example.com,Backend Developer,Pending,10,18,3,11
Katie_Taylor,katie.taylor@example.com,ML Engineer,Pending,7,12,21,9
Molly_Mitchell,molly.mitchell@example.com,Product Manager,Pending,21,9,15,7
Krista_Miller,krista.miller@example.com,Data Analyst,Failed,4,9,2,8
Nancy_Bolton,nancy.bolton@example.com,Backend Developer,Passed,0,19,22,25
Andrew_Miller,andrew.miller@example.com,ML Engineer,Passed,14,18,16,15
Catherine_Brown,catherine.brown@example.com,Product Manager,Pending,5,13,21,9
Jennifer_Schroeder,jennifer.schroeder@example.com,Backend Developer,Passed,16,21,13,14
Amanda_Campbell,amanda.campbell@example.com,Product Manager,Failed,3,2,3,17
Cameron_Walker,cameron.walker@example.com,Backend Developer,Passed,18,19,23,9
Laura_Thompson,laura.thompson@example.com,Data Analyst,Pending,24,5,5,18
William_Wilson,william.wilson@example.com,Backend Developer,Passed,25,17,15,6
Anthony_Watson,anthony.watson@example.com,Backend Developer,Passed,13,24,23,6
Jennifer_Garcia,jennifer.garcia@example.com,ML Engineer,Pending,24,0,20,9
Kari_Vega,kari.vega@example.com,Backend Developer,Failed,0,0,18,0
Lauren_Wilson,lauren.wilson@example.com,ML Engineer,Pending,3,18,15,19
Olivia_Williams,olivia.williams@example.com,Backend Developer,Pending,7,19,10,16
Kara_Mercer,kara.mercer@example.com,Product Manager,Pending,5,16,18,5
Christopher_Perez,christopher.perez@example.com,Backend Developer,Passed,15,24,9,21
Diana_Lawrence,diana.lawrence@example.com,Data Analyst,Passed,22,7,24,23
Latoya_Suarez,latoya.suarez@example.com,Backend Developer,Failed,7,1,21,7
