name,email,role,status,written_test,technical_assessment,pm_assessment,hr_evaluation
Neha_100,neha_100@example.com,Backend Developer,Passed,94,71,43,74
Rahul_101,rahul_101@example.com,ML Engineer,Pending,69,58,76,50
Pooja_102,pooja_102@example.com,Product Manager,Failed,90,55,47,98
Vikram_103,vikram_103@example.com,Data Analyst,Failed,73,94,92,91
Anmol_104,anmol_104@example.com,Product Manager,Failed,74,97,95,77
Amit_105,amit_105@example.com,ML Engineer,Failed,49,74,77,65
Rahul_106,rahul_106@example.com,ML Engineer,Passed,61,54,71,81
Riya_107,riya_107@example.com,Product Manager,Pending,49,92,71,94
Sneha_108,sneha_108@example.com,Product Manager,Passed,62,84,93,97
Sneha_109,sneha_109@example.com,Data Analyst,Passed,78,85,79,69
Neha_110,neha_110@example.com,Data Analyst,Passed,90,79,66,52
Rahul_111,rahul_111@example.com,Data Analyst,Passed,72,89,69,45
Rahul_112,rahul_112@example.com,Frontend Developer,Pending,87,64,44,97
Neha_113,neha_113@example.com,Frontend Developer,Passed,82,72,75,44
Anmol_114,anmol_114@example.com,Data Analyst,Passed,71,54,83,94
Pooja_115,pooja_115@example.com,Backend Developer,Pending,42,85,50,54
Karan_116,karan_116@example.com,ML Engineer,Passed,46,89,52,97
Riya_117,riya_117@example.com,Data Analyst,Pending,64,45,48,61
Arjun_118,arjun_118@example.com,Backend Developer,Pending,46,42,71,100
Vikram_119,vikram_119@example.com,ML Engineer,Failed,84,71,93,54
Sneha_120,sneha_120@example.com,Product Manager,Failed,49,78,55,78
Rahul_121,rahul_121@example.com,Backend Developer,Pending,40,63,50,76
Amit_122,amit_122@example.com,Backend Developer,Pending,84,77,77,69
Karan_123,karan_123@example.com,Data Analyst,Pending,97,73,60,76
Sneha_124,sneha_124@example.com,Backend Developer,Passed,94,95,41,67
Amit_125,amit_125@example.com,Product Manager,Pending,55,52,60,58
Karan_126,karan_126@example.com,Data Analyst,Passed,48,85,79,59
Pooja_127,pooja_127@example.com,Backend Developer,Failed,64,64,91,58
Anmol_128,anmol_128@example.com,ML Engineer,Failed,53,52,46,89
Arjun_129,arjun_129@example.com,Backend Developer,Pending,84,62,97,91
Rahul_130,rahul_130@example.com,Product Manager,Pending,42,56,64,53
Arjun_131,arjun_131@example.com,Backend Developer,Failed,95,41,62,40
Anmol_132,anmol_132@example.com,Frontend Developer,Pending,91,90,79,43
Arjun_133,arjun_133@example.com,Data Analyst,Passed,66,51,56,46
Riya_134,riya_134@example.com,Product Manager,Failed,41,42,92,45
Neha_135,neha_135@example.com,Backend Developer,Passed,76,54,51,44
Amit_136,amit_136@example.com,Product Manager,Failed,79,86,80,48
Vikram_137,vikram_137@example.com,Backend Developer,Pending,63,86,59,68
Pooja_138,pooja_138@example.com,ML Engineer,Passed,56,83,58,82
Riya_139,riya_139@example.com,ML Engineer,Pending,84,43,62,76
Karan_140,karan_140@example.com,Product Manager,Passed,73,85,50,88
Riya_141,riya_141@example.com,Backend Developer,Passed,56,67,73,50
Sneha_142,sneha_142@example.com,Backend Developer,Failed,85,94,91,57
Amit_143,amit_143@example.com,Product Manager,Failed,56,65,92,81
Sneha_144,sneha_144@example.com,Frontend Developer,Passed,58,89,54,88
Anmol_145,anmol_145@example.com,ML Engineer,Pending,93,79,67,66
Pooja_146,pooja_146@example.com,Product Manager,Failed,43,42,68,62
Anmol_147,anmol_147@example.com,Frontend Developer,Pending,40,48,71,43
Arjun_148,arjun_148@example.com,ML Engineer,Passed,75,57,74,65
Sneha_149,sneha_149@example.com,Product Manager,Failed,76,85,71,73
Karan_150,karan_150@example.com,Data Analyst,Pending,64,75,78,65
Amit_151,amit_151@example.com,Frontend Developer,Failed,91,46,46,76
Rahul_152,rahul_152@example.com,ML Engineer,Failed,91,44,87,86
Vikram_153,vikram_153@example.com,Data Analyst,Failed,80,70,53,77
Vikram_154,vikram_154@example.com,Product Manager,Failed,86,44,83,93
Neha_155,neha_155@example.com,Product Manager,Passed,67,77,78,88
Amit_156,amit_156@example.com,Frontend Developer,Failed,44,100,96,56
Neha_157,neha_157@example.com,Backend Developer,Passed,44,47,97,44
Sneha_158,sneha_158@example.com,ML Engineer,Failed,65,46,86,76
Arjun_159,arjun_159@example.com,Data Analyst,Pending,63,87,58,55
Anmol_160,anmol_160@example.com,Product Manager,Failed,65,94,58,98
Neha_161,neha_161@example.com,Data Analyst,Failed,42,57,46,62
Arjun_162,arjun_162@example.com,Frontend Developer,Pending,85,50,91,65
Karan_163,karan_163@example.com,Frontend Developer,Passed,43,96,43,92
Amit_164,amit_164@example.com,Frontend Developer,Failed,90,66,82,41
Pooja_165,pooja_165@example.com,Data Analyst,Pending,72,45,79,100
Neha_166,neha_166@example.com,Data Analyst,Passed,65,92,75,55
Pooja_167,pooja_167@example.com,ML Engineer,Passed,74,63,52,64
Amit_168,amit_168@example.com,Backend Developer,Pending,84,98,98,97
Amit_169,amit_169@example.com,ML Engineer,Passed,43,70,71,74
Anmol_170,anmol_170@example.com,ML Engineer,Passed,51,79,70,58
Neha_171,neha_171@example.com,Frontend Developer,Passed,54,99,53,48
Neha_172,neha_172@example.com,Data Analyst,Pending,48,91,75,86
Sneha_173,sneha_173@example.com,Backend Developer,Passed,57,63,52,68
Rahul_174,rahul_174@example.com,Backend Developer,Failed,50,92,73,48
Rahul_175,rahul_175@example.com,Product Manager,Pending,79,56,66,87
Anmol_176,anmol_176@example.com,ML Engineer,Failed,61,66,58,61
Riya_177,riya_177@example.com,ML Engineer,Pending,57,98,82,56
Rahul_178,rahul_178@example.com,ML Engineer,Failed,76,51,75,80
Vikram_179,vikram_179@example.com,ML Engineer,Passed,99,78,60,75
Riya_180,riya_180@example.com,Product Manager,Pending,97,85,40,80
Riya_181,riya_181@example.com,Data Analyst,Pending,98,87,46,56
Riya_182,riya_182@example.com,ML Engineer,Failed,76,82,57,94
Arjun_183,arjun_183@example.com,ML Engineer,Passed,73,78,77,54
Rahul_184,rahul_184@example.com,Data Analyst,Pending,41,97,40,93
Anmol_185,anmol_185@example.com,Product Manager,Pending,43,79,90,86
Arjun_186,arjun_186@example.com,Frontend Developer,Failed,73,84,91,81
Vikram_187,vikram_187@example.com,Frontend Developer,Pending,59,85,52,85
Sneha_188,sneha_188@example.com,Product Manager,Passed,94,51,47,54
Sneha_189,sneha_189@example.com,Data Analyst,Failed,54,96,94,73
Sneha_190,sneha_190@example.com,Data Analyst,Failed,78,83,77,43
Riya_191,riya_191@example.com,ML Engineer,Passed,67,54,76,98
Anmol_192,anmol_192@example.com,Data Analyst,Failed,51,41,87,40
Vikram_193,vikram_193@example.com,Frontend Developer,Pending,87,75,98,88
Amit_194,amit_194@example.com,ML Engineer,Passed,78,60,70,91
Karan_195,karan_195@example.com,Frontend Developer,Pending,96,97,41,45
Pooja_196,pooja_196@example.com,Frontend Developer,Passed,95,66,57,63
Neha_197,neha_197@example.com,Product Manager,Failed,40,78,97,45
Vikram_198,vikram_198@example.com,ML Engineer,Passed,90,62,67,80
Arjun_199,arjun_199@example.com,Backend Developer,Passed,63,57,87,88
Rahul_200,rahul_200@example.com,ML Engineer,Passed,67,86,49,60
Arjun_201,arjun_201@example.com,Data Analyst,Pending,65,86,94,40
Anmol_202,anmol_202@example.com,Backend Developer,Pending,59,41,61,78
Pooja_203,pooja_203@example.com,ML Engineer,Passed,76,72,78,65
Karan_204,karan_204@example.com,Product Manager,Passed,92,76,66,41
Arjun_205,arjun_205@example.com,Data Analyst,Failed,48,56,52,77
Sneha_206,sneha_206@example.com,Data Analyst,Pending,48,71,66,74
Anmol_207,anmol_207@example.com,ML Engineer,Passed,51,58,69,91
Karan_208,karan_208@example.com,Data Analyst,Failed,56,57,62,69
Neha_209,neha_209@example.com,Data Analyst,Failed,95,45,89,81
Amit_210,amit_210@example.com,Backend Developer,Failed,93,94,51,75
Amit_211,amit_211@example.com,Frontend Developer,Failed,47,44,86,70
Pooja_212,pooja_212@example.com,Product Manager,Failed,90,70,73,48
Vikram_213,vikram_213@example.com,Product Manager,Pending,97,58,94,77
Riya_214,riya_214@example.com,ML Engineer,Pending,90,65,53,66
Sneha_215,sneha_215@example.com,ML Engineer,Passed,43,86,85,88
Karan_216,karan_216@example.com,ML Engineer,Failed,56,72,74,42
Vikram_217,vikram_217@example.com,Frontend Developer,Passed,55,79,100,84
Sneha_218,sneha_218@example.com,Data Analyst,Failed,40,65,80,67
Anmol_219,anmol_219@example.com,Product Manager,Passed,66,75,81,44
Karan_220,karan_220@example.com,Product Manager,Pending,61,91,82,55
Karan_221,karan_221@example.com,Data Analyst,Passed,56,89,65,72
Neha_222,neha_222@example.com,Frontend Developer,Pending,71,69,60,57
Sneha_223,sneha_223@example.com,Backend Developer,Failed,80,99,87,48
Vikram_224,vikram_224@example.com,ML Engineer,Passed,55,59,99,93
Anmol_225,anmol_225@example.com,Product Manager,Passed,60,70,82,65
Anmol_226,anmol_226@example.com,Data Analyst,Failed,97,71,75,61
Pooja_227,pooja_227@example.com,Data Analyst,Passed,92,48,56,50
Neha_228,neha_228@example.com,Product Manager,Pending,83,100,80,55
Anmol_229,anmol_229@example.com,Backend Developer,Failed,65,98,69,71
Anmol_230,anmol_230@example.com,Product Manager,Passed,51,77,79,48
Neha_231,neha_231@example.com,Frontend Developer,Passed,86,73,100,72
Rahul_232,rahul_232@example.com,Backend Developer,Passed,100,99,47,78
Karan_233,karan_233@example.com,Data Analyst,Pending,42,99,93,90
Neha_234,neha_234@example.com,Backend Developer,Passed,81,58,53,79
Amit_235,amit_235@example.com,Product Manager,Pending,65,92,86,66
Amit_236,amit_236@example.com,Product Manager,Passed,96,98,96,90
Riya_237,riya_237@example.com,Frontend Developer,Failed,53,95,62,43
Sneha_238,sneha_238@example.com,Frontend Developer,Failed,83,64,67,98
Arjun_239,arjun_239@example.com,Product Manager,Passed,67,48,86,55
Amit_240,amit_240@example.com,Data Analyst,Failed,90,66,73,86
Neha_241,neha_241@example.com,ML Engineer,Failed,71,54,84,86
Neha_242,neha_242@example.com,Frontend Developer,Failed,45,76,66,65
Amit_243,amit_243@example.com,Backend Developer,Pending,60,48,48,81
Arjun_244,arjun_244@example.com,Product Manager,Passed,46,40,95,74
Riya_245,riya_245@example.com,Product Manager,Pending,60,40,86,78
Rahul_246,rahul_246@example.com,Product Manager,Failed,69,45,65,99
Pooja_247,pooja_247@example.com,Data Analyst,Failed,86,74,41,44
Sneha_248,sneha_248@example.com,Product Manager,Pending,61,43,74,51
Sneha_249,sneha_249@example.com,Product Manager,Pending,54,76,46,55
Arjun_250,arjun_250@example.com,Frontend Developer,Failed,74,69,72,70
Pooja_251,pooja_251@example.com,Frontend Developer,Passed,77,63,45,42
Vikram_252,vikram_252@example.com,Backend Developer,Failed,54,83,61,73
Pooja_253,pooja_253@example.com,ML Engineer,Passed,45,55,63,48
Sneha_254,sneha_254@example.com,Data Analyst,Pending,72,79,89,82
Riya_255,riya_255@example.com,Product Manager,Pending,53,77,96,60
Rahul_256,rahul_256@example.com,Backend Developer,Passed,76,56,54,42
Rahul_257,rahul_257@example.com,Frontend Developer,Failed,51,90,43,51
Neha_258,neha_258@example.com,Product Manager,Failed,48,87,52,89
Arjun_259,arjun_259@example.com,ML Engineer,Failed,57,100,73,54
Karan_260,karan_260@example.com,Backend Developer,Failed,94,47,88,73
Neha_261,neha_261@example.com,ML Engineer,Pending,83,91,57,90
Rahul_262,rahul_262@example.com,Backend Developer,Pending,87,75,93,71
Karan_263,karan_263@example.com,Data Analyst,Failed,66,71,61,77
Riya_264,riya_264@example.com,ML Engineer,Passed,46,57,81,44
Karan_265,karan_265@example.com,ML Engineer,Pending,100,100,96,93
Pooja_266,pooja_266@example.com,Backend Developer,Passed,78,59,77,64
Pooja_267,pooja_267@example.com,Data Analyst,Pending,65,91,52,55
Riya_268,riya_268@example.com,Product Manager,Failed,83,48,65,66
Vikram_269,vikram_269@example.com,Backend Developer,Passed,80,60,65,54
Amit_270,amit_270@example.com,Product Manager,Passed,80,54,83,63
Karan_271,karan_271@example.com,Data Analyst,Failed,82,43,80,43
Vikram_272,vikram_272@example.com,Frontend Developer,Pending,79,81,43,53
Vikram_273,vikram_273@example.com,Data Analyst,Failed,88,75,51,53
Sneha_274,sneha_274@example.com,Product Manager,Passed,95,73,73,45
Arjun_275,arjun_275@example.com,Data Analyst,Passed,98,46,48,74
Amit_276,amit_276@example.com,Frontend Developer,Failed,75,49,74,52
Arjun_277,arjun_277@example.com,Backend Developer,Pending,81,94,73,43
Amit_278,amit_278@example.com,Data Analyst,Pending,52,48,60,86
Rahul_279,rahul_279@example.com,Frontend Developer,Pending,97,80,86,62
Neha_280,neha_280@example.com,Data Analyst,Passed,45,53,90,74
Karan_281,karan_281@example.com,Product Manager,Passed,86,92,98,73
Arjun_282,arjun_282@example.com,Backend Developer,Passed,89,59,79,53
Riya_283,riya_283@example.com,Product Manager,Pending,96,40,63,90
Riya_284,riya_284@example.com,ML Engineer,Failed,49,58,81,74
Karan_285,karan_285@example.com,ML Engineer,Pending,86,73,85,62
Karan_286,karan_286@example.com,Product Manager,Failed,83,64,73,62
Pooja_287,pooja_287@example.com,Backend Developer,Failed,95,69,84,91
Karan_288,karan_288@example.com,ML Engineer,Failed,50,78,79,72
Neha_289,neha_289@example.com,Backend Developer,Pending,97,92,70,62
Karan_290,karan_290@example.com,Backend Developer,Pending,43,98,97,40
Amit_291,amit_291@example.com,Backend Developer,Pending,48,49,76,49
Vikram_292,vikram_292@example.com,Frontend Developer,Passed,56,77,95,96
Neha_293,neha_293@example.com,Data Analyst,Passed,70,84,100,90
Anmol_294,anmol_294@example.com,Product Manager,Pending,80,64,62,61
Karan_295,karan_295@example.com,ML Engineer,Failed,95,72,50,74
Karan_296,karan_296@example.com,Frontend Developer,Failed,45,75,78,60
Riya_297,riya_297@example.com,Product Manager,Failed,53,48,75,66
Rahul_298,rahul_298@example.com,Data Analyst,Pending,47,80,59,97
Riya_299,riya_299@example.com,Backend Developer,Pending,42,79,95,90
Vikram_300,vikram_300@example.com,Product Manager,Pending,81,77,95,52
Anmol_301,anmol_301@example.com,Product Manager,Passed,42,93,49,41
Vikram_302,vikram_302@example.com,Backend Developer,Pending,93,74,57,68
Pooja_303,pooja_303@example.com,ML Engineer,Failed,88,81,74,74
Vikram_304,vikram_304@example.com,Frontend Developer,Pending,63,76,80,65
Rahul_305,rahul_305@example.com,Backend Developer,Pending,80,55,59,71
Vikram_306,vikram_306@example.com,ML Engineer,Pending,42,40,90,43
Amit_307,amit_307@example.com,Product Manager,Failed,91,74,96,75
Amit_308,amit_308@example.com,Frontend Developer,Pending,45,72,54,75
Anmol_309,anmol_309@example.com,Backend Developer,Pending,70,93,65,63
Rahul_310,rahul_310@example.com,Product Manager,Failed,92,53,42,87
Riya_311,riya_311@example.com,Backend Developer,Failed,48,98,85,80
Riya_312,riya_312@example.com,Data Analyst,Passed,50,78,60,62
Amit_313,amit_313@example.com,Backend Developer,Failed,55,100,99,64
Arjun_314,arjun_314@example.com,Backend Developer,Failed,81,42,78,84
Neha_315,neha_315@example.com,Data Analyst,Passed,96,49,41,45
Riya_316,riya_316@example.com,Frontend Developer,Pending,88,79,57,87
Neha_317,neha_317@example.com,Frontend Developer,Failed,81,50,68,62
Vikram_318,vikram_318@example.com,ML Engineer,Passed,40,79,70,98
Rahul_319,rahul_319@example.com,Backend Developer,Pending,84,92,70,97
Amit_320,amit_320@example.com,ML Engineer,Pending,50,48,75,55
Vikram_321,vikram_321@example.com,ML Engineer,Passed,81,88,99,60
Anmol_322,anmol_322@example.com,ML Engineer,Failed,58,97,93,66
Riya_323,riya_323@example.com,ML Engineer,Pending,67,76,99,53
Pooja_324,pooja_324@example.com,Product Manager,Pending,93,58,93,50
Vikram_325,vikram_325@example.com,Backend Developer,Passed,48,88,55,77
Arjun_326,arjun_326@example.com,Product Manager,Failed,76,75,77,59
Arjun_327,arjun_327@example.com,Frontend Developer,Failed,40,91,46,48
Karan_328,karan_328@example.com,Backend Developer,Pending,50,74,60,83
Anmol_329,anmol_329@example.com,Data Analyst,Pending,97,93,97,72
Vikram_330,vikram_330@example.com,Backend Developer,Passed,98,99,85,75
Riya_331,riya_331@example.com,Product Manager,Failed,94,87,42,42
Arjun_332,arjun_332@example.com,Backend Developer,Failed,62,45,75,84
Pooja_333,pooja_333@example.com,Product Manager,Pending,75,49,92,68
Arjun_334,arjun_334@example.com,ML Engineer,Pending,95,70,50,78
Sneha_335,sneha_335@example.com,Product Manager,Passed,74,80,74,76
Sneha_336,sneha_336@example.com,Backend Developer,Pending,68,46,54,52
Vikram_337,vikram_337@example.com,Backend Developer,Passed,88,42,40,93
Rahul_338,rahul_338@example.com,Backend Developer,Failed,71,53,88,74
Vikram_339,vikram_339@example.com,Data Analyst,Failed,71,66,78,96
Pooja_340,pooja_340@example.com,ML Engineer,Failed,95,55,41,93
Arjun_341,arjun_341@example.com,Data Analyst,Failed,98,59,92,43
Rahul_342,rahul_342@example.com,ML Engineer,Pending,78,97,68,57
Neha_343,neha_343@example.com,Product Manager,Passed,70,63,82,71
Rahul_344,rahul_344@example.com,Frontend Developer,Failed,47,96,93,83
Karan_345,karan_345@example.com,Data Analyst,Passed,48,58,75,91
Vikram_346,vikram_346@example.com,ML Engineer,Passed,79,68,85,98
Arjun_347,arjun_347@example.com,Backend Developer,Failed,52,84,47,90
Amit_348,amit_348@example.com,Backend Developer,Passed,57,79,79,98
Pooja_349,pooja_349@example.com,Frontend Developer,Failed,44,82,71,78
Arjun_350,arjun_350@example.com,Frontend Developer,Passed,75,40,100,80
Neha_351,neha_351@example.com,Frontend Developer,Passed,57,96,76,69
Arjun_352,arjun_352@example.com,Data Analyst,Failed,76,90,50,64
Arjun_353,arjun_353@example.com,Backend Developer,Pending,53,65,65,81
Pooja_354,pooja_354@example.com,Backend Developer,Failed,40,54,85,81
Riya_355,riya_355@example.com,Data Analyst,Passed,98,49,99,48
Arjun_356,arjun_356@example.com,Frontend Developer,Failed,69,40,73,81
Anmol_357,anmol_357@example.com,ML Engineer,Pending,71,60,59,44
Rahul_358,rahul_358@example.com,Data Analyst,Failed,55,55,76,52
Arjun_359,arjun_359@example.com,Backend Developer,Pending,84,47,66,98
Rahul_360,rahul_360@example.com,Backend Developer,Passed,80,70,94,46
Rahul_361,rahul_361@example.com,ML Engineer,Pending,93,70,44,83
Rahul_362,rahul_362@example.com,Frontend Developer,Passed,85,57,60,40
Anmol_363,anmol_363@example.com,Backend Developer,Passed,49,69,66,69
Pooja_364,pooja_364@example.com,ML Engineer,Passed,75,89,44,48
Sneha_365,sneha_365@example.com,Backend Developer,Pending,79,82,48,45
Rahul_366,rahul_366@example.com,ML Engineer,Failed,82,71,88,50
Vikram_367,vikram_367@example.com,Backend Developer,Pending,82,72,40,77
Sneha_368,sneha_368@example.com,Frontend Developer,Passed,40,97,92,48
Riya_369,riya_369@example.com,Product Manager,Pending,40,97,46,47
Vikram_370,vikram_370@example.com,Data Analyst,Failed,59,76,53,80
Rahul_371,rahul_371@example.com,Data Analyst,Failed,78,64,41,76
Neha_372,neha_372@example.com,Product Manager,Pending,60,95,89,41
Karan_373,karan_373@example.com,Backend Developer,Pending,40,71,60,64
Vikram_374,vikram_374@example.com,Frontend Developer,Failed,65,67,81,70
Sneha_375,sneha_375@example.com,Backend Developer,Failed,84,80,72,43
Amit_376,amit_376@example.com,Product Manager,Passed,77,69,90,76
Rahul_377,rahul_377@example.com,Backend Developer,Pending,63,82,72,88
Karan_378,karan_378@example.com,Backend Developer,Failed,40,45,40,91
Karan_379,karan_379@example.com,Backend Developer,Passed,96,87,76,86
Rahul_380,rahul_380@example.com,Frontend Developer,Passed,79,77,72,67
Anmol_381,anmol_381@example.com,Data Analyst,Failed,60,48,54,85
Pooja_382,pooja_382@example.com,Product Manager,Passed,46,77,90,81
Neha_383,neha_383@example.com,Backend Developer,Pending,43,55,72,84
Anmol_384,anmol_384@example.com,Backend Developer,Passed,99,55,83,48
Karan_385,karan_385@example.com,Data Analyst,Passed,91,74,53,75
Anmol_386,anmol_386@example.com,Frontend Developer,Pending,45,89,98,82
Sneha_387,sneha_387@example.com,ML Engineer,Failed,93,52,86,44
Pooja_388,pooja_388@example.com,Data Analyst,Failed,97,74,57,97
Rahul_389,rahul_389@example.com,Frontend Developer,Pending,45,100,76,61
Vikram_390,vikram_390@example.com,Frontend Developer,Passed,60,51,81,58
Amit_391,amit_391@example.com,Frontend Developer,Pending,73,95,74,78
Neha_392,neha_392@example.com,Product Manager,Passed,41,100,74,47
Karan_393,karan_393@example.com,Product Manager,Pending,56,95,73,85
Neha_394,neha_394@example.com,Backend Developer,Passed,68,71,71,90
Neha_395,neha_395@example.com,ML Engineer,Pending,51,64,77,84
Anmol_396,anmol_396@example.com,Frontend Developer,Failed,52,91,52,49
Arjun_397,arjun_397@example.com,ML Engineer,Failed,50,72,44,42
Arjun_398,arjun_398@example.com,Product Manager,Failed,85,68,76,76
Amit_399,amit_399@example.com,ML Engineer,Pending,96,51,90,42
Riya_400,riya_400@example.com,Data Analyst,Passed,54,84,53,49
Amit_401,amit_401@example.com,Backend Developer,Failed,63,97,89,80
Vikram_402,vikram_402@example.com,Backend Developer,Pending,77,52,64,94
Arjun_403,arjun_403@example.com,Frontend Developer,Failed,44,94,80,74
Vikram_404,vikram_404@example.com,Data Analyst,Passed,41,68,69,67
Amit_405,amit_405@example.com,Data Analyst,Passed,100,60,88,63
Pooja_406,pooja_406@example.com,Backend Developer,Passed,52,45,62,67
Pooja_407,pooja_407@example.com,Frontend Developer,Failed,42,83,51,90
Vikram_408,vikram_408@example.com,Data Analyst,Passed,71,88,53,72
Arjun_409,arjun_409@example.com,Frontend Developer,Failed,79,40,82,94
Rahul_410,rahul_410@example.com,Data Analyst,Passed,83,92,91,84
Arjun_411,arjun_411@example.com,Frontend Developer,Pending,80,87,73,75
Sneha_412,sneha_412@example.com,Product Manager,Pending,58,45,69,44
Vikram_413,vikram_413@example.com,ML Engineer,Pending,54,64,41,88
Anmol_414,anmol_414@example.com,Data Analyst,Failed,87,66,45,99
Pooja_415,pooja_415@example.com,Frontend Developer,Failed,65,98,84,46
Karan_416,karan_416@example.com,Data Analyst,Passed,49,92,55,58
Vikram_417,vikram_417@example.com,Product Manager,Pending,86,77,72,90
Amit_418,amit_418@example.com,ML Engineer,Passed,93,99,70,50
Rahul_419,rahul_419@example.com,Backend Developer,Failed,62,68,51,82
Arjun_420,arjun_420@example.com,Backend Developer,Failed,91,96,90,82
Anmol_421,anmol_421@example.com,ML Engineer,Passed,75,88,81,74
Sneha_422,sneha_422@example.com,ML Engineer,Failed,48,75,83,81
Sneha_423,sneha_423@example.com,Frontend Developer,Pending,40,45,51,44
Rahul_424,rahul_424@example.com,Product Manager,Pending,60,47,65,48
Pooja_425,pooja_425@example.com,Product Manager,Failed,45,89,43,89
Amit_426,amit_426@example.com,Backend Developer,Passed,48,46,92,66
Rahul_427,rahul_427@example.com,Backend Developer,Failed,69,70,54,92
Pooja_428,pooja_428@example.com,ML Engineer,Passed,57,87,75,56
Sneha_429,sneha_429@example.com,Data Analyst,Pending,56,51,51,69
Arjun_430,arjun_430@example.com,Data Analyst,Failed,47,76,53,66
Vikram_431,vikram_431@example.com,Backend Developer,Passed,96,95,94,58
Neha_432,neha_432@example.com,Product Manager,Failed,45,54,90,68
Vikram_433,vikram_433@example.com,Frontend Developer,Failed,51,42,94,40
Vikram_434,vikram_434@example.com,Data Analyst,Passed,83,61,98,62
Neha_435,neha_435@example.com,Product Manager,Failed,40,57,62,40
Arjun_436,arjun_436@example.com,Frontend Developer,Passed,49,100,87,45
Pooja_437,pooja_437@example.com,Product Manager,Passed,96,75,62,62
Sneha_438,sneha_438@example.com,Product Manager,Passed,89,89,81,81
Amit_439,amit_439@example.com,Product Manager,Pending,51,63,55,59
Karan_440,karan_440@example.com,ML Engineer,Failed,82,98,74,46
Arjun_441,arjun_441@example.com,Data Analyst,Pending,42,94,71,41
Arjun_442,arjun_442@example.com,ML Engineer,Passed,85,40,67,63
Rahul_443,rahul_443@example.com,Frontend Developer,Failed,95,65,77,50
Riya_444,riya_444@example.com,Product Manager,Failed,41,99,46,65
Karan_445,karan_445@example.com,Frontend Developer,Pending,56,72,74,75
Vikram_446,vikram_446@example.com,Backend Developer,Pending,99,74,85,92
Vikram_447,vikram_447@example.com,Frontend Developer,Pending,75,77,45,96
Anmol_448,anmol_448@example.com,Data Analyst,Pending,89,54,45,95
Karan_449,karan_449@example.com,ML Engineer,Failed,98,90,64,49
Pooja_450,pooja_450@example.com,Backend Developer,Pending,40,74,84,60
Amit_451,amit_451@example.com,Product Manager,Passed,60,87,71,87
Pooja_452,pooja_452@example.com,Backend Developer,Pending,66,42,89,65
Anmol_453,anmol_453@example.com,ML Engineer,Pending,57,61,71,44
Anmol_454,anmol_454@example.com,Product Manager,Pending,91,49,97,84
Pooja_455,pooja_455@example.com,Frontend Developer,Failed,61,73,82,94
Arjun_456,arjun_456@example.com,Product Manager,Passed,67,72,78,51
Riya_457,riya_457@example.com,ML Engineer,Pending,64,88,45,63
Amit_458,amit_458@example.com,Product Manager,Pending,64,77,98,82
Neha_459,neha_459@example.com,ML Engineer,Failed,87,96,85,70
Pooja_460,pooja_460@example.com,Backend Developer,Passed,75,77,68,59
Karan_461,karan_461@example.com,Backend Developer,Passed,58,93,89,75
Karan_462,karan_462@example.com,Backend Developer,Passed,99,89,96,96
Rahul_463,rahul_463@example.com,Frontend Developer,Passed,70,83,40,97
Riya_464,riya_464@example.com,Product Manager,Failed,51,66,87,100
Sneha_465,sneha_465@example.com,Frontend Developer,Pending,90,61,59,94
Arjun_466,arjun_466@example.com,ML Engineer,Failed,51,61,59,77
Vikram_467,vikram_467@example.com,Frontend Developer,Pending,64,41,89,92
Arjun_468,arjun_468@example.com,Frontend Developer,Failed,68,86,67,47
Rahul_469,rahul_469@example.com,Backend Developer,Passed,89,84,47,76
Rahul_470,rahul_470@example.com,ML Engineer,Pending,65,67,49,50
Sneha_471,sneha_471@example.com,Frontend Developer,Pending,71,85,93,72
Rahul_472,rahul_472@example.com,Frontend Developer,Failed,95,60,68,44
Vikram_473,vikram_473@example.com,Product Manager,Pending,90,58,43,56
Anmol_474,anmol_474@example.com,Frontend Developer,Pending,89,57,96,87
Vikram_475,vikram_475@example.com,ML Engineer,Failed,100,59,51,46
Amit_476,amit_476@example.com,Product Manager,Failed,82,56,79,52
Amit_477,amit_477@example.com,Data Analyst,Pending,46,74,73,58
Rahul_478,rahul_478@example.com,Backend Developer,Pending,44,53,60,61
Anmol_479,anmol_479@example.com,Data Analyst,Pending,87,52,58,93
Karan_480,karan_480@example.com,Data Analyst,Failed,59,98,69,84
Karan_481,karan_481@example.com,Backend Developer,Passed,85,81,95,96
Neha_482,neha_482@example.com,Backend Developer,Passed,66,71,82,95
Karan_483,karan_483@example.com,Product Manager,Passed,45,78,81,80
Amit_484,amit_484@example.com,Product Manager,Passed,77,45,43,89
Sneha_485,sneha_485@example.com,ML Engineer,Pending,73,90,66,93
Karan_486,karan_486@example.com,Backend Developer,Passed,72,74,81,64
Riya_487,riya_487@example.com,ML Engineer,Passed,61,65,60,61
Neha_488,neha_488@example.com,Data Analyst,Passed,72,62,88,75
Neha_489,neha_489@example.com,Frontend Developer,Pending,65,86,58,40
Riya_490,riya_490@example.com,Product Manager,Passed,57,100,65,79
Sneha_491,sneha_491@example.com,Product Manager,Passed,71,62,63,78
Karan_492,karan_492@example.com,Frontend Developer,Pending,82,47,82,77
Amit_493,amit_493@example.com,Frontend Developer,Passed,53,56,83,69
Sneha_494,sneha_494@example.com,ML Engineer,Failed,52,45,43,52
Rahul_495,rahul_495@example.com,Product Manager,Passed,44,72,40,58
Amit_496,amit_496@example.com,Product Manager,Pending,81,50,83,68
Anmol_497,anmol_497@example.com,Product Manager,Passed,63,73,45,52
Arjun_498,arjun_498@example.com,Product Manager,Failed,74,55,51,66
Arjun_499,arjun_499@example.com,Product Manager,Failed,47,85,59,78
Rahul_500,rahul_500@example.com,Data Analyst,Passed,53,94,100,96
Vikram_501,vikram_501@example.com,Product Manager,Failed,49,91,64,50
Pooja_502,pooja_502@example.com,Frontend Developer,Pending,85,72,96,67
Pooja_503,pooja_503@example.com,Data Analyst,Failed,58,53,94,61
Vikram_504,vikram_504@example.com,Frontend Developer,Passed,71,66,80,62
Arjun_505,arjun_505@example.com,Frontend Developer,Pending,94,90,81,49
Vikram_506,vikram_506@example.com,ML Engineer,Failed,58,72,93,81
Neha_507,neha_507@example.com,Backend Developer,Passed,64,51,56,60
Amit_508,amit_508@example.com,Data Analyst,Pending,60,73,66,98
Arjun_509,arjun_509@example.com,Data Analyst,Failed,97,92,57,80
Vikram_510,vikram_510@example.com,ML Engineer,Passed,78,77,73,72
Pooja_511,pooja_511@example.com,Backend Developer,Failed,69,40,94,50
Sneha_512,sneha_512@example.com,Backend Developer,Failed,56,72,59,57
Arjun_513,arjun_513@example.com,Product Manager,Pending,100,91,85,53
Pooja_514,pooja_514@example.com,Product Manager,Passed,93,81,69,86
Vikram_515,vikram_515@example.com,Frontend Developer,Failed,59,56,84,66
Rahul_516,rahul_516@example.com,Product Manager,Pending,88,94,46,59
Amit_517,amit_517@example.com,Data Analyst,Pending,56,90,64,87
Karan_518,karan_518@example.com,Frontend Developer,Pending,51,83,75,53
Arjun_519,arjun_519@example.com,Product Manager,Pending,100,86,72,42
Karan_520,karan_520@example.com,Product Manager,Failed,66,66,86,86
Sneha_521,sneha_521@example.com,Data Analyst,Passed,42,44,85,54
Sneha_522,sneha_522@example.com,Data Analyst,Passed,96,67,94,88
Rahul_523,rahul_523@example.com,Data Analyst,Pending,46,45,42,61
Anmol_524,anmol_524@example.com,ML Engineer,Passed,74,51,75,92
Anmol_525,anmol_525@example.com,Frontend Developer,Pending,66,90,65,95
Vikram_526,vikram_526@example.com,Frontend Developer,Pending,62,58,71,71
Sneha_527,sneha_527@example.com,Backend Developer,Passed,50,44,74,45
Vikram_528,vikram_528@example.com,Backend Developer,Failed,96,59,100,60
Arjun_529,arjun_529@example.com,Frontend Developer,Passed,94,42,88,76
Rahul_530,rahul_530@example.com,Data Analyst,Passed,62,87,97,84
Vikram_531,vikram_531@example.com,Data Analyst,Passed,94,90,46,93
Neha_532,neha_532@example.com,Product Manager,Passed,42,67,74,56
Vikram_533,vikram_533@example.com,Data Analyst,Failed,43,78,59,55
Neha_534,neha_534@example.com,Frontend Developer,Failed,51,85,92,99
Neha_535,neha_535@example.com,Frontend Developer,Failed,50,68,75,66
Pooja_536,pooja_536@example.com,ML Engineer,Failed,98,59,67,83
Anmol_537,anmol_537@example.com,Data Analyst,Failed,60,73,98,44
Vikram_538,vikram_538@example.com,Frontend Developer,Failed,47,48,51,96
Riya_539,riya_539@example.com,Backend Developer,Passed,78,79,85,100
Sneha_540,sneha_540@example.com,Data Analyst,Failed,82,42,67,85
Neha_541,neha_541@example.com,ML Engineer,Failed,96,77,61,46
Arjun_542,arjun_542@example.com,ML Engineer,Passed,63,89,68,50
Riya_543,riya_543@example.com,Product Manager,Passed,77,55,100,96
Karan_544,karan_544@example.com,ML Engineer,Passed,65,96,65,68
Riya_545,riya_545@example.com,Data Analyst,Pending,73,46,94,56
Anmol_546,anmol_546@example.com,Data Analyst,Failed,47,58,58,98
Arjun_547,arjun_547@example.com,Data Analyst,Pending,71,51,55,97
Arjun_548,arjun_548@example.com,Backend Developer,Pending,89,82,47,78
Pooja_549,pooja_549@example.com,Frontend Developer,Failed,54,66,79,99
Amit_550,amit_550@example.com,Backend Developer,Pending,61,75,72,42
Sneha_551,sneha_551@example.com,Backend Developer,Failed,62,95,40,54
Anmol_552,anmol_552@example.com,ML Engineer,Pending,90,49,44,81
Sneha_553,sneha_553@example.com,Product Manager,Passed,60,92,76,99
Anmol_554,anmol_554@example.com,Frontend Developer,Passed,57,48,59,89
Arjun_555,arjun_555@example.com,ML Engineer,Pending,71,54,98,86
Sneha_556,sneha_556@example.com,Backend Developer,Failed,49,67,83,41
Pooja_557,pooja_557@example.com,ML Engineer,Pending,45,51,51,86
Vikram_558,vikram_558@example.com,ML Engineer,Pending,63,96,64,96
Vikram_559,vikram_559@example.com,ML Engineer,Failed,51,47,72,87
Neha_560,neha_560@example.com,Data Analyst,Failed,52,78,60,94
Neha_561,neha_561@example.com,Data Analyst,Failed,70,70,40,58
Neha_562,neha_562@example.com,Product Manager,Failed,52,80,70,67
Rahul_563,rahul_563@example.com,Product Manager,Pending,41,97,98,68
Amit_564,amit_564@example.com,Data Analyst,Failed,79,45,72,74
Riya_565,riya_565@example.com,ML Engineer,Passed,50,60,83,88
Pooja_566,pooja_566@example.com,Data Analyst,Passed,47,43,43,65
Vikram_567,vikram_567@example.com,ML Engineer,Passed,100,82,76,72
Rahul_568,rahul_568@example.com,Frontend Developer,Passed,84,60,82,97
Karan_569,karan_569@example.com,ML Engineer,Failed,75,83,79,91
Arjun_570,arjun_570@example.com,Data Analyst,Passed,56,57,96,45
Arjun_571,arjun_571@example.com,Product Manager,Passed,50,98,57,76
Neha_572,neha_572@example.com,Frontend Developer,Pending,84,66,97,48
Amit_573,amit_573@example.com,Backend Developer,Passed,64,80,70,47
Rahul_574,rahul_574@example.com,ML Engineer,Pending,96,76,81,93
Amit_575,amit_575@example.com,Data Analyst,Pending,69,64,55,54
Anmol_576,anmol_576@example.com,Data Analyst,Passed,80,43,49,45
Riya_577,riya_577@example.com,Data Analyst,Passed,58,56,81,88
Sneha_578,sneha_578@example.com,Frontend Developer,Pending,79,47,55,46
Pooja_579,pooja_579@example.com,Frontend Developer,Pending,45,53,77,71
Karan_580,karan_580@example.com,Backend Developer,Pending,61,59,56,99
Neha_581,neha_581@example.com,Backend Developer,Failed,84,75,53,70
Pooja_582,pooja_582@example.com,ML Engineer,Passed,93,54,50,62
Vikram_583,vikram_583@example.com,ML Engineer,Pending,73,61,64,69
Rahul_584,rahul_584@example.com,Frontend Developer,Pending,81,74,66,98
Vikram_585,vikram_585@example.com,Data Analyst,Failed,92,86,47,46
Riya_586,riya_586@example.com,Data Analyst,Failed,65,41,84,60
Pooja_587,pooja_587@example.com,Backend Developer,Failed,41,59,58,55
Amit_588,amit_588@example.com,Backend Developer,Passed,78,40,90,50
Karan_589,karan_589@example.com,Backend Developer,Passed,70,54,82,75
Karan_590,karan_590@example.com,Data Analyst,Pending,71,50,57,75
Amit_591,amit_591@example.com,ML Engineer,Failed,46,97,67,86
Karan_592,karan_592@example.com,Data Analyst,Passed,69,74,87,60
Neha_593,neha_593@example.com,ML Engineer,Passed,48,94,58,58
Riya_594,riya_594@example.com,Product Manager,Pending,58,76,55,65
Karan_595,karan_595@example.com,Backend Developer,Passed,99,81,90,84
Anmol_596,anmol_596@example.com,Frontend Developer,Failed,83,67,49,79
Riya_597,riya_597@example.com,Backend Developer,Failed,54,71,54,45
Anmol_598,anmol_598@example.com,Frontend Developer,Failed,53,89,40,79
Amit_599,amit_599@example.com,Backend Developer,Failed,73,83,91,70
Pooja_600,pooja_600@example.com,Backend Developer,Passed,88,41,89,54
Anmol_601,anmol_601@example.com,Backend Developer,Pending,91,56,66,67
Vikram_602,vikram_602@example.com,Frontend Developer,Failed,72,67,63,76
Neha_603,neha_603@example.com,Data Analyst,Pending,75,46,62,84
Neha_604,neha_604@example.com,Data Analyst,Pending,71,99,52,60
Amit_605,amit_605@example.com,Frontend Developer,Failed,60,41,43,46
Amit_606,amit_606@example.com,ML Engineer,Pending,84,89,43,99
Sneha_607,sneha_607@example.com,Backend Developer,Passed,45,42,49,99
Vikram_608,vikram_608@example.com,Product Manager,Pending,75,67,82,46
Rahul_609,rahul_609@example.com,ML Engineer,Failed,59,42,72,60
Arjun_610,arjun_610@example.com,Data Analyst,Failed,93,95,97,91
Anmol_611,anmol_611@example.com,ML Engineer,Failed,55,83,62,65
Vikram_612,vikram_612@example.com,Frontend Developer,Passed,86,70,85,45
Pooja_613,pooja_613@example.com,Frontend Developer,Failed,55,94,99,56
Amit_614,amit_614@example.com,Backend Developer,Passed,91,50,80,59
Amit_615,amit_615@example.com,Frontend Developer,Failed,76,86,86,97
Amit_616,amit_616@example.com,ML Engineer,Failed,47,98,77,77
Vikram_617,vikram_617@example.com,Backend Developer,Pending,90,88,48,44
Sneha_618,sneha_618@example.com,ML Engineer,Passed,43,49,76,79
Karan_619,karan_619@example.com,ML Engineer,Passed,81,47,54,83
Karan_620,karan_620@example.com,Product Manager,Pending,91,82,67,44
Anmol_621,anmol_621@example.com,ML Engineer,Passed,48,65,79,41
Karan_622,karan_622@example.com,Backend Developer,Failed,63,76,92,53
Karan_623,karan_623@example.com,Data Analyst,Passed,97,52,89,66
Amit_624,amit_624@example.com,Frontend Developer,Failed,54,66,59,56
Neha_625,neha_625@example.com,Frontend Developer,Passed,47,96,57,69
Karan_626,karan_626@example.com,Frontend Developer,Pending,53,64,50,82
Anmol_627,anmol_627@example.com,ML Engineer,Failed,47,40,60,83
Neha_628,neha_628@example.com,Product Manager,Passed,41,94,53,87
Riya_629,riya_629@example.com,Data Analyst,Passed,83,90,51,83
Vikram_630,vikram_630@example.com,Backend Developer,Passed,87,55,91,95
Sneha_631,sneha_631@example.com,Product Manager,Pending,61,72,77,70
Amit_632,amit_632@example.com,Product Manager,Failed,72,66,80,90
Amit_633,amit_633@example.com,Backend Developer,Failed,97,83,89,56
Neha_634,neha_634@example.com,Product Manager,Failed,49,94,78,72
Anmol_635,anmol_635@example.com,ML Engineer,Failed,68,82,52,76
Pooja_636,pooja_636@example.com,Product Manager,Pending,46,74,87,43
Pooja_637,pooja_637@example.com,Data Analyst,Failed,83,47,40,77
Riya_638,riya_638@example.com,Backend Developer,Passed,49,54,88,63
Sneha_639,sneha_639@example.com,Frontend Developer,Pending,93,78,68,98
Vikram_640,vikram_640@example.com,Frontend Developer,Failed,69,93,67,61
Karan_641,karan_641@example.com,Backend Developer,Passed,48,56,44,95
Neha_642,neha_642@example.com,Backend Developer,Passed,64,54,53,78
Arjun_643,arjun_643@example.com,ML Engineer,Failed,40,63,62,55
Anmol_644,anmol_644@example.com,Frontend Developer,Failed,79,45,95,65
Riya_645,riya_645@example.com,Data Analyst,Passed,63,62,42,66
Vikram_646,vikram_646@example.com,Frontend Developer,Passed,91,62,41,69
Karan_647,karan_647@example.com,Backend Developer,Pending,90,40,85,71
Riya_648,riya_648@example.com,Backend Developer,Failed,76,82,59,61
Vikram_649,vikram_649@example.com,Frontend Developer,Failed,87,80,50,41
Anmol_650,anmol_650@example.com,Data Analyst,Failed,42,91,97,94
Anmol_651,anmol_651@example.com,ML Engineer,Failed,86,94,65,61
Riya_652,riya_652@example.com,Frontend Developer,Passed,50,90,52,86
Neha_653,neha_653@example.com,ML Engineer,Pending,93,81,80,51
Arjun_654,arjun_654@example.com,Frontend Developer,Failed,55,65,54,74
Vikram_655,vikram_655@example.com,ML Engineer,Failed,58,68,59,82
Amit_656,amit_656@example.com,Data Analyst,Passed,51,93,73,83
Vikram_657,vikram_657@example.com,Product Manager,Failed,49,100,96,64
Rahul_658,rahul_658@example.com,Product Manager,Pending,49,84,52,100
Anmol_659,anmol_659@example.com,Data Analyst,Failed,62,85,65,56
Riya_660,riya_660@example.com,Product Manager,Passed,85,46,67,88
Vikram_661,vikram_661@example.com,Product Manager,Failed,43,93,71,73
Arjun_662,arjun_662@example.com,Frontend Developer,Passed,94,43,79,52
Rahul_663,rahul_663@example.com,ML Engineer,Pending,86,75,64,96
Sneha_664,sneha_664@example.com,Product Manager,Pending,68,89,75,45
Pooja_665,pooja_665@example.com,Frontend Developer,Failed,44,89,69,89
Anmol_666,anmol_666@example.com,ML Engineer,Passed,63,49,79,88
Neha_667,neha_667@example.com,Frontend Developer,Pending,46,41,85,48
Riya_668,riya_668@example.com,Product Manager,Failed,58,49,84,57
Anmol_669,anmol_669@example.com,Product Manager,Pending,77,45,68,55
Pooja_670,pooja_670@example.com,Backend Developer,Pending,55,73,91,43
Rahul_671,rahul_671@example.com,Product Manager,Pending,64,46,93,78
Arjun_672,arjun_672@example.com,Product Manager,Pending,68,79,73,82
Rahul_673,rahul_673@example.com,Data Analyst,Pending,87,97,58,79
Karan_674,karan_674@example.com,Frontend Developer,Passed,67,51,85,61
Pooja_675,pooja_675@example.com,Data Analyst,Pending,46,70,93,88
Vikram_676,vikram_676@example.com,Product Manager,Pending,53,41,81,65
Neha_677,neha_677@example.com,Product Manager,Pending,44,47,76,56
Vikram_678,vikram_678@example.com,Data Analyst,Passed,44,90,98,85
Karan_679,karan_679@example.com,Backend Developer,Pending,55,65,49,75
Karan_680,karan_680@example.com,Backend Developer,Pending,91,56,90,54
Amit_681,amit_681@example.com,ML Engineer,Passed,92,93,84,93
Sneha_682,sneha_682@example.com,Backend Developer,Passed,87,96,94,99
Amit_683,amit_683@example.com,ML Engineer,Failed,63,81,64,68
Vikram_684,vikram_684@example.com,Backend Developer,Failed,66,64,81,71
Pooja_685,pooja_685@example.com,Backend Developer,Passed,51,96,82,51
Pooja_686,pooja_686@example.com,Backend Developer,Failed,91,50,95,88
Rahul_687,rahul_687@example.com,ML Engineer,Failed,43,74,69,86
Rahul_688,rahul_688@example.com,Backend Developer,Pending,41,93,56,45
Vikram_689,vikram_689@example.com,Product Manager,Passed,83,43,73,71
Karan_690,karan_690@example.com,Product Manager,Pending,92,100,72,66
Riya_691,riya_691@example.com,Data Analyst,Passed,79,41,91,71
Arjun_692,arjun_692@example.com,Frontend Developer,Failed,97,49,69,42
Riya_693,riya_693@example.com,Frontend Developer,Failed,59,80,62,63
Amit_694,amit_694@example.com,Backend Developer,Pending,48,71,46,74
Pooja_695,pooja_695@example.com,ML Engineer,Passed,88,66,89,57
Karan_696,karan_696@example.com,ML Engineer,Failed,62,52,94,91
Pooja_697,pooja_697@example.com,Product Manager,Failed,52,99,61,98
Amit_698,amit_698@example.com,Product Manager,Passed,62,86,92,59
Vikram_699,vikram_699@example.com,ML Engineer,Pending,60,84,64,42
Neha_700,neha_700@example.com,Backend Developer,Pending,62,98,99,88
Vikram_701,vikram_701@example.com,ML Engineer,Passed,82,89,100,73
Amit_702,amit_702@example.com,Product Manager,Failed,58,41,83,72
Amit_703,amit_703@example.com,Product Manager,Passed,70,47,94,62
Neha_704,neha_704@example.com,Product Manager,Failed,43,66,40,65
Riya_705,riya_705@example.com,Backend Developer,Passed,86,66,80,60
Riya_706,riya_706@example.com,ML Engineer,Pending,80,88,42,73
Sneha_707,sneha_707@example.com,Product Manager,Passed,45,98,67,70
Sneha_708,sneha_708@example.com,Frontend Developer,Pending,63,44,62,48
Vikram_709,vikram_709@example.com,Data Analyst,Passed,94,91,44,54
Vikram_710,vikram_710@example.com,Data Analyst,Failed,62,79,53,40
Pooja_711,pooja_711@example.com,Data Analyst,Pending,68,42,49,43
Anmol_712,anmol_712@example.com,Backend Developer,Passed,43,87,47,81
Karan_713,karan_713@example.com,Data Analyst,Passed,53,99,99,47
Arjun_714,arjun_714@example.com,Backend Developer,Pending,91,47,59,86
Neha_715,neha_715@example.com,Product Manager,Passed,71,82,60,45
Vikram_716,vikram_716@example.com,ML Engineer,Failed,44,80,93,83
Amit_717,amit_717@example.com,Data Analyst,Passed,79,63,48,57
Neha_718,neha_718@example.com,Data Analyst,Pending,91,72,76,90
Rahul_719,rahul_719@example.com,ML Engineer,Pending,47,40,80,85
Arjun_720,arjun_720@example.com,Data Analyst,Passed,77,86,58,89
Riya_721,riya_721@example.com,Backend Developer,Failed,77,94,97,62
Vikram_722,vikram_722@example.com,Product Manager,Passed,92,80,91,43
Sneha_723,sneha_723@example.com,Frontend Developer,Pending,77,42,67,50
Riya_724,riya_724@example.com,Data Analyst,Pending,92,70,77,50
Rahul_725,rahul_725@example.com,Frontend Developer,Failed,52,64,89,51
Pooja_726,pooja_726@example.com,Product Manager,Passed,52,60,49,67
Amit_727,amit_727@example.com,ML Engineer,Failed,68,67,52,78
Neha_728,neha_728@example.com,Data Analyst,Passed,43,73,57,74
Arjun_729,arjun_729@example.com,Backend Developer,Pending,43,66,47,61
Karan_730,karan_730@example.com,Data Analyst,Failed,41,50,42,75
Riya_731,riya_731@example.com,ML Engineer,Failed,87,67,99,99
Neha_732,neha_732@example.com,Frontend Developer,Pending,74,69,82,60
Vikram_733,vikram_733@example.com,Product Manager,Failed,68,60,85,53
Arjun_734,arjun_734@example.com,ML Engineer,Pending,46,70,81,40
Sneha_735,sneha_735@example.com,Backend Developer,Pending,69,74,45,65
Karan_736,karan_736@example.com,Backend Developer,Passed,64,61,46,49
Rahul_737,rahul_737@example.com,Backend Developer,Failed,89,53,64,43
Amit_738,amit_738@example.com,ML Engineer,Pending,44,45,47,46
Amit_739,amit_739@example.com,ML Engineer,Passed,42,99,60,79
Rahul_740,rahul_740@example.com,Frontend Developer,Failed,74,43,51,69
Neha_741,neha_741@example.com,Data Analyst,Pending,92,91,70,56
Riya_742,riya_742@example.com,Data Analyst,Pending,82,47,70,44
Riya_743,riya_743@example.com,Product Manager,Passed,46,92,81,65
Anmol_744,anmol_744@example.com,Frontend Developer,Passed,95,87,99,85
Arjun_745,arjun_745@example.com,Frontend Developer,Failed,97,84,64,85
Amit_746,amit_746@example.com,Frontend Developer,Passed,45,57,88,98
Karan_747,karan_747@example.com,ML Engineer,Pending,80,51,83,90
Karan_748,karan_748@example.com,Frontend Developer,Failed,60,69,47,100
Sneha_749,sneha_749@example.com,Frontend Developer,Failed,69,82,98,73
Rahul_750,rahul_750@example.com,ML Engineer,Passed,81,41,77,66
Vikram_751,vikram_751@example.com,Frontend Developer,Passed,45,92,86,74
Neha_752,neha_752@example.com,ML Engineer,Pending,59,79,88,47
Vikram_753,vikram_753@example.com,Backend Developer,Pending,66,55,82,70
Pooja_754,pooja_754@example.com,ML Engineer,Passed,66,82,63,46
Karan_755,karan_755@example.com,Product Manager,Failed,68,76,79,89
Pooja_756,pooja_756@example.com,Backend Developer,Passed,80,90,58,82
Rahul_757,rahul_757@example.com,Backend Developer,Passed,92,84,42,73
Rahul_758,rahul_758@example.com,Frontend Developer,Pending,49,59,95,88
Neha_759,neha_759@example.com,Backend Developer,Failed,76,73,63,92
Karan_760,karan_760@example.com,ML Engineer,Pending,88,56,72,43
Rahul_761,rahul_761@example.com,Data Analyst,Pending,79,77,61,74
Pooja_762,pooja_762@example.com,Backend Developer,Failed,52,68,78,42
Vikram_763,vikram_763@example.com,Data Analyst,Passed,69,95,58,91
Neha_764,neha_764@example.com,Product Manager,Passed,63,60,65,49
Sneha_765,sneha_765@example.com,Backend Developer,Pending,100,47,89,61
Riya_766,riya_766@example.com,ML Engineer,Passed,68,49,56,73
Rahul_767,rahul_767@example.com,Product Manager,Pending,89,93,50,65
Anmol_768,anmol_768@example.com,ML Engineer,Passed,87,88,75,74
Anmol_769,anmol_769@example.com,Frontend Developer,Passed,54,81,100,85
Riya_770,riya_770@example.com,ML Engineer,Pending,64,74,47,89
Rahul_771,rahul_771@example.com,Data Analyst,Failed,58,80,65,66
Riya_772,riya_772@example.com,Frontend Developer,Passed,68,45,54,44
Arjun_773,arjun_773@example.com,Frontend Developer,Passed,100,46,83,55
Vikram_774,vikram_774@example.com,ML Engineer,Passed,52,88,94,60
Sneha_775,sneha_775@example.com,Product Manager,Passed,75,96,69,43
Anmol_776,anmol_776@example.com,Product Manager,Failed,86,90,71,47
Pooja_777,pooja_777@example.com,Frontend Developer,Pending,77,92,90,60
Vikram_778,vikram_778@example.com,Data Analyst,Pending,78,41,72,88
Anmol_779,anmol_779@example.com,ML Engineer,Failed,88,89,45,76
Anmol_780,anmol_780@example.com,Data Analyst,Passed,74,86,51,99
Arjun_781,arjun_781@example.com,Product Manager,Failed,81,67,55,47
Riya_782,riya_782@example.com,Backend Developer,Passed,100,52,51,73
Pooja_783,pooja_783@example.com,Frontend Developer,Passed,94,59,94,96
Arjun_784,arjun_784@example.com,Data Analyst,Pending,55,77,93,86
Karan_785,karan_785@example.com,ML Engineer,Failed,79,50,87,57
Rahul_786,rahul_786@example.com,Frontend Developer,Failed,95,83,48,75
Pooja_787,pooja_787@example.com,ML Engineer,Failed,63,45,76,75
Sneha_788,sneha_788@example.com,Data Analyst,Failed,75,82,59,64
Riya_789,riya_789@example.com,Product Manager,Failed,100,49,41,56
Arjun_790,arjun_790@example.com,Data Analyst,Passed,56,58,98,85
Rahul_791,rahul_791@example.com,Backend Developer,Pending,73,40,57,81
Amit_792,amit_792@example.com,Backend Developer,Passed,59,44,55,42
Pooja_793,pooja_793@example.com,Frontend Developer,Failed,68,90,51,63
Riya_794,riya_794@example.com,Backend Developer,Passed,63,91,57,82
Vikram_795,vikram_795@example.com,ML Engineer,Pending,76,77,51,40
Riya_796,riya_796@example.com,ML Engineer,Passed,48,60,69,67
Anmol_797,anmol_797@example.com,Product Manager,Failed,54,77,49,95
Amit_798,amit_798@example.com,Frontend Developer,Passed,65,91,69,86
Neha_799,neha_799@example.com,Product Manager,Pending,62,45,60,99
Karan_800,karan_800@example.com,ML Engineer,Failed,92,73,80,66
Arjun_801,arjun_801@example.com,ML Engineer,Failed,82,99,51,88
Riya_802,riya_802@example.com,Backend Developer,Failed,68,55,93,76
Neha_803,neha_803@example.com,Frontend Developer,Pending,44,78,91,81
Karan_804,karan_804@example.com,Product Manager,Failed,77,88,91,49
Neha_805,neha_805@example.com,ML Engineer,Failed,81,70,95,49
Vikram_806,vikram_806@example.com,Backend Developer,Passed,45,81,77,97
Arjun_807,arjun_807@example.com,Data Analyst,Pending,41,70,89,44
Sneha_808,sneha_808@example.com,Backend Developer,Passed,40,65,65,50
Pooja_809,pooja_809@example.com,Product Manager,Failed,45,80,79,50
Rahul_810,rahul_810@example.com,Product Manager,Pending,97,40,55,90
Anmol_811,anmol_811@example.com,Data Analyst,Failed,50,62,57,85
Pooja_812,pooja_812@example.com,ML Engineer,Passed,77,93,48,72
Arjun_813,arjun_813@example.com,Product Manager,Pending,92,61,95,64
Anmol_814,anmol_814@example.com,Backend Developer,Failed,87,48,50,68
Sneha_815,sneha_815@example.com,Data Analyst,Passed,85,53,59,97
Anmol_816,anmol_816@example.com,Backend Developer,Passed,79,65,41,83
Karan_817,karan_817@example.com,ML Engineer,Failed,57,44,58,59
Vikram_818,vikram_818@example.com,Frontend Developer,Failed,70,56,87,90
Arjun_819,arjun_819@example.com,Frontend Developer,Pending,40,90,64,65
Rahul_820,rahul_820@example.com,Product Manager,Pending,99,51,96,47
Amit_821,amit_821@example.com,ML Engineer,Pending,49,41,95,99
Amit_822,amit_822@example.com,Data Analyst,Pending,93,46,84,97
Anmol_823,anmol_823@example.com,Backend Developer,Passed,77,100,52,56
Anmol_824,anmol_824@example.com,Data Analyst,Passed,80,73,83,59
Sneha_825,sneha_825@example.com,Product Manager,Pending,41,43,91,61
Rahul_826,rahul_826@example.com,Frontend Developer,Passed,55,72,78,61
Sneha_827,sneha_827@example.com,Data Analyst,Passed,69,87,84,97
Karan_828,karan_828@example.com,ML Engineer,Passed,42,100,69,69
Amit_829,amit_829@example.com,Backend Developer,Passed,49,96,82,79
Pooja_830,pooja_830@example.com,Data Analyst,Pending,65,77,78,71
Pooja_831,pooja_831@example.com,Frontend Developer,Passed,50,59,98,80
Rahul_832,rahul_832@example.com,Data Analyst,Passed,88,85,48,42
Arjun_833,arjun_833@example.com,ML Engineer,Passed,88,88,48,77
Vikram_834,vikram_834@example.com,Product Manager,Failed,75,98,98,78
Riya_835,riya_835@example.com,Data Analyst,Passed,72,80,81,99
Riya_836,riya_836@example.com,Backend Developer,Failed,58,61,62,95
Anmol_837,anmol_837@example.com,Product Manager,Pending,83,62,93,58
Neha_838,neha_838@example.com,ML Engineer,Pending,86,64,82,80
Vikram_839,vikram_839@example.com,Backend Developer,Pending,95,84,91,74
Vikram_840,vikram_840@example.com,Backend Developer,Pending,87,90,54,99
Neha_841,neha_841@example.com,Data Analyst,Passed,52,69,61,99
Rahul_842,rahul_842@example.com,ML Engineer,Failed,86,83,44,41
Arjun_843,arjun_843@example.com,Frontend Developer,Passed,76,40,87,40
Karan_844,karan_844@example.com,Backend Developer,Pending,83,51,53,72
Pooja_845,pooja_845@example.com,ML Engineer,Pending,54,51,58,92
Sneha_846,sneha_846@example.com,ML Engineer,Failed,57,59,93,80
Amit_847,amit_847@example.com,ML Engineer,Passed,62,48,41,62
Pooja_848,pooja_848@example.com,Data Analyst,Failed,72,72,98,55
Neha_849,neha_849@example.com,ML Engineer,Failed,41,76,98,90
Vikram_850,vikram_850@example.com,Frontend Developer,Failed,66,97,84,74
Rahul_851,rahul_851@example.com,Product Manager,Passed,67,85,89,76
Riya_852,riya_852@example.com,Data Analyst,Passed,73,53,49,52
Sneha_853,sneha_853@example.com,ML Engineer,Passed,89,54,89,60
Rahul_854,rahul_854@example.com,Frontend Developer,Pending,70,92,64,74
Karan_855,karan_855@example.com,Frontend Developer,Pending,57,50,59,69
Neha_856,neha_856@example.com,Product Manager,Pending,49,80,59,62
Karan_857,karan_857@example.com,Frontend Developer,Failed,88,95,60,40
Amit_858,amit_858@example.com,Data Analyst,Passed,91,91,47,56
Vikram_859,vikram_859@example.com,Product Manager,Pending,42,69,60,74
Neha_860,neha_860@example.com,Frontend Developer,Pending,77,79,47,65
Arjun_861,arjun_861@example.com,Frontend Developer,Pending,70,43,83,92
Sneha_862,sneha_862@example.com,Backend Developer,Pending,66,99,93,58
Anmol_863,anmol_863@example.com,Backend Developer,Pending,78,90,93,40
Amit_864,amit_864@example.com,Product Manager,Failed,64,98,41,63
Riya_865,riya_865@example.com,ML Engineer,Pending,53,90,81,76
Anmol_866,anmol_866@example.com,ML Engineer,Pending,85,97,50,68
Amit_867,amit_867@example.com,ML Engineer,Passed,63,55,92,96
Rahul_868,rahul_868@example.com,Frontend Developer,Failed,62,51,92,43
Anmol_869,anmol_869@example.com,Product Manager,Failed,98,62,55,64
Arjun_870,arjun_870@example.com,Frontend Developer,Passed,54,62,45,98
Anmol_871,anmol_871@example.com,Data Analyst,Passed,75,99,43,42
Vikram_872,vikram_872@example.com,Product Manager,Pending,54,97,73,90
Rahul_873,rahul_873@example.com,Frontend Developer,Pending,57,51,74,91
Riya_874,riya_874@example.com,ML Engineer,Passed,96,44,68,43
Riya_875,riya_875@example.com,Frontend Developer,Failed,71,51,82,92
Vikram_876,vikram_876@example.com,ML Engineer,Failed,45,53,70,92
Rahul_877,rahul_877@example.com,Backend Developer,Failed,42,82,96,75
Anmol_878,anmol_878@example.com,Backend Developer,Failed,41,63,73,45
Arjun_879,arjun_879@example.com,Product Manager,Passed,95,61,75,85
Rahul_880,rahul_880@example.com,ML Engineer,Passed,94,89,91,87
Karan_881,karan_881@example.com,Data Analyst,Passed,83,76,68,97
Sneha_882,sneha_882@example.com,Frontend Developer,Failed,83,58,43,100
Vikram_883,vikram_883@example.com,ML Engineer,Failed,60,40,69,67
Rahul_884,rahul_884@example.com,Frontend Developer,Failed,82,44,85,81
Riya_885,riya_885@example.com,Backend Developer,Failed,60,48,82,99
Amit_886,amit_886@example.com,Data Analyst,Pending,68,58,58,49
Sneha_887,sneha_887@example.com,Frontend Developer,Pending,80,68,59,78
Rahul_888,rahul_888@example.com,Product Manager,Failed,88,48,67,98
Vikram_889,vikram_889@example.com,Data Analyst,Passed,42,43,96,99
Pooja_890,pooja_890@example.com,ML Engineer,Pending,52,92,49,88
Neha_891,neha_891@example.com,Backend Developer,Pending,40,52,74,43
Pooja_892,pooja_892@example.com,Product Manager,Failed,79,40,46,42
Karan_893,karan_893@example.com,Product Manager,Failed,57,59,59,82
Pooja_894,pooja_894@example.com,ML Engineer,Failed,40,46,78,81
Amit_895,amit_895@example.com,Backend Developer,Pending,98,82,71,96
Anmol_896,anmol_896@example.com,Backend Developer,Failed,42,46,81,85
Vikram_897,vikram_897@example.com,Product Manager,Failed,55,61,64,71
Sneha_898,sneha_898@example.com,ML Engineer,Failed,68,65,61,97
Rahul_899,rahul_899@example.com,Data Analyst,Passed,98,99,51,92
Neha_900,neha_900@example.com,Frontend Developer,Passed,70,77,92,42
Sneha_901,sneha_901@example.com,ML Engineer,Passed,89,90,67,84
Rahul_902,rahul_902@example.com,Frontend Developer,Failed,67,66,71,91
Riya_903,riya_903@example.com,ML Engineer,Passed,54,50,89,93
Rahul_904,rahul_904@example.com,Frontend Developer,Pending,59,58,62,71
Riya_905,riya_905@example.com,Product Manager,Pending,60,92,64,43
Vikram_906,vikram_906@example.com,Backend Developer,Failed,58,57,87,91
Karan_907,karan_907@example.com,Frontend Developer,Passed,91,56,76,89
Anmol_908,anmol_908@example.com,ML Engineer,Pending,60,60,47,98
Amit_909,amit_909@example.com,ML Engineer,Passed,95,95,66,79
Pooja_910,pooja_910@example.com,Frontend Developer,Passed,83,98,72,56
Vikram_911,vikram_911@example.com,Backend Developer,Pending,40,86,42,84
Amit_912,amit_912@example.com,Frontend Developer,Passed,64,65,99,89
Sneha_913,sneha_913@example.com,Backend Developer,Failed,72,96,55,52
Vikram_914,vikram_914@example.com,Data Analyst,Passed,79,91,93,48
Rahul_915,rahul_915@example.com,Product Manager,Failed,95,96,78,53
Amit_916,amit_916@example.com,Data Analyst,Pending,66,57,92,96
Amit_917,amit_917@example.com,ML Engineer,Failed,98,50,66,40
Karan_918,karan_918@example.com,Frontend Developer,Pending,88,44,81,76
Anmol_919,anmol_919@example.com,ML Engineer,Failed,46,45,82,58
Riya_920,riya_920@example.com,Frontend Developer,Failed,52,58,86,86
Vikram_921,vikram_921@example.com,Backend Developer,Passed,93,54,58,97
Arjun_922,arjun_922@example.com,Frontend Developer,Failed,80,42,54,55
Sneha_923,sneha_923@example.com,Product Manager,Failed,49,52,43,40
Pooja_924,pooja_924@example.com,Frontend Developer,Passed,63,55,67,66
Pooja_925,pooja_925@example.com,Backend Developer,Failed,66,43,71,65
Sneha_926,sneha_926@example.com,Product Manager,Passed,44,91,51,40
Arjun_927,arjun_927@example.com,Data Analyst,Pending,45,86,71,54
Sneha_928,sneha_928@example.com,Product Manager,Passed,64,94,79,85
Sneha_929,sneha_929@example.com,ML Engineer,Failed,90,88,85,77
Rahul_930,rahul_930@example.com,Product Manager,Failed,57,95,86,66
Neha_931,neha_931@example.com,Frontend Developer,Passed,59,63,48,62
Amit_932,amit_932@example.com,Backend Developer,Pending,45,59,66,72
Pooja_933,pooja_933@example.com,ML Engineer,Pending,99,68,74,52
Neha_934,neha_934@example.com,Frontend Developer,Passed,63,50,81,98
Pooja_935,pooja_935@example.com,Data Analyst,Passed,66,94,53,86
Arjun_936,arjun_936@example.com,Frontend Developer,Failed,55,55,64,100
Rahul_937,rahul_937@example.com,Frontend Developer,Failed,41,56,88,94
Amit_938,amit_938@example.com,Backend Developer,Failed,83,51,65,80
Pooja_939,pooja_939@example.com,Frontend Developer,Failed,92,68,66,89
Arjun_940,arjun_940@example.com,Data Analyst,Pending,96,60,52,54
Pooja_941,pooja_941@example.com,Product Manager,Failed,60,86,60,95
Amit_942,amit_942@example.com,Product Manager,Pending,89,98,55,84
Vikram_943,vikram_943@example.com,Backend Developer,Passed,84,41,90,81
Arjun_944,arjun_944@example.com,Data Analyst,Passed,57,58,40,65
Amit_945,amit_945@example.com,Backend Developer,Pending,78,65,41,44
Anmol_946,anmol_946@example.com,Data Analyst,Pending,46,69,98,72
Amit_947,amit_947@example.com,Product Manager,Failed,56,86,46,63
Arjun_948,arjun_948@example.com,ML Engineer,Pending,40,43,56,60
Sneha_949,sneha_949@example.com,ML Engineer,Pending,67,80,81,50
Arjun_950,arjun_950@example.com,Backend Developer,Passed,71,47,76,47
Neha_951,neha_951@example.com,Backend Developer,Pending,82,87,71,100
Amit_952,amit_952@example.com,Backend Developer,Passed,69,77,58,79
Amit_953,amit_953@example.com,Frontend Developer,Passed,60,65,90,51
Neha_954,neha_954@example.com,ML Engineer,Failed,77,92,70,78
Anmol_955,anmol_955@example.com,ML Engineer,Pending,41,51,49,49
Karan_956,karan_956@example.com,ML Engineer,Failed,47,71,77,90
Amit_957,amit_957@example.com,Backend Developer,Passed,97,89,73,53
Arjun_958,arjun_958@example.com,Backend Developer,Passed,84,86,93,50
Karan_959,karan_959@example.com,Data Analyst,Pending,66,55,81,59
Neha_960,neha_960@example.com,Data Analyst,Failed,50,58,60,84
Sneha_961,sneha_961@example.com,Data Analyst,Failed,56,94,97,88
Neha_962,neha_962@example.com,Backend Developer,Pending,57,83,66,52
Riya_963,riya_963@example.com,ML Engineer,Pending,45,42,56,92
Neha_964,neha_964@example.com,Backend Developer,Failed,79,73,50,55
Karan_965,karan_965@example.com,Product Manager,Failed,86,64,100,54
Neha_966,neha_966@example.com,Frontend Developer,Failed,93,74,83,41
Arjun_967,arjun_967@example.com,Data Analyst,Passed,58,61,57,44
Arjun_968,arjun_968@example.com,Data Analyst,Failed,40,80,57,91
Neha_969,neha_969@example.com,Backend Developer,Pending,92,100,63,67
Riya_970,riya_970@example.com,Data Analyst,Failed,89,75,61,80
Arjun_971,arjun_971@example.com,ML Engineer,Pending,55,54,65,66
Riya_972,riya_972@example.com,Product Manager,Pending,92,57,49,40
Anmol_973,anmol_973@example.com,Data Analyst,Failed,66,96,59,50
Neha_974,neha_974@example.com,Data Analyst,Pending,64,99,81,68
Anmol_975,anmol_975@example.com,Backend Developer,Failed,40,62,85,88
Arjun_976,arjun_976@example.com,Data Analyst,Pending,63,62,73,73
Rahul_977,rahul_977@example.com,ML Engineer,Passed,40,42,78,82
Riya_978,riya_978@example.com,Product Manager,Pending,67,87,65,80
Anmol_979,anmol_979@example.com,Frontend Developer,Passed,98,46,46,84
Amit_980,amit_980@example.com,Data Analyst,Failed,69,79,97,81
Rahul_981,rahul_981@example.com,Product Manager,Pending,86,42,77,97
Neha_982,neha_982@example.com,Data Analyst,Pending,80,96,46,59
Vikram_983,vikram_983@example.com,Product Manager,Pending,89,63,88,40
Neha_984,neha_984@example.com,Backend Developer,Pending,41,67,82,75
Pooja_985,pooja_985@example.com,ML Engineer,Failed,99,93,98,72
Pooja_986,pooja_986@example.com,Product Manager,Failed,97,78,70,97
Vikram_987,vikram_987@example.com,Backend Developer,Pending,46,89,71,54
Anmol_988,anmol_988@example.com,ML Engineer,Failed,90,94,93,97
Arjun_989,arjun_989@example.com,ML Engineer,Passed,46,74,52,57
Pooja_990,pooja_990@example.com,Frontend Developer,Failed,88,69,96,90
Sneha_991,sneha_991@example.com,ML Engineer,Failed,46,52,61,72
Sneha_992,sneha_992@example.com,Product Manager,Passed,55,93,46,76
Neha_993,neha_993@example.com,Product Manager,Pending,86,85,72,92
Anmol_994,anmol_994@example.com,Product Manager,Failed,61,44,84,69
Amit_995,amit_995@example.com,Frontend Developer,Failed,96,57,45,95
Riya_996,riya_996@example.com,Backend Developer,Passed,41,87,82,78
Karan_997,karan_997@example.com,Frontend Developer,Passed,94,60,89,100
Sneha_998,sneha_998@example.com,Product Manager,Pending,62,69,49,100
Karan_999,karan_999@example.com,Data Analyst,Passed,53,47,94,41
Rahul_1000,rahul_1000@example.com,Data Analyst,Failed,67,67,94,91
Vikram_1001,vikram_1001@example.com,Frontend Developer,Pending,87,82,53,40
Anmol_1002,anmol_1002@example.com,Backend Developer,Passed,87,86,54,40
Riya_1003,riya_1003@example.com,Backend Developer,Failed,93,58,56,61
Amit_1004,amit_1004@example.com,Frontend Developer,Failed,89,55,54,90
Pooja_1005,pooja_1005@example.com,Frontend Developer,Pending,50,80,95,84
Karan_1006,karan_1006@example.com,Frontend Developer,Passed,88,54,75,45
Anmol_1007,anmol_1007@example.com,Backend Developer,Failed,82,97,53,82
Pooja_1008,pooja_1008@example.com,ML Engineer,Passed,58,97,79,96
Pooja_1009,pooja_1009@example.com,Backend Developer,Pending,96,84,97,55
Riya_1010,riya_1010@example.com,ML Engineer,Pending,72,91,60,95
Neha_1011,neha_1011@example.com,Frontend Developer,Passed,40,78,82,83
Neha_1012,neha_1012@example.com,Backend Developer,Passed,93,47,42,64
Anmol_1013,anmol_1013@example.com,Backend Developer,Pending,80,65,99,81
Rahul_1014,rahul_1014@example.com,Product Manager,Passed,82,53,72,62
Arjun_1015,arjun_1015@example.com,Data Analyst,Pending,83,90,70,80
Riya_1016,riya_1016@example.com,Data Analyst,Pending,94,83,52,40
Amit_1017,amit_1017@example.com,Data Analyst,Passed,60,89,68,62
Sneha_1018,sneha_1018@example.com,Data Analyst,Pending,69,69,69,47
Karan_1019,karan_1019@example.com,Frontend Developer,Passed,77,80,80,92
Amit_1020,amit_1020@example.com,Backend Developer,Passed,64,70,69,93
Pooja_1021,pooja_1021@example.com,Data Analyst,Pending,83,50,47,86
Karan_1022,karan_1022@example.com,Data Analyst,Pending,60,57,73,86
Sneha_1023,sneha_1023@example.com,ML Engineer,Passed,86,49,49,81
Riya_1024,riya_1024@example.com,Data Analyst,Pending,89,70,40,61
Arjun_1025,arjun_1025@example.com,Backend Developer,Passed,65,93,46,59
Karan_1026,karan_1026@example.com,Product Manager,Passed,41,42,53,80
Riya_1027,riya_1027@example.com,Data Analyst,Passed,64,83,94,43
Anmol_1028,anmol_1028@example.com,Data Analyst,Passed,87,78,75,88
Amit_1029,amit_1029@example.com,Frontend Developer,Pending,100,59,82,80
Neha_1030,neha_1030@example.com,Backend Developer,Pending,87,43,64,41
Arjun_1031,arjun_1031@example.com,Data Analyst,Passed,81,96,94,46
Arjun_1032,arjun_1032@example.com,Backend Developer,Pending,71,49,52,71
Sneha_1033,sneha_1033@example.com,ML Engineer,Pending,89,67,64,72
Pooja_1034,pooja_1034@example.com,Frontend Developer,Pending,52,77,90,62
Amit_1035,amit_1035@example.com,Frontend Developer,Pending,87,71,80,86
Rahul_1036,rahul_1036@example.com,Data Analyst,Passed,66,44,42,71
Neha_1037,neha_1037@example.com,Product Manager,Failed,70,52,83,44
Amit_1038,amit_1038@example.com,Frontend Developer,Pending,45,89,42,47
Rahul_1039,rahul_1039@example.com,Frontend Developer,Passed,74,99,40,83
Riya_1040,riya_1040@example.com,Backend Developer,Pending,83,92,80,58
Neha_1041,neha_1041@example.com,Product Manager,Pending,78,89,43,82
Rahul_1042,rahul_1042@example.com,Frontend Developer,Passed,99,59,60,98
Pooja_1043,pooja_1043@example.com,Frontend Developer,Failed,82,64,54,61
Anmol_1044,anmol_1044@example.com,Backend Developer,Pending,82,98,71,62
Sneha_1045,sneha_1045@example.com,ML Engineer,Failed,89,73,46,44
Sneha_1046,sneha_1046@example.com,Backend Developer,Pending,74,97,74,69
Vikram_1047,vikram_1047@example.com,Product Manager,Failed,87,45,81,96
Rahul_1048,rahul_1048@example.com,Frontend Developer,Failed,92,53,73,84
Riya_1049,riya_1049@example.com,Data Analyst,Failed,77,90,44,49
Riya_1050,riya_1050@example.com,Frontend Developer,Pending,46,60,75,74
Vikram_1051,vikram_1051@example.com,Data Analyst,Pending,65,79,71,77
Pooja_1052,pooja_1052@example.com,Product Manager,Failed,95,67,54,80
Anmol_1053,anmol_1053@example.com,Data Analyst,Passed,95,40,90,87
Amit_1054,amit_1054@example.com,Data Analyst,Pending,68,85,93,50
Sneha_1055,sneha_1055@example.com,Frontend Developer,Pending,89,97,50,78
Rahul_1056,rahul_1056@example.com,Data Analyst,Passed,64,94,41,74
Arjun_1057,arjun_1057@example.com,Product Manager,Pending,94,80,91,72
Sneha_1058,sneha_1058@example.com,ML Engineer,Pending,100,63,86,67
Vikram_1059,vikram_1059@example.com,Product Manager,Failed,79,63,46,93
Vikram_1060,vikram_1060@example.com,Product Manager,Passed,99,66,88,75
Sneha_1061,sneha_1061@example.com,Product Manager,Passed,51,57,65,84
Riya_1062,riya_1062@example.com,Data Analyst,Passed,76,57,48,90
Riya_1063,riya_1063@example.com,Product Manager,Failed,91,40,51,56
Arjun_1064,arjun_1064@example.com,Product Manager,Passed,69,98,84,91
Karan_1065,karan_1065@example.com,Product Manager,Pending,52,40,48,76
Pooja_1066,pooja_1066@example.com,Product Manager,Pending,80,73,52,94
Vikram_1067,vikram_1067@example.com,Backend Developer,Failed,87,90,51,97
Pooja_1068,pooja_1068@example.com,Backend Developer,Passed,79,85,45,90
Arjun_1069,arjun_1069@example.com,Backend Developer,Pending,41,90,60,75
Karan_1070,karan_1070@example.com,Product Manager,Failed,100,81,54,70
Arjun_1071,arjun_1071@example.com,Backend Developer,Pending,90,93,66,80
Vikram_1072,vikram_1072@example.com,Product Manager,Passed,48,80,65,72
Neha_1073,neha_1073@example.com,Data Analyst,Passed,62,67,45,99
Karan_1074,karan_1074@example.com,Backend Developer,Failed,99,48,94,63
Arjun_1075,arjun_1075@example.com,Backend Developer,Failed,59,57,93,83
Riya_1076,riya_1076@example.com,Frontend Developer,Failed,54,52,94,63
Anmol_1077,anmol_1077@example.com,Data Analyst,Failed,42,90,99,81
Neha_1078,neha_1078@example.com,Frontend Developer,Passed,48,53,67,60
Arjun_1079,arjun_1079@example.com,Frontend Developer,Passed,100,78,43,56
Rahul_1080,rahul_1080@example.com,Frontend Developer,Pending,95,46,78,74
Arjun_1081,arjun_1081@example.com,Frontend Developer,Failed,70,75,51,81
Pooja_1082,pooja_1082@example.com,Product Manager,Pending,67,47,53,57
Amit_1083,amit_1083@example.com,ML Engineer,Pending,78,84,91,91
Karan_1084,karan_1084@example.com,Frontend Developer,Failed,83,89,51,93
Sneha_1085,sneha_1085@example.com,Data Analyst,Passed,90,68,54,73
Neha_1086,neha_1086@example.com,Backend Developer,Failed,85,73,78,52
Arjun_1087,arjun_1087@example.com,ML Engineer,Pending,81,42,82,98
Sneha_1088,sneha_1088@example.com,Data Analyst,Failed,99,88,53,80
Neha_1089,neha_1089@example.com,Frontend Developer,Failed,72,82,91,96
Rahul_1090,rahul_1090@example.com,ML Engineer,Failed,76,46,81,100
Karan_1091,karan_1091@example.com,ML Engineer,Pending,67,93,58,72
Riya_1092,riya_1092@example.com,ML Engineer,Pending,55,52,60,62
Amit_1093,amit_1093@example.com,ML Engineer,Pending,86,47,66,95
Vikram_1094,vikram_1094@example.com,Product Manager,Failed,73,62,87,64
Arjun_1095,arjun_1095@example.com,Product Manager,Pending,75,94,73,95
Amit_1096,amit_1096@example.com,ML Engineer,Pending,72,63,49,83
Karan_1097,karan_1097@example.com,Backend Developer,Pending,78,81,74,88
Neha_1098,neha_1098@example.com,Product Manager,Passed,52,62,88,72
Riya_1099,riya_1099@example.com,Frontend Developer,Failed,61,78,86,77
Pooja_1100,pooja_1100@example.com,Product Manager,Pending,85,94,66,91
Arjun_1101,arjun_1101@example.com,Product Manager,Failed,65,100,74,71
Arjun_1102,arjun_1102@example.com,Product Manager,Pending,82,65,75,47
Anmol_1103,anmol_1103@example.com,Data Analyst,Pending,93,43,76,54
Amit_1104,amit_1104@example.com,Frontend Developer,Pending,92,96,58,57
Amit_1105,amit_1105@example.com,Data Analyst,Passed,47,40,91,95
Amit_1106,amit_1106@example.com,Backend Developer,Pending,59,90,49,55
Riya_1107,riya_1107@example.com,Data Analyst,Pending,49,47,79,50
Anmol_1108,anmol_1108@example.com,Data Analyst,Passed,81,53,69,84
Pooja_1109,pooja_1109@example.com,Frontend Developer,Passed,78,86,68,47
Riya_1110,riya_1110@example.com,Data Analyst,Pending,98,89,83,71
Riya_1111,riya_1111@example.com,ML Engineer,Failed,45,78,95,86
Sneha_1112,sneha_1112@example.com,Backend Developer,Pending,79,77,85,45
Rahul_1113,rahul_1113@example.com,ML Engineer,Pending,94,94,88,42
Pooja_1114,pooja_1114@example.com,Frontend Developer,Passed,82,91,76,68
Riya_1115,riya_1115@example.com,Frontend Developer,Passed,68,94,74,74
Karan_1116,karan_1116@example.com,Data Analyst,Failed,47,83,48,54
Neha_1117,neha_1117@example.com,Data Analyst,Pending,57,99,73,82
Riya_1118,riya_1118@example.com,Data Analyst,Pending,66,77,83,99
Arjun_1119,arjun_1119@example.com,Product Manager,Pending,97,49,55,98
Neha_1120,neha_1120@example.com,Backend Developer,Failed,49,84,80,40
Neha_1121,neha_1121@example.com,Product Manager,Pending,63,75,53,50
Neha_1122,neha_1122@example.com,Data Analyst,Passed,97,68,86,74
Anmol_1123,anmol_1123@example.com,Data Analyst,Passed,69,97,66,76
Vikram_1124,vikram_1124@example.com,Backend Developer,Failed,43,45,87,50
Amit_1125,amit_1125@example.com,Frontend Developer,Passed,64,67,90,81
Rahul_1126,rahul_1126@example.com,Frontend Developer,Passed,100,71,67,82
Vikram_1127,vikram_1127@example.com,Product Manager,Passed,81,56,69,53
Amit_1128,amit_1128@example.com,Backend Developer,Failed,77,58,76,65
Amit_1129,amit_1129@example.com,Product Manager,Pending,56,67,53,100
Neha_1130,neha_1130@example.com,Data Analyst,Failed,93,55,95,80
Pooja_1131,pooja_1131@example.com,Data Analyst,Failed,95,68,50,78
Arjun_1132,arjun_1132@example.com,Backend Developer,Passed,66,92,74,83
Amit_1133,amit_1133@example.com,Product Manager,Failed,45,95,73,49
Sneha_1134,sneha_1134@example.com,Backend Developer,Passed,85,96,89,73
Sneha_1135,sneha_1135@example.com,Product Manager,Failed,54,95,74,78
Rahul_1136,rahul_1136@example.com,ML Engineer,Failed,82,95,69,63
Arjun_1137,arjun_1137@example.com,Frontend Developer,Passed,58,95,77,89
Pooja_1138,pooja_1138@example.com,ML Engineer,Pending,45,84,91,98
Arjun_1139,arjun_1139@example.com,Product Manager,Failed,59,78,67,63
Rahul_1140,rahul_1140@example.com,Backend Developer,Passed,98,73,100,61
Anmol_1141,anmol_1141@example.com,ML Engineer,Passed,84,49,55,53
Anmol_1142,anmol_1142@example.com,Frontend Developer,Failed,81,50,87,98
Rahul_1143,rahul_1143@example.com,Backend Developer,Passed,79,92,52,73
Amit_1144,amit_1144@example.com,Backend Developer,Failed,86,78,83,68
Karan_1145,karan_1145@example.com,Frontend Developer,Failed,63,62,40,67
Amit_1146,amit_1146@example.com,Frontend Developer,Passed,84,88,78,80
Sneha_1147,sneha_1147@example.com,Product Manager,Failed,65,46,87,84
Anmol_1148,anmol_1148@example.com,Frontend Developer,Passed,51,40,87,43
Arjun_1149,arjun_1149@example.com,Product Manager,Failed,65,86,55,71
Vikram_1150,vikram_1150@example.com,Data Analyst,Pending,78,69,57,50
Anmol_1151,anmol_1151@example.com,Product Manager,Pending,96,82,59,69
Amit_1152,amit_1152@example.com,ML Engineer,Pending,41,71,50,51
Rahul_1153,rahul_1153@example.com,ML Engineer,Failed,84,57,63,99
Rahul_1154,rahul_1154@example.com,Backend Developer,Passed,52,72,75,97
Arjun_1155,arjun_1155@example.com,Frontend Developer,Passed,69,42,45,73
Riya_1156,riya_1156@example.com,Product Manager,Passed,51,77,65,82
Sneha_1157,sneha_1157@example.com,Backend Developer,Passed,43,54,93,68
Neha_1158,neha_1158@example.com,Data Analyst,Pending,61,59,58,71
Sneha_1159,sneha_1159@example.com,ML Engineer,Failed,83,65,90,99
Pooja_1160,pooja_1160@example.com,Frontend Developer,Failed,56,92,65,69
Sneha_1161,sneha_1161@example.com,Frontend Developer,Failed,93,48,79,88
Rahul_1162,rahul_1162@example.com,Data Analyst,Failed,61,78,44,62
Riya_1163,riya_1163@example.com,Backend Developer,Failed,46,51,67,64
Karan_1164,karan_1164@example.com,Data Analyst,Passed,69,85,61,54
Sneha_1165,sneha_1165@example.com,Product Manager,Passed,78,87,60,96
Anmol_1166,anmol_1166@example.com,ML Engineer,Passed,58,54,73,74
Karan_1167,karan_1167@example.com,ML Engineer,Passed,43,85,95,99
Pooja_1168,pooja_1168@example.com,Backend Developer,Passed,62,72,97,70
Vikram_1169,vikram_1169@example.com,ML Engineer,Passed,59,48,42,86
Arjun_1170,arjun_1170@example.com,Backend Developer,Failed,45,94,80,76
Arjun_1171,arjun_1171@example.com,Data Analyst,Passed,94,59,66,91
Arjun_1172,arjun_1172@example.com,ML Engineer,Passed,79,52,59,49
Neha_1173,neha_1173@example.com,Frontend Developer,Failed,91,48,45,63
Anmol_1174,anmol_1174@example.com,ML Engineer,Failed,68,63,76,70
Pooja_1175,pooja_1175@example.com,Product Manager,Passed,68,93,58,85
Anmol_1176,anmol_1176@example.com,Backend Developer,Passed,94,63,72,46
Riya_1177,riya_1177@example.com,ML Engineer,Failed,46,53,83,63
Sneha_1178,sneha_1178@example.com,ML Engineer,Passed,86,47,84,100
Riya_1179,riya_1179@example.com,ML Engineer,Pending,45,50,71,98
Anmol_1180,anmol_1180@example.com,Frontend Developer,Pending,72,46,55,80
Neha_1181,neha_1181@example.com,Backend Developer,Failed,92,71,90,90
Rahul_1182,rahul_1182@example.com,Frontend Developer,Pending,90,56,74,44
Karan_1183,karan_1183@example.com,Frontend Developer,Passed,56,84,76,57
Neha_1184,neha_1184@example.com,ML Engineer,Passed,61,88,75,81
Riya_1185,riya_1185@example.com,Data Analyst,Pending,85,76,74,55
Amit_1186,amit_1186@example.com,Frontend Developer,Passed,72,53,95,100
Vikram_1187,vikram_1187@example.com,ML Engineer,Failed,58,87,85,100
Rahul_1188,rahul_1188@example.com,Frontend Developer,Passed,75,97,59,52
Amit_1189,amit_1189@example.com,ML Engineer,Pending,59,75,56,56
Vikram_1190,vikram_1190@example.com,Data Analyst,Failed,96,69,48,80
Rahul_1191,rahul_1191@example.com,Product Manager,Passed,88,53,80,57
Neha_1192,neha_1192@example.com,Frontend Developer,Failed,76,40,90,40
Riya_1193,riya_1193@example.com,ML Engineer,Passed,48,94,86,41
Arjun_1194,arjun_1194@example.com,Product Manager,Failed,71,53,91,95
Vikram_1195,vikram_1195@example.com,Data Analyst,Pending,99,80,87,79
Riya_1196,riya_1196@example.com,Frontend Developer,Pending,62,72,90,89
Neha_1197,neha_1197@example.com,Frontend Developer,Pending,50,43,49,64
Neha_1198,neha_1198@example.com,ML Engineer,Passed,54,72,79,55
Vikram_1199,vikram_1199@example.com,Backend Developer,Pending,62,81,46,71
Pooja_1200,pooja_1200@example.com,Backend Developer,Passed,60,91,45,57
Anmol_1201,anmol_1201@example.com,ML Engineer,Passed,64,89,68,42
Riya_1202,riya_1202@example.com,Frontend Developer,Pending,66,83,69,99
Vikram_1203,vikram_1203@example.com,Data Analyst,Passed,95,41,50,61
Pooja_1204,pooja_1204@example.com,Frontend Developer,Passed,55,65,85,55
Vikram_1205,vikram_1205@example.com,Backend Developer,Failed,93,53,94,86
Anmol_1206,anmol_1206@example.com,Backend Developer,Failed,44,43,47,46
Pooja_1207,pooja_1207@example.com,Frontend Developer,Failed,71,63,82,62
Amit_1208,amit_1208@example.com,Data Analyst,Failed,71,87,56,62
Pooja_1209,pooja_1209@example.com,Frontend Developer,Pending,59,48,67,79
Riya_1210,riya_1210@example.com,Backend Developer,Pending,42,66,46,95
Rahul_1211,rahul_1211@example.com,Frontend Developer,Passed,79,58,47,90
Amit_1212,amit_1212@example.com,Data Analyst,Failed,47,41,50,55
Rahul_1213,rahul_1213@example.com,Data Analyst,Failed,81,82,95,82
Karan_1214,karan_1214@example.com,Frontend Developer,Pending,79,96,76,69
Anmol_1215,anmol_1215@example.com,Data Analyst,Failed,48,81,67,87
Karan_1216,karan_1216@example.com,Data Analyst,Pending,56,66,65,40
Vikram_1217,vikram_1217@example.com,ML Engineer,Passed,52,76,59,68
Arjun_1218,arjun_1218@example.com,Data Analyst,Failed,75,71,67,57
Arjun_1219,arjun_1219@example.com,ML Engineer,Passed,46,74,76,93
Riya_1220,riya_1220@example.com,ML Engineer,Pending,41,97,78,81
Rahul_1221,rahul_1221@example.com,Product Manager,Failed,45,62,41,59
Vikram_1222,vikram_1222@example.com,ML Engineer,Pending,87,44,56,68
Vikram_1223,vikram_1223@example.com,Frontend Developer,Failed,52,92,61,44
Karan_1224,karan_1224@example.com,Frontend Developer,Passed,94,82,82,73
Sneha_1225,sneha_1225@example.com,ML Engineer,Failed,60,83,99,45
Neha_1226,neha_1226@example.com,ML Engineer,Pending,75,66,99,89
Anmol_1227,anmol_1227@example.com,Frontend Developer,Failed,97,57,100,77
Rahul_1228,rahul_1228@example.com,Product Manager,Pending,93,76,85,83
Neha_1229,neha_1229@example.com,ML Engineer,Passed,87,61,57,89
Arjun_1230,arjun_1230@example.com,Data Analyst,Failed,80,93,63,99
Pooja_1231,pooja_1231@example.com,ML Engineer,Pending,44,72,76,77
Pooja_1232,pooja_1232@example.com,Data Analyst,Failed,62,42,95,69
Karan_1233,karan_1233@example.com,Backend Developer,Pending,97,46,76,93
Karan_1234,karan_1234@example.com,Backend Developer,Passed,59,73,93,57
Amit_1235,amit_1235@example.com,Frontend Developer,Passed,94,76,97,99
Riya_1236,riya_1236@example.com,Data Analyst,Pending,82,44,93,57
Vikram_1237,vikram_1237@example.com,Data Analyst,Passed,61,53,64,78
Sneha_1238,sneha_1238@example.com,Product Manager,Failed,54,76,59,59
Pooja_1239,pooja_1239@example.com,Frontend Developer,Failed,60,46,58,99
Vikram_1240,vikram_1240@example.com,Product Manager,Failed,42,57,61,46
Amit_1241,amit_1241@example.com,Frontend Developer,Passed,95,80,66,68
Vikram_1242,vikram_1242@example.com,Product Manager,Passed,93,66,64,99
Pooja_1243,pooja_1243@example.com,Frontend Developer,Passed,58,47,77,96
Neha_1244,neha_1244@example.com,Data Analyst,Passed,86,92,71,91
Karan_1245,karan_1245@example.com,Product Manager,Failed,72,69,42,87
Sneha_1246,sneha_1246@example.com,Data Analyst,Pending,66,96,53,57
Anmol_1247,anmol_1247@example.com,Frontend Developer,Passed,51,67,64,88
Arjun_1248,arjun_1248@example.com,Frontend Developer,Passed,67,50,40,55
Amit_1249,amit_1249@example.com,Product Manager,Passed,63,76,68,60
Amit_1250,amit_1250@example.com,ML Engineer,Pending,41,88,41,81
Anmol_1251,anmol_1251@example.com,Frontend Developer,Failed,64,96,97,88
Rahul_1252,rahul_1252@example.com,Product Manager,Failed,41,52,42,48
Sneha_1253,sneha_1253@example.com,Data Analyst,Failed,55,80,67,70
Neha_1254,neha_1254@example.com,Data Analyst,Failed,69,45,46,66
Rahul_1255,rahul_1255@example.com,Product Manager,Failed,50,61,60,67
Vikram_1256,vikram_1256@example.com,Product Manager,Pending,71,93,62,61
Arjun_1257,arjun_1257@example.com,Data Analyst,Pending,48,66,79,59
Amit_1258,amit_1258@example.com,ML Engineer,Failed,50,61,83,83
Vikram_1259,vikram_1259@example.com,Data Analyst,Failed,42,67,84,65
Karan_1260,karan_1260@example.com,Product Manager,Passed,93,69,46,79
Neha_1261,neha_1261@example.com,Product Manager,Pending,68,62,50,84
Arjun_1262,arjun_1262@example.com,Data Analyst,Pending,73,98,85,41
Neha_1263,neha_1263@example.com,Backend Developer,Passed,56,67,67,98
Amit_1264,amit_1264@example.com,Product Manager,Passed,50,74,66,84
Arjun_1265,arjun_1265@example.com,ML Engineer,Pending,59,87,93,89
Riya_1266,riya_1266@example.com,Frontend Developer,Passed,85,46,41,63
Arjun_1267,arjun_1267@example.com,Product Manager,Failed,82,45,70,52
Neha_1268,neha_1268@example.com,Backend Developer,Pending,66,76,91,72
Riya_1269,riya_1269@example.com,Product Manager,Passed,73,62,44,65
Neha_1270,neha_1270@example.com,Product Manager,Failed,46,58,40,56
Rahul_1271,rahul_1271@example.com,Data Analyst,Passed,74,51,66,95
Pooja_1272,pooja_1272@example.com,Frontend Developer,Passed,90,55,70,51
Pooja_1273,pooja_1273@example.com,ML Engineer,Pending,41,88,66,91
Karan_1274,karan_1274@example.com,Backend Developer,Passed,86,71,65,50
Karan_1275,karan_1275@example.com,Data Analyst,Passed,65,49,46,53
Arjun_1276,arjun_1276@example.com,Data Analyst,Passed,71,81,85,75
Arjun_1277,arjun_1277@example.com,Data Analyst,Failed,41,57,92,51
Vikram_1278,vikram_1278@example.com,Data Analyst,Failed,54,62,76,57
Karan_1279,karan_1279@example.com,Frontend Developer,Passed,41,40,97,61
Vikram_1280,vikram_1280@example.com,Data Analyst,Pending,60,63,69,89
Anmol_1281,anmol_1281@example.com,Data Analyst,Passed,87,86,75,42
Sneha_1282,sneha_1282@example.com,Backend Developer,Passed,41,64,92,99
Neha_1283,neha_1283@example.com,Data Analyst,Pending,73,78,79,84
Amit_1284,amit_1284@example.com,ML Engineer,Failed,50,100,62,98
Neha_1285,neha_1285@example.com,ML Engineer,Failed,87,85,89,67
Karan_1286,karan_1286@example.com,Product Manager,Passed,51,93,44,94
Rahul_1287,rahul_1287@example.com,Backend Developer,Passed,85,51,98,98
Sneha_1288,sneha_1288@example.com,ML Engineer,Passed,88,60,41,68
Rahul_1289,rahul_1289@example.com,Backend Developer,Passed,78,82,83,67
Rahul_1290,rahul_1290@example.com,Backend Developer,Pending,86,49,91,43
Pooja_1291,pooja_1291@example.com,Product Manager,Failed,65,85,65,84
Amit_1292,amit_1292@example.com,Frontend Developer,Pending,89,87,81,92
Pooja_1293,pooja_1293@example.com,Frontend Developer,Passed,75,62,57,65
Arjun_1294,arjun_1294@example.com,Frontend Developer,Passed,44,82,49,89
Neha_1295,neha_1295@example.com,Data Analyst,Passed,99,100,90,50
Anmol_1296,anmol_1296@example.com,ML Engineer,Passed,82,68,69,56
Karan_1297,karan_1297@example.com,Frontend Developer,Passed,99,75,60,84
Rahul_1298,rahul_1298@example.com,Backend Developer,Passed,45,50,92,76
Vikram_1299,vikram_1299@example.com,Frontend Developer,Failed,47,42,58,65
Vikram_1300,vikram_1300@example.com,Data Analyst,Pending,94,51,100,94
Karan_1301,karan_1301@example.com,ML Engineer,Passed,78,63,48,89
Amit_1302,amit_1302@example.com,Product Manager,Pending,85,63,86,71
Rahul_1303,rahul_1303@example.com,ML Engineer,Passed,82,97,60,94
Sneha_1304,sneha_1304@example.com,Backend Developer,Pending,69,45,88,71
Vikram_1305,vikram_1305@example.com,Data Analyst,Pending,92,73,56,52
Karan_1306,karan_1306@example.com,Product Manager,Pending,56,40,62,67
Pooja_1307,pooja_1307@example.com,ML Engineer,Passed,100,72,87,81
Neha_1308,neha_1308@example.com,Backend Developer,Passed,78,54,94,43
Arjun_1309,arjun_1309@example.com,Product Manager,Failed,88,46,88,92
Karan_1310,karan_1310@example.com,Data Analyst,Pending,87,93,85,63
Neha_1311,neha_1311@example.com,Product Manager,Pending,54,52,91,89
Rahul_1312,rahul_1312@example.com,Backend Developer,Passed,59,56,63,76
Arjun_1313,arjun_1313@example.com,Backend Developer,Failed,45,48,78,97
Karan_1314,karan_1314@example.com,Frontend Developer,Passed,87,49,62,88
Pooja_1315,pooja_1315@example.com,Frontend Developer,Pending,78,66,49,94
Pooja_1316,pooja_1316@example.com,Product Manager,Passed,84,87,82,88
Anmol_1317,anmol_1317@example.com,Product Manager,Failed,61,65,68,51
Pooja_1318,pooja_1318@example.com,Frontend Developer,Failed,98,70,75,90
Amit_1319,amit_1319@example.com,Backend Developer,Passed,99,73,66,85
Rahul_1320,rahul_1320@example.com,Frontend Developer,Pending,78,76,93,44
Neha_1321,neha_1321@example.com,Product Manager,Failed,56,44,73,52
Anmol_1322,anmol_1322@example.com,Backend Developer,Pending,50,73,42,85
Amit_1323,amit_1323@example.com,ML Engineer,Failed,89,88,86,67
Riya_1324,riya_1324@example.com,Data Analyst,Failed,81,90,58,43
Vikram_1325,vikram_1325@example.com,ML Engineer,Failed,74,64,97,64
Neha_1326,neha_1326@example.com,Data Analyst,Passed,61,48,97,41
Riya_1327,riya_1327@example.com,Backend Developer,Failed,53,66,41,89
Sneha_1328,sneha_1328@example.com,Product Manager,Pending,58,80,94,41
Karan_1329,karan_1329@example.com,Product Manager,Failed,62,58,55,55
Riya_1330,riya_1330@example.com,ML Engineer,Passed,75,91,70,91
Sneha_1331,sneha_1331@example.com,Frontend Developer,Failed,60,81,69,61
Neha_1332,neha_1332@example.com,Product Manager,Pending,48,45,60,88
Pooja_1333,pooja_1333@example.com,Backend Developer,Passed,52,61,53,87
Arjun_1334,arjun_1334@example.com,Backend Developer,Pending,53,72,83,46
Riya_1335,riya_1335@example.com,Product Manager,Pending,67,89,88,86
Sneha_1336,sneha_1336@example.com,Product Manager,Failed,70,73,68,90
Neha_1337,neha_1337@example.com,Data Analyst,Pending,82,82,51,72
Sneha_1338,sneha_1338@example.com,Data Analyst,Pending,78,55,85,65
Neha_1339,neha_1339@example.com,Frontend Developer,Passed,83,62,53,86
Vikram_1340,vikram_1340@example.com,Data Analyst,Pending,82,78,86,60
Karan_1341,karan_1341@example.com,Product Manager,Passed,64,41,67,48
Anmol_1342,anmol_1342@example.com,ML Engineer,Passed,57,57,44,91
Neha_1343,neha_1343@example.com,Frontend Developer,Passed,61,49,59,43
Riya_1344,riya_1344@example.com,Frontend Developer,Passed,47,88,86,81
Karan_1345,karan_1345@example.com,Backend Developer,Passed,95,65,51,68
Pooja_1346,pooja_1346@example.com,Frontend Developer,Pending,52,60,45,64
Rahul_1347,rahul_1347@example.com,Data Analyst,Passed,88,66,67,69
Amit_1348,amit_1348@example.com,Frontend Developer,Pending,67,93,86,75
Anmol_1349,anmol_1349@example.com,Frontend Developer,Passed,40,86,98,61
Pooja_1350,pooja_1350@example.com,Frontend Developer,Pending,98,73,69,43
Riya_1351,riya_1351@example.com,ML Engineer,Failed,74,69,58,72
Riya_1352,riya_1352@example.com,Product Manager,Passed,62,50,96,85
Neha_1353,neha_1353@example.com,Data Analyst,Pending,77,60,60,46
Vikram_1354,vikram_1354@example.com,ML Engineer,Pending,96,95,69,89
Vikram_1355,vikram_1355@example.com,Frontend Developer,Pending,65,43,71,49
Vikram_1356,vikram_1356@example.com,Backend Developer,Pending,62,65,75,40
Karan_1357,karan_1357@example.com,Backend Developer,Passed,60,68,93,89
Rahul_1358,rahul_1358@example.com,Data Analyst,Passed,74,46,82,89
Rahul_1359,rahul_1359@example.com,Frontend Developer,Failed,57,78,56,89
Neha_1360,neha_1360@example.com,Product Manager,Failed,54,57,68,45
Rahul_1361,rahul_1361@example.com,Frontend Developer,Passed,85,57,42,71
Riya_1362,riya_1362@example.com,Product Manager,Passed,62,70,66,57
Neha_1363,neha_1363@example.com,Backend Developer,Passed,61,88,85,87
Rahul_1364,rahul_1364@example.com,Product Manager,Failed,76,78,75,94
Riya_1365,riya_1365@example.com,ML Engineer,Failed,84,69,41,80
Riya_1366,riya_1366@example.com,Product Manager,Failed,86,52,95,81
Amit_1367,amit_1367@example.com,Frontend Developer,Failed,44,97,44,75
Karan_1368,karan_1368@example.com,Backend Developer,Failed,88,92,48,55
Rahul_1369,rahul_1369@example.com,Frontend Developer,Failed,99,71,72,55
Arjun_1370,arjun_1370@example.com,Product Manager,Passed,55,93,78,70
Amit_1371,amit_1371@example.com,ML Engineer,Passed,80,61,48,91
Vikram_1372,vikram_1372@example.com,Data Analyst,Failed,76,82,53,41
Pooja_1373,pooja_1373@example.com,Data Analyst,Failed,99,50,83,48
Vikram_1374,vikram_1374@example.com,ML Engineer,Failed,66,72,99,65
Anmol_1375,anmol_1375@example.com,Product Manager,Passed,58,66,75,53
Pooja_1376,pooja_1376@example.com,Backend Developer,Passed,100,96,74,99
Sneha_1377,sneha_1377@example.com,ML Engineer,Failed,46,74,99,79
Arjun_1378,arjun_1378@example.com,Backend Developer,Pending,77,66,75,83
Karan_1379,karan_1379@example.com,Data Analyst,Passed,49,66,57,43
Neha_1380,neha_1380@example.com,Backend Developer,Passed,41,73,86,63
Sneha_1381,sneha_1381@example.com,Frontend Developer,Passed,68,81,50,49
Neha_1382,neha_1382@example.com,ML Engineer,Passed,47,66,74,52
Neha_1383,neha_1383@example.com,Backend Developer,Passed,69,96,96,75
Vikram_1384,vikram_1384@example.com,Data Analyst,Passed,62,92,54,100
Vikram_1385,vikram_1385@example.com,Frontend Developer,Passed,50,41,46,68
Pooja_1386,pooja_1386@example.com,Data Analyst,Pending,69,55,47,97
Arjun_1387,arjun_1387@example.com,Frontend Developer,Pending,45,50,74,58
Rahul_1388,rahul_1388@example.com,Data Analyst,Failed,71,79,49,95
Sneha_1389,sneha_1389@example.com,Product Manager,Pending,96,50,48,59
Arjun_1390,arjun_1390@example.com,Product Manager,Pending,81,47,83,61
Riya_1391,riya_1391@example.com,Data Analyst,Passed,69,89,99,74
Riya_1392,riya_1392@example.com,Product Manager,Pending,84,64,81,79
Neha_1393,neha_1393@example.com,ML Engineer,Passed,45,66,43,88
Neha_1394,neha_1394@example.com,Data Analyst,Failed,51,69,46,66
Arjun_1395,arjun_1395@example.com,Backend Developer,Passed,41,75,47,56
Karan_1396,karan_1396@example.com,Data Analyst,Pending,97,88,73,61
Anmol_1397,anmol_1397@example.com,Data Analyst,Pending,40,84,52,92
Riya_1398,riya_1398@example.com,Backend Developer,Passed,49,93,40,73
Riya_1399,riya_1399@example.com,Product Manager,Passed,65,49,75,84
Riya_1400,riya_1400@example.com,Data Analyst,Passed,43,56,93,65
Sneha_1401,sneha_1401@example.com,Data Analyst,Passed,98,91,77,61
Vikram_1402,vikram_1402@example.com,Data Analyst,Passed,42,91,80,40
Anmol_1403,anmol_1403@example.com,Frontend Developer,Passed,92,66,48,80
Amit_1404,amit_1404@example.com,Backend Developer,Passed,88,79,69,89
Karan_1405,karan_1405@example.com,Data Analyst,Pending,84,75,98,48
Riya_1406,riya_1406@example.com,ML Engineer,Passed,82,86,79,42
Neha_1407,neha_1407@example.com,Data Analyst,Passed,80,90,67,45
Anmol_1408,anmol_1408@example.com,Frontend Developer,Pending,84,45,90,100
Amit_1409,amit_1409@example.com,Product Manager,Passed,54,70,54,55
Karan_1410,karan_1410@example.com,Backend Developer,Failed,56,90,42,47
Amit_1411,amit_1411@example.com,Data Analyst,Failed,91,81,78,77
Riya_1412,riya_1412@example.com,Data Analyst,Pending,48,92,78,46
Vikram_1413,vikram_1413@example.com,Backend Developer,Pending,73,84,70,73
Karan_1414,karan_1414@example.com,Frontend Developer,Pending,70,41,96,44
Arjun_1415,arjun_1415@example.com,Frontend Developer,Passed,50,64,82,85
Neha_1416,neha_1416@example.com,Frontend Developer,Pending,86,99,55,48
Pooja_1417,pooja_1417@example.com,ML Engineer,Passed,45,48,76,68
Vikram_1418,vikram_1418@example.com,Data Analyst,Pending,71,51,60,73
Rahul_1419,rahul_1419@example.com,Frontend Developer,Pending,53,58,60,51
Vikram_1420,vikram_1420@example.com,Data Analyst,Pending,80,87,100,45
Anmol_1421,anmol_1421@example.com,Product Manager,Failed,66,50,73,49
Amit_1422,amit_1422@example.com,Backend Developer,Failed,59,40,80,78
Anmol_1423,anmol_1423@example.com,Backend Developer,Failed,47,73,42,68
Anmol_1424,anmol_1424@example.com,Data Analyst,Passed,80,79,88,46
Vikram_1425,vikram_1425@example.com,ML Engineer,Failed,49,60,75,63
Anmol_1426,anmol_1426@example.com,ML Engineer,Failed,86,66,85,79
Arjun_1427,arjun_1427@example.com,Backend Developer,Failed,82,80,74,46
Vikram_1428,vikram_1428@example.com,Data Analyst,Pending,67,75,77,92
Riya_1429,riya_1429@example.com,ML Engineer,Passed,76,74,65,60
Riya_1430,riya_1430@example.com,Data Analyst,Passed,41,60,94,68
Arjun_1431,arjun_1431@example.com,Product Manager,Passed,48,76,92,84
Vikram_1432,vikram_1432@example.com,Product Manager,Failed,48,58,44,99
Karan_1433,karan_1433@example.com,Backend Developer,Failed,75,59,44,44
Amit_1434,amit_1434@example.com,Data Analyst,Failed,96,50,100,98
Pooja_1435,pooja_1435@example.com,Data Analyst,Failed,55,81,47,54
Neha_1436,neha_1436@example.com,Backend Developer,Pending,62,51,72,85
Riya_1437,riya_1437@example.com,Frontend Developer,Passed,45,86,58,68
Sneha_1438,sneha_1438@example.com,ML Engineer,Pending,95,55,44,69
Pooja_1439,pooja_1439@example.com,Backend Developer,Failed,79,48,99,54
Riya_1440,riya_1440@example.com,Frontend Developer,Failed,96,93,81,72
Amit_1441,amit_1441@example.com,ML Engineer,Pending,60,68,87,98
Sneha_1442,sneha_1442@example.com,Data Analyst,Pending,52,91,95,86
Anmol_1443,anmol_1443@example.com,Product Manager,Failed,44,91,100,62
Pooja_1444,pooja_1444@example.com,ML Engineer,Pending,77,93,57,58
Sneha_1445,sneha_1445@example.com,Frontend Developer,Passed,64,78,92,62
Arjun_1446,arjun_1446@example.com,Frontend Developer,Passed,86,77,93,99
Amit_1447,amit_1447@example.com,Product Manager,Pending,75,40,42,98
Neha_1448,neha_1448@example.com,Backend Developer,Failed,41,67,51,70
Rahul_1449,rahul_1449@example.com,Product Manager,Pending,98,50,97,71
Karan_1450,karan_1450@example.com,Data Analyst,Pending,81,87,96,86
Pooja_1451,pooja_1451@example.com,Product Manager,Failed,98,58,46,75
Sneha_1452,sneha_1452@example.com,ML Engineer,Failed,92,97,42,64
Amit_1453,amit_1453@example.com,ML Engineer,Pending,94,93,74,46
Anmol_1454,anmol_1454@example.com,Product Manager,Failed,46,89,90,55
Anmol_1455,anmol_1455@example.com,Product Manager,Passed,44,55,89,87
Vikram_1456,vikram_1456@example.com,ML Engineer,Failed,52,48,79,83
Rahul_1457,rahul_1457@example.com,Data Analyst,Failed,78,94,40,43
Sneha_1458,sneha_1458@example.com,Backend Developer,Failed,76,65,67,65
Neha_1459,neha_1459@example.com,Frontend Developer,Passed,92,78,53,89
Amit_1460,amit_1460@example.com,ML Engineer,Pending,45,90,81,85
Amit_1461,amit_1461@example.com,Data Analyst,Passed,95,46,66,71
Pooja_1462,pooja_1462@example.com,Product Manager,Pending,89,75,100,89
Vikram_1463,vikram_1463@example.com,Backend Developer,Pending,54,97,57,81
Arjun_1464,arjun_1464@example.com,Data Analyst,Passed,40,41,64,63
Sneha_1465,sneha_1465@example.com,Data Analyst,Pending,61,49,42,43
Vikram_1466,vikram_1466@example.com,Frontend Developer,Failed,41,57,63,73
Anmol_1467,anmol_1467@example.com,Frontend Developer,Failed,85,60,56,65
Sneha_1468,sneha_1468@example.com,Frontend Developer,Failed,68,46,48,75
Pooja_1469,pooja_1469@example.com,Data Analyst,Passed,91,87,49,52
Pooja_1470,pooja_1470@example.com,ML Engineer,Failed,79,67,66,66
Arjun_1471,arjun_1471@example.com,Data Analyst,Pending,92,47,45,46
Arjun_1472,arjun_1472@example.com,Backend Developer,Failed,93,66,53,48
Riya_1473,riya_1473@example.com,ML Engineer,Passed,91,83,92,57
Amit_1474,amit_1474@example.com,Backend Developer,Passed,78,96,68,91
Riya_1475,riya_1475@example.com,Product Manager,Pending,98,64,88,80
Riya_1476,riya_1476@example.com,ML Engineer,Pending,92,89,90,75
Anmol_1477,anmol_1477@example.com,Product Manager,Pending,94,96,58,41
Rahul_1478,rahul_1478@example.com,ML Engineer,Passed,92,41,43,49
Pooja_1479,pooja_1479@example.com,ML Engineer,Failed,68,71,91,56
Anmol_1480,anmol_1480@example.com,Data Analyst,Failed,49,96,73,69
Amit_1481,amit_1481@example.com,ML Engineer,Pending,56,76,55,68
Karan_1482,karan_1482@example.com,Backend Developer,Passed,45,72,75,69
Sneha_1483,sneha_1483@example.com,Backend Developer,Pending,48,76,90,83
Pooja_1484,pooja_1484@example.com,Backend Developer,Failed,62,60,91,76
Arjun_1485,arjun_1485@example.com,Product Manager,Passed,58,40,62,100
Pooja_1486,pooja_1486@example.com,Frontend Developer,Failed,49,92,84,75
Pooja_1487,pooja_1487@example.com,Data Analyst,Passed,79,55,60,49
Amit_1488,amit_1488@example.com,Data Analyst,Pending,68,80,75,42
Neha_1489,neha_1489@example.com,Backend Developer,Pending,99,70,77,79
Amit_1490,amit_1490@example.com,Frontend Developer,Failed,69,90,74,88
Rahul_1491,rahul_1491@example.com,ML Engineer,Pending,77,59,50,57
Anmol_1492,anmol_1492@example.com,Backend Developer,Pending,50,51,68,99
Anmol_1493,anmol_1493@example.com,Backend Developer,Failed,93,97,46,87
Neha_1494,neha_1494@example.com,Product Manager,Passed,45,80,47,52
Vikram_1495,vikram_1495@example.com,ML Engineer,Passed,99,82,92,99
Anmol_1496,anmol_1496@example.com,Product Manager,Failed,59,60,75,88
Arjun_1497,arjun_1497@example.com,Backend Developer,Failed,83,79,92,96
Anmol_1498,anmol_1498@example.com,Backend Developer,Passed,60,62,91,85
Neha_1499,neha_1499@example.com,Product Manager,Pending,51,93,43,91
Riya_1500,riya_1500@example.com,Data Analyst,Pending,86,51,56,74
Sneha_1501,sneha_1501@example.com,Frontend Developer,Passed,90,77,83,44
Karan_1502,karan_1502@example.com,ML Engineer,Passed,100,62,90,71
Anmol_1503,anmol_1503@example.com,Backend Developer,Pending,53,97,86,51
Pooja_1504,pooja_1504@example.com,Backend Developer,Failed,96,80,65,65
Vikram_1505,vikram_1505@example.com,Product Manager,Passed,92,95,48,64
Arjun_1506,arjun_1506@example.com,Backend Developer,Failed,66,94,59,62
Amit_1507,amit_1507@example.com,Backend Developer,Passed,82,77,43,51
Anmol_1508,anmol_1508@example.com,Product Manager,Pending,56,99,57,42
Karan_1509,karan_1509@example.com,Data Analyst,Failed,99,79,80,40
Arjun_1510,arjun_1510@example.com,Backend Developer,Failed,60,74,58,97
Arjun_1511,arjun_1511@example.com,ML Engineer,Passed,94,41,75,82
Neha_1512,neha_1512@example.com,Frontend Developer,Passed,41,77,67,70
Neha_1513,neha_1513@example.com,Data Analyst,Passed,92,44,59,96
Sneha_1514,sneha_1514@example.com,Data Analyst,Failed,74,96,88,87
Sneha_1515,sneha_1515@example.com,Frontend Developer,Passed,80,60,40,91
Arjun_1516,arjun_1516@example.com,ML Engineer,Failed,96,57,57,77
Vikram_1517,vikram_1517@example.com,ML Engineer,Failed,66,63,85,67
Karan_1518,karan_1518@example.com,Backend Developer,Passed,60,53,49,96
Arjun_1519,arjun_1519@example.com,ML Engineer,Failed,91,88,41,73
Sneha_1520,sneha_1520@example.com,Product Manager,Passed,49,42,69,64
Rahul_1521,rahul_1521@example.com,Frontend Developer,Failed,71,71,65,61
Neha_1522,neha_1522@example.com,Backend Developer,Passed,96,60,50,48
Anmol_1523,anmol_1523@example.com,Backend Developer,Pending,87,79,57,70
Anmol_1524,anmol_1524@example.com,ML Engineer,Pending,60,47,59,52
Neha_1525,neha_1525@example.com,Backend Developer,Failed,68,55,61,73
Karan_1526,karan_1526@example.com,Backend Developer,Failed,46,40,64,88
Karan_1527,karan_1527@example.com,ML Engineer,Passed,51,67,73,54
Amit_1528,amit_1528@example.com,Frontend Developer,Failed,63,84,76,84
Amit_1529,amit_1529@example.com,Backend Developer,Failed,93,50,89,76
Rahul_1530,rahul_1530@example.com,Backend Developer,Pending,56,75,87,53
Sneha_1531,sneha_1531@example.com,Frontend Developer,Pending,87,94,92,88
Arjun_1532,arjun_1532@example.com,ML Engineer,Failed,41,95,43,62
Amit_1533,amit_1533@example.com,Product Manager,Pending,68,85,81,55
Anmol_1534,anmol_1534@example.com,Backend Developer,Passed,89,96,95,76
Pooja_1535,pooja_1535@example.com,Product Manager,Failed,96,75,75,94
Karan_1536,karan_1536@example.com,Backend Developer,Failed,94,51,88,53
Anmol_1537,anmol_1537@example.com,Backend Developer,Failed,69,79,62,88
Anmol_1538,anmol_1538@example.com,Product Manager,Failed,77,60,63,56
Pooja_1539,pooja_1539@example.com,Frontend Developer,Failed,67,73,76,87
Riya_1540,riya_1540@example.com,Backend Developer,Failed,91,85,51,64
Karan_1541,karan_1541@example.com,Data Analyst,Passed,81,98,49,71
Rahul_1542,rahul_1542@example.com,Frontend Developer,Passed,48,46,73,92
Vikram_1543,vikram_1543@example.com,ML Engineer,Failed,57,49,69,97
Arjun_1544,arjun_1544@example.com,Frontend Developer,Passed,99,57,87,42
Anmol_1545,anmol_1545@example.com,ML Engineer,Failed,69,90,63,57
Vikram_1546,vikram_1546@example.com,Product Manager,Failed,55,64,41,65
Amit_1547,amit_1547@example.com,Backend Developer,Passed,65,97,47,77
Riya_1548,riya_1548@example.com,Frontend Developer,Passed,43,58,64,77
Riya_1549,riya_1549@example.com,Backend Developer,Failed,42,56,74,80
Pooja_1550,pooja_1550@example.com,Product Manager,Failed,53,78,72,81
Neha_1551,neha_1551@example.com,Frontend Developer,Failed,84,70,80,69
Neha_1552,neha_1552@example.com,Frontend Developer,Failed,72,71,65,86
Karan_1553,karan_1553@example.com,Frontend Developer,Passed,59,60,58,85
Arjun_1554,arjun_1554@example.com,ML Engineer,Passed,82,50,40,55
Vikram_1555,vikram_1555@example.com,Product Manager,Failed,41,44,62,97
Anmol_1556,anmol_1556@example.com,Backend Developer,Failed,50,59,56,100
Sneha_1557,sneha_1557@example.com,Frontend Developer,Pending,48,92,59,75
Neha_1558,neha_1558@example.com,Backend Developer,Failed,90,71,99,40
Arjun_1559,arjun_1559@example.com,Data Analyst,Failed,58,57,57,47
Pooja_1560,pooja_1560@example.com,Product Manager,Pending,74,43,76,48
Vikram_1561,vikram_1561@example.com,Product Manager,Failed,56,59,95,61
Neha_1562,neha_1562@example.com,Data Analyst,Failed,94,53,83,92
Amit_1563,amit_1563@example.com,Product Manager,Pending,81,88,59,83
Vikram_1564,vikram_1564@example.com,Backend Developer,Passed,51,67,47,60
Vikram_1565,vikram_1565@example.com,Frontend Developer,Passed,41,85,62,47
Anmol_1566,anmol_1566@example.com,Backend Developer,Failed,42,89,95,52
Anmol_1567,anmol_1567@example.com,Frontend Developer,Passed,85,65,58,42
Sneha_1568,sneha_1568@example.com,Frontend Developer,Failed,40,100,66,47
Rahul_1569,rahul_1569@example.com,Data Analyst,Passed,75,90,83,79
Karan_1570,karan_1570@example.com,Product Manager,Passed,66,65,82,89
Arjun_1571,arjun_1571@example.com,Product Manager,Passed,76,40,62,86
Neha_1572,neha_1572@example.com,Frontend Developer,Failed,62,61,54,63
Rahul_1573,rahul_1573@example.com,Data Analyst,Pending,57,61,73,51
Arjun_1574,arjun_1574@example.com,Frontend Developer,Passed,56,56,93,66
Anmol_1575,anmol_1575@example.com,Backend Developer,Pending,80,67,85,84
Rahul_1576,rahul_1576@example.com,Product Manager,Failed,47,49,74,58
Anmol_1577,anmol_1577@example.com,Data Analyst,Passed,70,43,45,53
Sneha_1578,sneha_1578@example.com,ML Engineer,Pending,53,76,98,69
Pooja_1579,pooja_1579@example.com,Frontend Developer,Pending,59,72,43,88
Karan_1580,karan_1580@example.com,Backend Developer,Failed,69,57,92,89
Rahul_1581,rahul_1581@example.com,Backend Developer,Pending,52,95,55,46
Sneha_1582,sneha_1582@example.com,ML Engineer,Pending,63,43,51,62
Anmol_1583,anmol_1583@example.com,Backend Developer,Pending,71,77,76,40
Neha_1584,neha_1584@example.com,Frontend Developer,Failed,78,48,92,96
Rahul_1585,rahul_1585@example.com,Data Analyst,Passed,77,62,89,42
Pooja_1586,pooja_1586@example.com,Product Manager,Passed,43,43,69,93
Karan_1587,karan_1587@example.com,Frontend Developer,Passed,67,91,44,52
Anmol_1588,anmol_1588@example.com,ML Engineer,Pending,40,46,68,56
Anmol_1589,anmol_1589@example.com,Data Analyst,Pending,67,76,87,68
Karan_1590,karan_1590@example.com,Backend Developer,Failed,98,70,95,59
Neha_1591,neha_1591@example.com,Frontend Developer,Failed,45,60,82,98
Rahul_1592,rahul_1592@example.com,Product Manager,Failed,80,44,51,66
Sneha_1593,sneha_1593@example.com,Frontend Developer,Failed,85,94,63,52
Amit_1594,amit_1594@example.com,Frontend Developer,Passed,56,74,100,79
Anmol_1595,anmol_1595@example.com,Product Manager,Failed,54,90,49,70
Neha_1596,neha_1596@example.com,Data Analyst,Pending,42,81,40,44
Rahul_1597,rahul_1597@example.com,Product Manager,Pending,53,47,42,54
Pooja_1598,pooja_1598@example.com,Frontend Developer,Passed,90,65,84,78
Rahul_1599,rahul_1599@example.com,Backend Developer,Passed,60,75,61,69
Karan_1600,karan_1600@example.com,Data Analyst,Pending,63,70,99,97
Rahul_1601,rahul_1601@example.com,Data Analyst,Passed,72,88,99,55
Vikram_1602,vikram_1602@example.com,Data Analyst,Failed,46,40,51,67
Pooja_1603,pooja_1603@example.com,Product Manager,Failed,94,100,87,41
Pooja_1604,pooja_1604@example.com,Product Manager,Failed,95,61,100,67
Pooja_1605,pooja_1605@example.com,Product Manager,Failed,81,75,91,74
Amit_1606,amit_1606@example.com,ML Engineer,Pending,45,60,81,43
Karan_1607,karan_1607@example.com,Backend Developer,Failed,98,69,48,93
Pooja_1608,pooja_1608@example.com,ML Engineer,Passed,66,73,74,62
Anmol_1609,anmol_1609@example.com,ML Engineer,Failed,70,51,44,84
Amit_1610,amit_1610@example.com,Backend Developer,Failed,79,87,86,78
Amit_1611,amit_1611@example.com,Data Analyst,Pending,74,70,70,71
Anmol_1612,anmol_1612@example.com,Product Manager,Passed,74,47,41,72
Riya_1613,riya_1613@example.com,Frontend Developer,Failed,61,44,43,59
Amit_1614,amit_1614@example.com,Product Manager,Failed,71,42,84,51
Vikram_1615,vikram_1615@example.com,Data Analyst,Pending,77,90,73,78
Pooja_1616,pooja_1616@example.com,Data Analyst,Passed,87,76,40,51
Arjun_1617,arjun_1617@example.com,Frontend Developer,Pending,79,56,53,79
Vikram_1618,vikram_1618@example.com,Frontend Developer,Passed,75,75,55,94
Vikram_1619,vikram_1619@example.com,Backend Developer,Passed,90,58,40,64
Amit_1620,amit_1620@example.com,Backend Developer,Passed,57,60,60,94
Karan_1621,karan_1621@example.com,Frontend Developer,Pending,84,40,77,99
Rahul_1622,rahul_1622@example.com,Backend Developer,Passed,92,68,73,63
Rahul_1623,rahul_1623@example.com,Product Manager,Failed,94,46,65,67
Anmol_1624,anmol_1624@example.com,ML Engineer,Pending,54,66,50,84
Rahul_1625,rahul_1625@example.com,ML Engineer,Passed,71,42,54,81
Arjun_1626,arjun_1626@example.com,ML Engineer,Pending,89,47,67,45
Karan_1627,karan_1627@example.com,ML Engineer,Pending,93,92,100,47
Amit_1628,amit_1628@example.com,Product Manager,Passed,71,65,77,80
Riya_1629,riya_1629@example.com,ML Engineer,Passed,83,58,54,72
Neha_1630,neha_1630@example.com,Frontend Developer,Passed,59,64,60,47
Pooja_1631,pooja_1631@example.com,ML Engineer,Passed,82,99,59,73
Rahul_1632,rahul_1632@example.com,Backend Developer,Passed,75,57,60,88
Karan_1633,karan_1633@example.com,Frontend Developer,Pending,99,51,99,47
Vikram_1634,vikram_1634@example.com,ML Engineer,Failed,68,46,42,95
Rahul_1635,rahul_1635@example.com,Product Manager,Pending,54,95,77,44
Sneha_1636,sneha_1636@example.com,Product Manager,Failed,61,79,63,73
Vikram_1637,vikram_1637@example.com,ML Engineer,Pending,40,44,53,53
Neha_1638,neha_1638@example.com,Backend Developer,Passed,40,70,69,65
Vikram_1639,vikram_1639@example.com,Product Manager,Passed,83,79,43,75
Rahul_1640,rahul_1640@example.com,ML Engineer,Passed,71,75,40,51
Rahul_1641,rahul_1641@example.com,Product Manager,Failed,46,80,72,40
Karan_1642,karan_1642@example.com,Product Manager,Pending,44,58,72,61
Anmol_1643,anmol_1643@example.com,Product Manager,Pending,63,81,93,60
Karan_1644,karan_1644@example.com,Data Analyst,Failed,50,53,82,50
Amit_1645,amit_1645@example.com,ML Engineer,Pending,74,47,89,50
Sneha_1646,sneha_1646@example.com,ML Engineer,Passed,86,100,97,69
Vikram_1647,vikram_1647@example.com,Data Analyst,Failed,67,45,68,88
Vikram_1648,vikram_1648@example.com,Frontend Developer,Failed,49,80,74,97
Karan_1649,karan_1649@example.com,Data Analyst,Pending,56,66,70,47
Karan_1650,karan_1650@example.com,Frontend Developer,Passed,98,92,43,41
Karan_1651,karan_1651@example.com,Frontend Developer,Pending,44,52,89,98
Amit_1652,amit_1652@example.com,Frontend Developer,Pending,97,47,67,82
Pooja_1653,pooja_1653@example.com,Frontend Developer,Pending,52,61,76,71
Karan_1654,karan_1654@example.com,ML Engineer,Pending,57,44,42,50
Pooja_1655,pooja_1655@example.com,Data Analyst,Passed,73,79,100,48
Amit_1656,amit_1656@example.com,Product Manager,Passed,97,83,83,57
Vikram_1657,vikram_1657@example.com,Frontend Developer,Failed,49,48,95,75
Arjun_1658,arjun_1658@example.com,Product Manager,Failed,62,100,45,58
Karan_1659,karan_1659@example.com,Frontend Developer,Pending,82,71,49,56
Anmol_1660,anmol_1660@example.com,ML Engineer,Pending,40,52,42,45
Karan_1661,karan_1661@example.com,ML Engineer,Pending,45,97,92,50
Neha_1662,neha_1662@example.com,ML Engineer,Pending,61,99,56,46
Pooja_1663,pooja_1663@example.com,ML Engineer,Passed,66,40,56,62
Karan_1664,karan_1664@example.com,Data Analyst,Passed,49,59,83,55
Anmol_1665,anmol_1665@example.com,Data Analyst,Pending,55,79,85,81
Karan_1666,karan_1666@example.com,ML Engineer,Failed,62,55,42,57
Anmol_1667,anmol_1667@example.com,Product Manager,Passed,42,95,87,52
Vikram_1668,vikram_1668@example.com,ML Engineer,Failed,48,64,57,55
Anmol_1669,anmol_1669@example.com,Data Analyst,Pending,53,99,99,42
Arjun_1670,arjun_1670@example.com,Data Analyst,Failed,99,96,88,74
Neha_1671,neha_1671@example.com,ML Engineer,Failed,81,41,73,85
Sneha_1672,sneha_1672@example.com,Data Analyst,Pending,66,89,70,73
Riya_1673,riya_1673@example.com,Backend Developer,Passed,98,89,83,76
Vikram_1674,vikram_1674@example.com,Data Analyst,Pending,61,69,82,49
Rahul_1675,rahul_1675@example.com,ML Engineer,Pending,65,70,87,62
Arjun_1676,arjun_1676@example.com,Frontend Developer,Passed,48,41,82,70
Rahul_1677,rahul_1677@example.com,Backend Developer,Pending,68,85,98,99
Arjun_1678,arjun_1678@example.com,Data Analyst,Passed,60,55,63,93
Arjun_1679,arjun_1679@example.com,Backend Developer,Passed,52,58,54,61
Riya_1680,riya_1680@example.com,Data Analyst,Passed,43,41,100,58
Rahul_1681,rahul_1681@example.com,Product Manager,Pending,58,93,70,95
Pooja_1682,pooja_1682@example.com,Frontend Developer,Passed,81,54,97,83
Anmol_1683,anmol_1683@example.com,Product Manager,Pending,41,79,44,88
Arjun_1684,arjun_1684@example.com,Frontend Developer,Failed,59,99,49,90
Anmol_1685,anmol_1685@example.com,Data Analyst,Pending,73,54,99,94
Pooja_1686,pooja_1686@example.com,ML Engineer,Passed,90,89,47,73
Arjun_1687,arjun_1687@example.com,Data Analyst,Pending,55,97,88,85
Sneha_1688,sneha_1688@example.com,ML Engineer,Passed,48,66,61,60
Amit_1689,amit_1689@example.com,Backend Developer,Failed,96,85,68,99
Karan_1690,karan_1690@example.com,Frontend Developer,Pending,83,65,71,54
Anmol_1691,anmol_1691@example.com,ML Engineer,Pending,76,59,82,78
Amit_1692,amit_1692@example.com,Data Analyst,Pending,76,90,64,73
Karan_1693,karan_1693@example.com,Product Manager,Pending,91,83,58,66
Pooja_1694,pooja_1694@example.com,Product Manager,Failed,83,40,83,93
Pooja_1695,pooja_1695@example.com,Product Manager,Pending,60,60,88,74
Karan_1696,karan_1696@example.com,Data Analyst,Failed,100,41,47,84
Karan_1697,karan_1697@example.com,Frontend Developer,Pending,55,100,59,56
Anmol_1698,anmol_1698@example.com,Frontend Developer,Passed,92,80,95,83
Rahul_1699,rahul_1699@example.com,ML Engineer,Failed,82,92,54,45
Anmol_1700,anmol_1700@example.com,Product Manager,Pending,68,78,65,60
Anmol_1701,anmol_1701@example.com,Frontend Developer,Failed,51,86,90,53
Riya_1702,riya_1702@example.com,Backend Developer,Passed,80,49,48,83
Karan_1703,karan_1703@example.com,Backend Developer,Failed,92,73,92,43
Vikram_1704,vikram_1704@example.com,Product Manager,Pending,65,62,58,86
Vikram_1705,vikram_1705@example.com,Product Manager,Failed,72,64,42,97
Anmol_1706,anmol_1706@example.com,Product Manager,Pending,90,90,82,77
Sneha_1707,sneha_1707@example.com,Backend Developer,Passed,82,85,88,58
Riya_1708,riya_1708@example.com,Backend Developer,Pending,67,43,68,72
Neha_1709,neha_1709@example.com,Data Analyst,Failed,97,61,95,54
Neha_1710,neha_1710@example.com,ML Engineer,Failed,61,50,64,41
Vikram_1711,vikram_1711@example.com,Backend Developer,Passed,86,92,100,41
Anmol_1712,anmol_1712@example.com,ML Engineer,Passed,78,44,69,72
Rahul_1713,rahul_1713@example.com,Data Analyst,Failed,91,48,90,65
Sneha_1714,sneha_1714@example.com,Product Manager,Failed,79,70,95,74
Arjun_1715,arjun_1715@example.com,ML Engineer,Failed,54,46,68,81
Pooja_1716,pooja_1716@example.com,Frontend Developer,Pending,48,95,43,90
Rahul_1717,rahul_1717@example.com,Backend Developer,Pending,56,72,78,94
Pooja_1718,pooja_1718@example.com,ML Engineer,Passed,61,99,51,72
Amit_1719,amit_1719@example.com,ML Engineer,Pending,55,72,90,92
Sneha_1720,sneha_1720@example.com,ML Engineer,Failed,49,79,74,68
Karan_1721,karan_1721@example.com,Backend Developer,Pending,83,48,63,54
Anmol_1722,anmol_1722@example.com,Backend Developer,Failed,53,77,49,96
Vikram_1723,vikram_1723@example.com,Frontend Developer,Passed,90,52,87,61
Vikram_1724,vikram_1724@example.com,ML Engineer,Pending,70,81,64,53
Rahul_1725,rahul_1725@example.com,Data Analyst,Passed,49,79,78,99
Amit_1726,amit_1726@example.com,Product Manager,Failed,75,56,41,79
Anmol_1727,anmol_1727@example.com,Data Analyst,Failed,44,84,66,64
Vikram_1728,vikram_1728@example.com,Product Manager,Passed,51,65,62,97
Karan_1729,karan_1729@example.com,Backend Developer,Passed,49,81,91,50
Arjun_1730,arjun_1730@example.com,Backend Developer,Failed,60,91,68,45
Riya_1731,riya_1731@example.com,Backend Developer,Pending,44,64,87,68
Rahul_1732,rahul_1732@example.com,Product Manager,Pending,63,99,73,43
Neha_1733,neha_1733@example.com,Frontend Developer,Passed,65,51,57,55
Anmol_1734,anmol_1734@example.com,Frontend Developer,Passed,51,70,46,100
Arjun_1735,arjun_1735@example.com,Data Analyst,Passed,46,48,95,46
Arjun_1736,arjun_1736@example.com,ML Engineer,Passed,96,74,74,58
Pooja_1737,pooja_1737@example.com,Product Manager,Pending,76,55,54,73
Rahul_1738,rahul_1738@example.com,Data Analyst,Passed,88,73,76,57
Neha_1739,neha_1739@example.com,Frontend Developer,Passed,97,100,63,79
Arjun_1740,arjun_1740@example.com,Data Analyst,Pending,62,43,56,85
Amit_1741,amit_1741@example.com,ML Engineer,Failed,64,78,63,72
Arjun_1742,arjun_1742@example.com,Backend Developer,Failed,61,95,100,67
Rahul_1743,rahul_1743@example.com,ML Engineer,Pending,55,66,67,70
Arjun_1744,arjun_1744@example.com,ML Engineer,Failed,70,70,46,94
Arjun_1745,arjun_1745@example.com,Backend Developer,Passed,91,89,78,65
Riya_1746,riya_1746@example.com,Product Manager,Pending,69,88,68,48
Sneha_1747,sneha_1747@example.com,ML Engineer,Pending,90,86,91,47
Arjun_1748,arjun_1748@example.com,Backend Developer,Pending,82,46,96,83
Vikram_1749,vikram_1749@example.com,Product Manager,Failed,71,44,46,67
Riya_1750,riya_1750@example.com,Backend Developer,Failed,62,66,49,42
Anmol_1751,anmol_1751@example.com,ML Engineer,Failed,74,90,99,100
Sneha_1752,sneha_1752@example.com,Frontend Developer,Pending,75,92,62,76
Arjun_1753,arjun_1753@example.com,Backend Developer,Failed,78,42,44,53
Anmol_1754,anmol_1754@example.com,Data Analyst,Failed,49,83,45,58
Neha_1755,neha_1755@example.com,Product Manager,Failed,64,51,81,59
Pooja_1756,pooja_1756@example.com,Backend Developer,Pending,85,91,60,98
Sneha_1757,sneha_1757@example.com,Frontend Developer,Failed,81,98,50,74
Pooja_1758,pooja_1758@example.com,Product Manager,Failed,42,98,91,48
Arjun_1759,arjun_1759@example.com,Backend Developer,Passed,75,74,44,58
Anmol_1760,anmol_1760@example.com,Backend Developer,Pending,82,45,92,94
Anmol_1761,anmol_1761@example.com,Frontend Developer,Passed,87,78,65,66
Anmol_1762,anmol_1762@example.com,Data Analyst,Passed,87,57,81,75
Karan_1763,karan_1763@example.com,Backend Developer,Pending,40,59,59,43
Sneha_1764,sneha_1764@example.com,ML Engineer,Passed,89,83,44,85
Pooja_1765,pooja_1765@example.com,Frontend Developer,Pending,82,60,77,80
Neha_1766,neha_1766@example.com,ML Engineer,Pending,79,50,95,48
Arjun_1767,arjun_1767@example.com,Backend Developer,Passed,78,68,76,86
Neha_1768,neha_1768@example.com,Backend Developer,Passed,44,54,85,70
Sneha_1769,sneha_1769@example.com,ML Engineer,Failed,85,90,50,49
Neha_1770,neha_1770@example.com,Product Manager,Passed,97,74,85,90
Pooja_1771,pooja_1771@example.com,ML Engineer,Failed,68,68,61,48
Vikram_1772,vikram_1772@example.com,Product Manager,Passed,79,84,83,50
Anmol_1773,anmol_1773@example.com,Frontend Developer,Failed,46,84,73,54
Neha_1774,neha_1774@example.com,Data Analyst,Pending,55,69,87,98
Neha_1775,neha_1775@example.com,ML Engineer,Passed,98,64,55,71
Anmol_1776,anmol_1776@example.com,ML Engineer,Passed,44,84,84,68
Karan_1777,karan_1777@example.com,Frontend Developer,Passed,46,78,75,42
Arjun_1778,arjun_1778@example.com,ML Engineer,Pending,50,48,76,73
Pooja_1779,pooja_1779@example.com,Data Analyst,Pending,63,43,44,93
Rahul_1780,rahul_1780@example.com,ML Engineer,Failed,73,88,79,48
Amit_1781,amit_1781@example.com,Product Manager,Pending,49,92,93,76
Neha_1782,neha_1782@example.com,ML Engineer,Passed,58,54,58,65
Anmol_1783,anmol_1783@example.com,Frontend Developer,Failed,85,43,48,87
Sneha_1784,sneha_1784@example.com,Data Analyst,Failed,51,47,71,79
Riya_1785,riya_1785@example.com,Data Analyst,Failed,49,85,92,53
Karan_1786,karan_1786@example.com,Data Analyst,Passed,96,54,74,59
Neha_1787,neha_1787@example.com,Product Manager,Passed,84,84,96,45
Pooja_1788,pooja_1788@example.com,Frontend Developer,Failed,73,71,43,96
Neha_1789,neha_1789@example.com,Frontend Developer,Passed,100,65,49,84
Vikram_1790,vikram_1790@example.com,Product Manager,Failed,99,96,64,74
Karan_1791,karan_1791@example.com,ML Engineer,Failed,94,86,79,100
Pooja_1792,pooja_1792@example.com,Data Analyst,Failed,81,67,72,74
Sneha_1793,sneha_1793@example.com,ML Engineer,Pending,72,81,53,48
Karan_1794,karan_1794@example.com,Product Manager,Failed,59,40,73,56
Pooja_1795,pooja_1795@example.com,Data Analyst,Passed,70,46,93,49
Karan_1796,karan_1796@example.com,ML Engineer,Pending,68,76,96,62
Amit_1797,amit_1797@example.com,Frontend Developer,Failed,74,51,55,79
Anmol_1798,anmol_1798@example.com,ML Engineer,Pending,85,73,68,73
Sneha_1799,sneha_1799@example.com,ML Engineer,Pending,94,61,88,50
Riya_1800,riya_1800@example.com,ML Engineer,Failed,91,50,88,98
Karan_1801,karan_1801@example.com,Data Analyst,Failed,72,90,46,70
Amit_1802,amit_1802@example.com,Data Analyst,Passed,78,41,42,50
Amit_1803,amit_1803@example.com,Product Manager,Failed,46,54,55,81
Anmol_1804,anmol_1804@example.com,Data Analyst,Failed,68,81,43,79
Pooja_1805,pooja_1805@example.com,Backend Developer,Passed,67,52,85,59
Anmol_1806,anmol_1806@example.com,Product Manager,Failed,44,77,41,92
Arjun_1807,arjun_1807@example.com,Frontend Developer,Passed,50,100,88,76
Vikram_1808,vikram_1808@example.com,Backend Developer,Pending,58,95,77,99
Sneha_1809,sneha_1809@example.com,Backend Developer,Pending,41,88,84,85
Arjun_1810,arjun_1810@example.com,Backend Developer,Pending,88,85,82,48
Vikram_1811,vikram_1811@example.com,Backend Developer,Pending,49,42,50,44
Amit_1812,amit_1812@example.com,Data Analyst,Passed,97,68,88,84
Arjun_1813,arjun_1813@example.com,Data Analyst,Pending,79,64,100,42
Riya_1814,riya_1814@example.com,Frontend Developer,Pending,80,59,49,68
Karan_1815,karan_1815@example.com,Backend Developer,Pending,40,54,66,76
Amit_1816,amit_1816@example.com,Data Analyst,Failed,84,95,76,50
Arjun_1817,arjun_1817@example.com,Data Analyst,Failed,64,54,54,62
Anmol_1818,anmol_1818@example.com,ML Engineer,Failed,100,53,69,61
Sneha_1819,sneha_1819@example.com,Data Analyst,Pending,78,71,100,84
Karan_1820,karan_1820@example.com,Data Analyst,Failed,94,88,85,67
Karan_1821,karan_1821@example.com,Frontend Developer,Passed,99,73,89,57
Sneha_1822,sneha_1822@example.com,ML Engineer,Passed,69,55,92,90
Karan_1823,karan_1823@example.com,Product Manager,Pending,59,61,97,86
Rahul_1824,rahul_1824@example.com,ML Engineer,Pending,72,66,72,80
Pooja_1825,pooja_1825@example.com,ML Engineer,Failed,61,57,40,87
Karan_1826,karan_1826@example.com,Backend Developer,Pending,42,42,54,61
Vikram_1827,vikram_1827@example.com,ML Engineer,Passed,56,92,81,44
Amit_1828,amit_1828@example.com,Product Manager,Pending,60,60,97,76
Pooja_1829,pooja_1829@example.com,Data Analyst,Failed,46,67,40,50
Vikram_1830,vikram_1830@example.com,Product Manager,Pending,83,57,96,72
Amit_1831,amit_1831@example.com,ML Engineer,Failed,68,81,85,47
Pooja_1832,pooja_1832@example.com,Frontend Developer,Pending,53,94,50,53
Sneha_1833,sneha_1833@example.com,Frontend Developer,Failed,91,80,54,96
Karan_1834,karan_1834@example.com,Frontend Developer,Passed,40,96,60,79
Arjun_1835,arjun_1835@example.com,Data Analyst,Pending,46,60,66,48
Neha_1836,neha_1836@example.com,Frontend Developer,Passed,65,99,61,44
Pooja_1837,pooja_1837@example.com,Data Analyst,Passed,84,48,59,66
Sneha_1838,sneha_1838@example.com,Backend Developer,Pending,94,100,44,40
Rahul_1839,rahul_1839@example.com,Data Analyst,Failed,80,56,67,99
Riya_1840,riya_1840@example.com,Data Analyst,Passed,58,51,96,69
Vikram_1841,vikram_1841@example.com,Data Analyst,Failed,56,85,51,73
Arjun_1842,arjun_1842@example.com,Data Analyst,Pending,95,67,46,73
Sneha_1843,sneha_1843@example.com,ML Engineer,Failed,49,44,87,90
Riya_1844,riya_1844@example.com,ML Engineer,Failed,81,57,78,83
Anmol_1845,anmol_1845@example.com,Frontend Developer,Passed,86,43,45,73
Riya_1846,riya_1846@example.com,Data Analyst,Pending,61,74,49,80
Amit_1847,amit_1847@example.com,ML Engineer,Passed,58,40,42,98
Amit_1848,amit_1848@example.com,Backend Developer,Pending,41,95,60,60
Karan_1849,karan_1849@example.com,Product Manager,Failed,79,79,64,97
Amit_1850,amit_1850@example.com,Data Analyst,Pending,95,83,61,64
Neha_1851,neha_1851@example.com,Frontend Developer,Pending,95,68,61,92
Vikram_1852,vikram_1852@example.com,ML Engineer,Pending,82,86,74,50
Vikram_1853,vikram_1853@example.com,Backend Developer,Passed,45,58,79,48
Vikram_1854,vikram_1854@example.com,Frontend Developer,Passed,44,63,50,95
Anmol_1855,anmol_1855@example.com,Data Analyst,Pending,78,71,55,59
Amit_1856,amit_1856@example.com,Backend Developer,Pending,85,100,67,48
Neha_1857,neha_1857@example.com,Frontend Developer,Failed,73,67,50,98
Riya_1858,riya_1858@example.com,ML Engineer,Passed,65,68,81,89
Amit_1859,amit_1859@example.com,Backend Developer,Failed,90,44,54,54
Sneha_1860,sneha_1860@example.com,Data Analyst,Passed,47,87,66,48
Anmol_1861,anmol_1861@example.com,Product Manager,Pending,46,85,79,77
Arjun_1862,arjun_1862@example.com,Backend Developer,Pending,100,50,73,83
Neha_1863,neha_1863@example.com,Backend Developer,Pending,73,95,71,66
Pooja_1864,pooja_1864@example.com,Product Manager,Failed,87,89,91,41
Anmol_1865,anmol_1865@example.com,Frontend Developer,Pending,49,45,72,78
Arjun_1866,arjun_1866@example.com,Data Analyst,Passed,45,77,65,49
Neha_1867,neha_1867@example.com,ML Engineer,Pending,76,65,52,75
Anmol_1868,anmol_1868@example.com,ML Engineer,Passed,64,44,54,42
Pooja_1869,pooja_1869@example.com,Backend Developer,Passed,81,80,47,42
Pooja_1870,pooja_1870@example.com,Data Analyst,Pending,59,55,99,99
Pooja_1871,pooja_1871@example.com,Backend Developer,Failed,56,99,68,41
Vikram_1872,vikram_1872@example.com,Data Analyst,Pending,99,96,49,83
Anmol_1873,anmol_1873@example.com,ML Engineer,Passed,82,54,65,42
Riya_1874,riya_1874@example.com,Backend Developer,Failed,83,58,81,91
Pooja_1875,pooja_1875@example.com,ML Engineer,Failed,49,89,42,100
Arjun_1876,arjun_1876@example.com,Backend Developer,Pending,47,76,88,69
Amit_1877,amit_1877@example.com,Product Manager,Pending,46,48,61,64
Vikram_1878,vikram_1878@example.com,Backend Developer,Failed,42,65,93,55
Rahul_1879,rahul_1879@example.com,Data Analyst,Failed,42,46,89,90
Arjun_1880,arjun_1880@example.com,ML Engineer,Passed,100,97,46,58
Karan_1881,karan_1881@example.com,Data Analyst,Passed,94,60,61,92
Anmol_1882,anmol_1882@example.com,Product Manager,Failed,54,42,63,91
Rahul_1883,rahul_1883@example.com,Data Analyst,Pending,81,75,60,48
Karan_1884,karan_1884@example.com,Data Analyst,Passed,47,98,73,90
Karan_1885,karan_1885@example.com,Product Manager,Pending,81,99,81,65
Karan_1886,karan_1886@example.com,Frontend Developer,Failed,52,82,89,68
Neha_1887,neha_1887@example.com,ML Engineer,Passed,82,95,53,42
Vikram_1888,vikram_1888@example.com,Data Analyst,Passed,93,81,90,45
Arjun_1889,arjun_1889@example.com,Data Analyst,Passed,67,61,51,69
Sneha_1890,sneha_1890@example.com,ML Engineer,Pending,54,40,65,48
Neha_1891,neha_1891@example.com,Data Analyst,Pending,50,77,44,47
Riya_1892,riya_1892@example.com,Data Analyst,Failed,50,61,94,59
Anmol_1893,anmol_1893@example.com,Backend Developer,Passed,75,96,84,52
Amit_1894,amit_1894@example.com,Data Analyst,Pending,96,81,82,77
Sneha_1895,sneha_1895@example.com,ML Engineer,Passed,65,64,100,82
Riya_1896,riya_1896@example.com,Product Manager,Pending,56,68,74,65
Anmol_1897,anmol_1897@example.com,Product Manager,Passed,55,52,77,49
Vikram_1898,vikram_1898@example.com,Product Manager,Failed,44,55,53,89
Anmol_1899,anmol_1899@example.com,Frontend Developer,Passed,54,81,93,89
Karan_1900,karan_1900@example.com,ML Engineer,Passed,61,48,65,63
Anmol_1901,anmol_1901@example.com,Backend Developer,Pending,79,67,93,49
Vikram_1902,vikram_1902@example.com,Backend Developer,Passed,60,59,42,91
Rahul_1903,rahul_1903@example.com,Data Analyst,Passed,87,43,66,50
Anmol_1904,anmol_1904@example.com,Frontend Developer,Pending,40,49,61,63
Anmol_1905,anmol_1905@example.com,Product Manager,Failed,91,52,66,71
Sneha_1906,sneha_1906@example.com,Frontend Developer,Pending,94,92,80,70
Sneha_1907,sneha_1907@example.com,ML Engineer,Pending,91,70,60,75
Pooja_1908,pooja_1908@example.com,Frontend Developer,Passed,89,68,94,75
Pooja_1909,pooja_1909@example.com,ML Engineer,Failed,65,94,85,47
Pooja_1910,pooja_1910@example.com,ML Engineer,Passed,78,85,90,58
Vikram_1911,vikram_1911@example.com,Data Analyst,Pending,93,98,82,95
Neha_1912,neha_1912@example.com,Data Analyst,Failed,64,91,78,47
Pooja_1913,pooja_1913@example.com,Product Manager,Passed,89,51,49,65
Arjun_1914,arjun_1914@example.com,ML Engineer,Pending,50,82,77,84
Riya_1915,riya_1915@example.com,ML Engineer,Passed,62,46,51,60
Sneha_1916,sneha_1916@example.com,Data Analyst,Pending,56,82,89,85
Arjun_1917,arjun_1917@example.com,Frontend Developer,Passed,85,83,64,45
Vikram_1918,vikram_1918@example.com,Frontend Developer,Pending,76,92,42,58
Arjun_1919,arjun_1919@example.com,Frontend Developer,Failed,95,77,99,79
Neha_1920,neha_1920@example.com,Frontend Developer,Passed,71,68,61,92
Rahul_1921,rahul_1921@example.com,Data Analyst,Failed,84,89,88,90
Arjun_1922,arjun_1922@example.com,Frontend Developer,Failed,98,56,85,46
Karan_1923,karan_1923@example.com,Backend Developer,Failed,47,47,41,63
Riya_1924,riya_1924@example.com,Product Manager,Failed,69,46,96,49
Pooja_1925,pooja_1925@example.com,Data Analyst,Passed,75,67,75,90
Amit_1926,amit_1926@example.com,Data Analyst,Passed,70,68,90,81
Neha_1927,neha_1927@example.com,Backend Developer,Passed,68,69,97,56
Amit_1928,amit_1928@example.com,Frontend Developer,Passed,81,64,51,49
Sneha_1929,sneha_1929@example.com,Data Analyst,Failed,50,62,83,50
Rahul_1930,rahul_1930@example.com,Data Analyst,Pending,72,88,44,75
Amit_1931,amit_1931@example.com,Backend Developer,Failed,83,99,95,76
Arjun_1932,arjun_1932@example.com,Frontend Developer,Passed,41,54,91,50
Rahul_1933,rahul_1933@example.com,ML Engineer,Pending,71,79,70,56
Anmol_1934,anmol_1934@example.com,Data Analyst,Passed,85,85,54,47
Pooja_1935,pooja_1935@example.com,Backend Developer,Pending,72,73,51,40
Arjun_1936,arjun_1936@example.com,Backend Developer,Failed,96,46,60,46
Riya_1937,riya_1937@example.com,Product Manager,Failed,93,64,50,75
Riya_1938,riya_1938@example.com,Data Analyst,Passed,67,42,89,51
Riya_1939,riya_1939@example.com,Product Manager,Passed,49,50,71,64
Karan_1940,karan_1940@example.com,ML Engineer,Failed,83,97,57,57
Karan_1941,karan_1941@example.com,Frontend Developer,Pending,56,76,54,47
Anmol_1942,anmol_1942@example.com,Product Manager,Pending,97,55,45,98
Neha_1943,neha_1943@example.com,Data Analyst,Failed,74,56,44,42
Rahul_1944,rahul_1944@example.com,Product Manager,Pending,68,56,80,54
Vikram_1945,vikram_1945@example.com,Data Analyst,Pending,88,91,92,87
Rahul_1946,rahul_1946@example.com,Frontend Developer,Passed,54,57,80,57
Sneha_1947,sneha_1947@example.com,Data Analyst,Failed,42,83,72,98
Rahul_1948,rahul_1948@example.com,ML Engineer,Passed,98,67,70,92
Sneha_1949,sneha_1949@example.com,Product Manager,Pending,58,64,63,74
Riya_1950,riya_1950@example.com,Backend Developer,Passed,83,97,98,86
Riya_1951,riya_1951@example.com,Backend Developer,Pending,91,41,45,77
Riya_1952,riya_1952@example.com,Product Manager,Failed,79,57,84,44
Arjun_1953,arjun_1953@example.com,Data Analyst,Pending,71,54,46,60
Arjun_1954,arjun_1954@example.com,Frontend Developer,Pending,90,81,78,69
Arjun_1955,arjun_1955@example.com,Data Analyst,Passed,65,100,68,46
Pooja_1956,pooja_1956@example.com,Product Manager,Passed,84,64,69,72
Karan_1957,karan_1957@example.com,Backend Developer,Passed,79,73,99,51
Amit_1958,amit_1958@example.com,Backend Developer,Pending,91,65,42,58
Rahul_1959,rahul_1959@example.com,Data Analyst,Pending,72,91,59,56
Riya_1960,riya_1960@example.com,ML Engineer,Passed,70,74,52,99
Arjun_1961,arjun_1961@example.com,Backend Developer,Passed,99,75,80,85
Arjun_1962,arjun_1962@example.com,Data Analyst,Failed,79,86,60,86
Vikram_1963,vikram_1963@example.com,Data Analyst,Passed,84,59,55,97
Rahul_1964,rahul_1964@example.com,Backend Developer,Pending,53,69,74,81
Riya_1965,riya_1965@example.com,Product Manager,Passed,60,48,90,97
Riya_1966,riya_1966@example.com,ML Engineer,Passed,47,45,98,55
Neha_1967,neha_1967@example.com,Data Analyst,Failed,77,83,54,77
Neha_1968,neha_1968@example.com,Product Manager,Passed,63,86,40,81
Riya_1969,riya_1969@example.com,Product Manager,Failed,53,49,77,79
Amit_1970,amit_1970@example.com,Data Analyst,Failed,91,86,68,49
Pooja_1971,pooja_1971@example.com,ML Engineer,Failed,48,44,88,92
Vikram_1972,vikram_1972@example.com,ML Engineer,Pending,84,60,49,92
Sneha_1973,sneha_1973@example.com,Data Analyst,Failed,55,70,69,72
Amit_1974,amit_1974@example.com,Backend Developer,Pending,82,65,59,43
Pooja_1975,pooja_1975@example.com,ML Engineer,Passed,69,80,88,63
Anmol_1976,anmol_1976@example.com,Data Analyst,Passed,56,86,88,94
Arjun_1977,arjun_1977@example.com,Product Manager,Passed,92,70,93,73
Neha_1978,neha_1978@example.com,Frontend Developer,Pending,77,46,70,58
Karan_1979,karan_1979@example.com,ML Engineer,Passed,52,95,69,62
Anmol_1980,anmol_1980@example.com,Data Analyst,Passed,86,63,46,63
Neha_1981,neha_1981@example.com,Product Manager,Failed,82,83,84,88
Arjun_1982,arjun_1982@example.com,Backend Developer,Failed,58,51,46,76
Sneha_1983,sneha_1983@example.com,Frontend Developer,Pending,48,48,53,51
Pooja_1984,pooja_1984@example.com,ML Engineer,Failed,53,62,89,68
Pooja_1985,pooja_1985@example.com,Frontend Developer,Failed,60,62,85,75
Amit_1986,amit_1986@example.com,Data Analyst,Passed,47,62,69,97
Vikram_1987,vikram_1987@example.com,Frontend Developer,Pending,99,91,77,93
Anmol_1988,anmol_1988@example.com,Data Analyst,Failed,49,60,61,71
Arjun_1989,arjun_1989@example.com,Frontend Developer,Passed,53,79,82,83
Arjun_1990,arjun_1990@example.com,Frontend Developer,Passed,61,44,59,49
Neha_1991,neha_1991@example.com,Data Analyst,Passed,66,100,94,59
Pooja_1992,pooja_1992@example.com,Backend Developer,Pending,92,95,66,51
Pooja_1993,pooja_1993@example.com,Product Manager,Passed,64,47,74,61
Amit_1994,amit_1994@example.com,Backend Developer,Failed,51,71,47,61
Neha_1995,neha_1995@example.com,ML Engineer,Failed,83,86,45,95
Rahul_1996,rahul_1996@example.com,Backend Developer,Failed,84,46,62,94
Pooja_1997,pooja_1997@example.com,ML Engineer,Failed,94,67,83,93
Karan_1998,karan_1998@example.com,Backend Developer,Failed,79,100,72,100
Pooja_1999,pooja_1999@example.com,Data Analyst,Failed,50,59,77,79
Anmol_2000,anmol_2000@example.com,Backend Developer,Failed,50,46,63,49
Vikram_2001,vikram_2001@example.com,Product Manager,Pending,74,99,65,96
Sneha_2002,sneha_2002@example.com,Product Manager,Passed,90,48,62,67
Rahul_2003,rahul_2003@example.com,Backend Developer,Pending,95,68,42,95
Amit_2004,amit_2004@example.com,Backend Developer,Passed,68,44,59,91
Amit_2005,amit_2005@example.com,ML Engineer,Passed,70,69,52,66
Rahul_2006,rahul_2006@example.com,ML Engineer,Passed,44,42,77,51
Arjun_2007,arjun_2007@example.com,Frontend Developer,Failed,78,57,64,41
Amit_2008,amit_2008@example.com,Backend Developer,Failed,78,53,48,95
Pooja_2009,pooja_2009@example.com,Data Analyst,Pending,91,71,81,94
Arjun_2010,arjun_2010@example.com,Product Manager,Failed,42,65,88,92
Rahul_2011,rahul_2011@example.com,Frontend Developer,Failed,42,69,64,63
Anmol_2012,anmol_2012@example.com,Product Manager,Passed,71,87,51,82
Vikram_2013,vikram_2013@example.com,Data Analyst,Pending,42,73,87,82
Pooja_2014,pooja_2014@example.com,Backend Developer,Failed,94,47,80,46
Anmol_2015,anmol_2015@example.com,Data Analyst,Failed,47,75,41,67
Karan_2016,karan_2016@example.com,Frontend Developer,Pending,55,78,61,40
Arjun_2017,arjun_2017@example.com,Backend Developer,Pending,46,41,94,80
Riya_2018,riya_2018@example.com,Frontend Developer,Pending,100,51,42,89
Neha_2019,neha_2019@example.com,Data Analyst,Passed,93,62,71,65
Amit_2020,amit_2020@example.com,Data Analyst,Failed,97,73,54,49
Pooja_2021,pooja_2021@example.com,Frontend Developer,Pending,70,88,72,51
Arjun_2022,arjun_2022@example.com,Data Analyst,Passed,61,48,46,48
Amit_2023,amit_2023@example.com,Data Analyst,Failed,97,46,63,99
Pooja_2024,pooja_2024@example.com,Backend Developer,Failed,63,92,53,43
Karan_2025,karan_2025@example.com,Product Manager,Pending,50,91,43,66
Karan_2026,karan_2026@example.com,Product Manager,Passed,44,44,80,67
Arjun_2027,arjun_2027@example.com,ML Engineer,Passed,99,69,86,100
Riya_2028,riya_2028@example.com,ML Engineer,Passed,48,76,51,51
Pooja_2029,pooja_2029@example.com,Backend Developer,Failed,44,99,76,81
Rahul_2030,rahul_2030@example.com,Frontend Developer,Pending,93,50,45,93
Karan_2031,karan_2031@example.com,ML Engineer,Passed,94,40,65,70
Rahul_2032,rahul_2032@example.com,Frontend Developer,Pending,58,63,49,72
Arjun_2033,arjun_2033@example.com,Frontend Developer,Passed,53,78,49,90
Neha_2034,neha_2034@example.com,Backend Developer,Passed,71,54,88,53
Karan_2035,karan_2035@example.com,Data Analyst,Failed,63,95,95,77
Pooja_2036,pooja_2036@example.com,Backend Developer,Failed,40,62,86,46
Pooja_2037,pooja_2037@example.com,Product Manager,Pending,74,60,89,76
Rahul_2038,rahul_2038@example.com,Product Manager,Pending,79,93,64,83
Amit_2039,amit_2039@example.com,Frontend Developer,Passed,42,71,45,100
Riya_2040,riya_2040@example.com,Backend Developer,Passed,78,88,78,54
Neha_2041,neha_2041@example.com,Frontend Developer,Passed,59,78,85,100
Pooja_2042,pooja_2042@example.com,ML Engineer,Pending,74,95,97,42
Rahul_2043,rahul_2043@example.com,ML Engineer,Passed,75,43,71,98
Pooja_2044,pooja_2044@example.com,Data Analyst,Failed,80,65,59,86
Pooja_2045,pooja_2045@example.com,Frontend Developer,Passed,80,56,54,88
Neha_2046,neha_2046@example.com,Data Analyst,Failed,81,75,56,88
Amit_2047,amit_2047@example.com,Backend Developer,Pending,92,86,86,94
Amit_2048,amit_2048@example.com,ML Engineer,Pending,61,83,43,63
Sneha_2049,sneha_2049@example.com,Data Analyst,Failed,56,53,96,68
Pooja_2050,pooja_2050@example.com,Backend Developer,Failed,99,62,96,78
Karan_2051,karan_2051@example.com,Frontend Developer,Pending,84,72,66,90
Vikram_2052,vikram_2052@example.com,Backend Developer,Failed,42,69,72,52
Karan_2053,karan_2053@example.com,Frontend Developer,Passed,97,74,86,60
Sneha_2054,sneha_2054@example.com,Product Manager,Passed,53,56,80,62
Neha_2055,neha_2055@example.com,Frontend Developer,Pending,66,62,63,92
Arjun_2056,arjun_2056@example.com,Product Manager,Pending,69,94,57,87
Vikram_2057,vikram_2057@example.com,ML Engineer,Failed,78,67,62,76
Amit_2058,amit_2058@example.com,Backend Developer,Failed,65,56,76,64
Sneha_2059,sneha_2059@example.com,ML Engineer,Failed,50,83,54,50
Amit_2060,amit_2060@example.com,Backend Developer,Pending,65,44,85,53
Amit_2061,amit_2061@example.com,Data Analyst,Passed,80,46,84,43
Pooja_2062,pooja_2062@example.com,Data Analyst,Pending,64,65,61,99
Amit_2063,amit_2063@example.com,Frontend Developer,Failed,94,55,63,71
Neha_2064,neha_2064@example.com,Product Manager,Failed,53,50,83,51
Sneha_2065,sneha_2065@example.com,Backend Developer,Failed,42,62,72,49
Arjun_2066,arjun_2066@example.com,Data Analyst,Failed,73,63,80,45
Vikram_2067,vikram_2067@example.com,Frontend Developer,Pending,89,83,43,85
Neha_2068,neha_2068@example.com,Frontend Developer,Failed,82,55,79,99
Vikram_2069,vikram_2069@example.com,Backend Developer,Failed,96,86,51,89
Anmol_2070,anmol_2070@example.com,Product Manager,Failed,99,84,49,95
Amit_2071,amit_2071@example.com,ML Engineer,Failed,47,67,84,63
Pooja_2072,pooja_2072@example.com,Backend Developer,Passed,97,84,73,54
Neha_2073,neha_2073@example.com,Frontend Developer,Failed,45,41,84,83
Rahul_2074,rahul_2074@example.com,Frontend Developer,Pending,99,62,78,73
Neha_2075,neha_2075@example.com,Frontend Developer,Passed,81,87,41,81
Anmol_2076,anmol_2076@example.com,ML Engineer,Failed,83,50,51,42
Karan_2077,karan_2077@example.com,Product Manager,Failed,55,81,52,78
Sneha_2078,sneha_2078@example.com,Frontend Developer,Passed,73,93,56,86
Sneha_2079,sneha_2079@example.com,ML Engineer,Failed,89,75,93,97
Anmol_2080,anmol_2080@example.com,Product Manager,Passed,72,87,79,62
Pooja_2081,pooja_2081@example.com,Backend Developer,Failed,79,79,84,81
Arjun_2082,arjun_2082@example.com,Frontend Developer,Failed,90,41,83,82
Rahul_2083,rahul_2083@example.com,Backend Developer,Failed,76,59,89,79
Anmol_2084,anmol_2084@example.com,Product Manager,Failed,44,58,63,68
Anmol_2085,anmol_2085@example.com,ML Engineer,Pending,85,76,67,74
Neha_2086,neha_2086@example.com,Frontend Developer,Pending,85,72,74,86
Rahul_2087,rahul_2087@example.com,Frontend Developer,Passed,62,45,64,88
Neha_2088,neha_2088@example.com,Product Manager,Failed,67,77,70,51
Sneha_2089,sneha_2089@example.com,Frontend Developer,Failed,93,67,44,82
Amit_2090,amit_2090@example.com,Product Manager,Passed,90,98,46,72
Vikram_2091,vikram_2091@example.com,Frontend Developer,Pending,65,61,62,53
Vikram_2092,vikram_2092@example.com,Data Analyst,Failed,48,82,42,55
Arjun_2093,arjun_2093@example.com,Frontend Developer,Failed,54,68,65,89
Pooja_2094,pooja_2094@example.com,Data Analyst,Failed,85,69,85,57
Riya_2095,riya_2095@example.com,Product Manager,Failed,98,77,72,60
Vikram_2096,vikram_2096@example.com,ML Engineer,Failed,83,95,70,98
Amit_2097,amit_2097@example.com,Backend Developer,Passed,48,100,58,72
Arjun_2098,arjun_2098@example.com,Product Manager,Passed,77,68,43,75
Pooja_2099,pooja_2099@example.com,Product Manager,Passed,75,59,79,61
